gid,place_name,lat,lon,case_number,date_start,status_news,status_patient,description,ref_sources,link_news,tb_code,tb_th,ap_th,pro_th,postcode,age,gender
835,Timeline ผู้ป่วยติดเชื้อ โควิดกรุงเทพ รายที่ 702,13.86746725,100.4526896,1,2021-01-24,ไม่ระบุพิกัด,Timeline ที่ผู้ป่วยเคยมา,ผู้ป่วยรายที่ 702 หญิง อายุ 63 ปี ไม่ประกอบอาชีพ,กรุงเทพมหานคร โดยสำนักงานประชาสัมพันธ์,https://www.facebook.com/prbangkok/photos/pcb.3206916606074605/3206915276074738,,บางรักน้อย,เมืองนนทบุรี,นนทบุรี,11000,63,หญิง
836,Timeline ผู้ป่วยติดเชื้อ โควิดกรุงเทพ รายที่ 703,13.86731361,100.4525367,1,2021-01-24,ไม่ระบุพิกัด,Timeline ที่ผู้ป่วยเคยมา,ผู้ป่วยรายที่ 703 ชาย นักเรียน,กรุงเทพมหานคร โดยสำนักงานประชาสัมพันธ์,https://www.facebook.com/prbangkok/photos/pcb.3206916606074605/3206915286074737,,บางรักน้อย,เมืองนนทบุรี,นนทบุรี,11000,,ชาย
834,Timeline ผู้ป่วยติดเชื้อ โควิดกรุงเทพ รายที่ 701,13.76544688,100.7250703,1,2021-01-24,ไม่ระบุพิกัด,Timeline ที่ผู้ป่วยเคยมา,ผู้ป่วยรายที่ 701 หญิงพนักงานบริษัท,กรุงเทพมหานคร โดยสำนักงานประชาสัมพันธ์,https://www.facebook.com/prbangkok/photos/pcb.3206916606074605/3206916042741328,,แขวง คลองสองต้นนุ่น,เขตลาดกระบัง,กรุงเทพมหานคร,10520,,หญิง
851,Timeline ผู้ป่วยติดเชื้อ โควิดมหาสารคาม รายที่ 6,16.20125755,103.2768632,1,2021-01-24,ไม่ระบุพิกัด,Timeline ที่ผู้ป่วยเคยมา,ผู้ป่วยรายที่ 6 หญิง อายุ 65 ปี,สนง.สาธารณสุข จังหวัด มหาสารคาม,https://www.facebook.com/photo?fbid=1430769987265976&set=pcb.1430771050599203,,ตลาด,เมืองมหาสารคาม,มหาสารคาม,44000,65,หญิง
819,Timeline ผู้ป่วยติดเชื้อ โควิดกรุงเทพ รายที่ 674,13.86745361,100.4526926,1,2021-01-24,ไม่ระบุพิกัด,Timeline ที่ผู้ป่วยเคยมา,ผู้ป่วยรายที่ 674 หญิง พนักงานบริษัท,กรุงเทพมหานคร โดยสำนักงานประชาสัมพันธ์,https://www.facebook.com/prbangkok/photos/pcb.3201620069937592/3201618286604437/,,บางรักน้อย,เมืองนนทบุรี,นนทบุรี,11000,,หญิง
785,ผู้ป่วยติดเชื้อ โควิดสมุทรสงคราม รายที่ 45,13.40627124,99.99796867,1,2021-01-24,ข่าวสาร,กำลังรักษา,รายที่ 45 ผู้ป่วยเพศชาย อายุ 56 ปี อาชีพ รับจ้างดูแลบ่อปลา และเลี้ยงปลา ที่อยู่ หมู่ 5 ต.แพรกหนามแดง อ.อัมพวา,Covid-19 จังหวัดสมุทรสงคราม,https://www.facebook.com/sskofficialcovid19/photos/a.114343656868405/245419433760826/,,แม่กลอง,เมืองสมุทรสงคราม,สมุทรสงคราม,75000,56,ชาย
821,Timeline ผู้ป่วยติดเชื้อ โควิดกรุงเทพ รายที่ 680,13.82627701,100.6790148,1,2021-01-24,ไม่ระบุพิกัด,Timeline ที่ผู้ป่วยเคยมา,ผู้ป่วยรายที่ 680 ชาย อาชีพทนาย,กรุงเทพมหานคร โดยสำนักงานประชาสัมพันธ์,https://www.facebook.com/prbangkok/photos/pcb.3201620069937592/3201618683271064,,แขวง คันนายาว,เขตคันนายาว,กรุงเทพมหานคร,10230,,ชาย
847,Timeline ผู้ป่วยติดเชื้อ โควิดมหาสารคาม รายที่ 11,16.17904133,103.3054127,1,2021-01-25,ไม่ระบุพิกัด,Timeline ที่ผู้ป่วยเคยมา,ผู้ป่วยรายที่ 11 ชาย อายุ 72 ปี,สนง.สาธารณสุข จังหวัด มหาสารคาม,https://www.facebook.com/photo?fbid=1431438013865840&set=pcb.1431442793865362,,ตลาด,เมืองมหาสารคาม,มหาสารคาม,44000,72,ชาย
810,ผู้ป่วยติดเชื้อ โควิดอยุธยา รายที่ 42,14.07331044,100.6149782,1,2021-01-25,ข่าวสาร,กำลังรักษา,ระลอกใหม่รายที่ 42 ชายไทยอายุ 59 ปี หมู่ 5 ต.บ้านนา อ.มหาราช จ.อยุธยา อาชีพขับรถส่งผักขาย,งานประชาสัมพันธ์ สสจ.อยุธยา,https://www.facebook.com/photo?fbid=1987597854716185&set=pcb.1987597874716183,,คลองหนึ่ง,คลองหลวง,ปทุมธานี,12120,59,ชาย
807,ผู้ป่วยติดเชื้อ โควิดเพชรบุรี รายที่ 31,13.40609899,99.99810731,1,2021-01-25,ข่าวสาร,กำลังรักษา,รายที่ 46 ผู้ป่วยเพศชาย อายุ 27 ปี (มีอาการ) สามีผู้ป่วยรายที่ 44 อาชีพ ขายปลาทูนึ่ง ที่อยู่ หมู่ 3 ต.แหลมใหญ่ อ.เมือง,Covid-19 จังหวัดสมุทรสงคราม,https://www.facebook.com/sskofficialcovid19/photos/a.114343656868405/245995930369843/,,แม่กลอง,เมืองสมุทรสงคราม,สมุทรสงคราม,75000,27,ชาย
804,Timeline ผู้ป่วยติดเชื้อ โควิดเพชรบุรี รายที่ 32,13.23939231,99.8256538,1,2021-01-25,ไม่ระบุพิกัด,Timeline ที่ผู้ป่วยเคยมา,รายที่ 32 เป็นหญิงชาวพม่าอายุ 41 ปีอยู่ตำบลสระพัง อำเภอเขาย้อย,ข่าวเด็ดเพชรบุรี,https://www.facebook.com/kaodedphetburi/photos/a.568468567005494/1080314962487516/,,ขาย้อย,เขาย้อย,เพชรบุรี,76140,41,หญิง
802,ผู้ป่วยติดเชื้อ โควิดนราธิวาส รายที่ 7,6.414712255,101.8237514,1,2021-01-25,ข่าวสาร,กำลังรักษา,รายที่ 7 เพศหญิง 23 ปี เดินทางกลับจากจังหวัดสมุทรสาคร ด้วยรถไฟ /รักษาตัวที่ รพ.นราธิวาสราชนครินทร์,สำนักงานสาธารณสุขจังหวัดนราธิวาส,https://www.facebook.com/NaraPublicHealth/photos/pcb.3835809216441743/3835809149775083,,บางนาค,เมืองนราธิวาส,นราธิวาส,96000,23,หญิง
808,ผู้ป่วยติดเชื้อ โควิดอ่างทอง รายที่ 117,14.5932932,100.3463765,1,2021-01-26,ข่าวสาร,กำลังรักษา,ผู้ป่วยรายที่ : 117 เพศ : ชาย สัญชาติ : ไทย อายุ : 45 ปี ต.บางจัก อ.วิเศษชัยชาญ,สำนักงานสาธารณสุขจังหวัดอ่างทอง,https://www.ato.moph.go.th/aeed/sites/default/files/2021-01/%E0%B8%A3%E0%B8%B2%E0%B8%A2%E0%B8%97%E0%B8%B5%E0%B9%88%20117.jpg,,ศาลเจ้าโรงทอง,วิเศษชัยชาญ,อ่างทอง,14110,45,ชาย
809,ผู้ป่วยติดเชื้อ โควิดอยุธยา รายที่ 43,14.53781454,100.5283131,1,2021-01-26,ข่าวสาร,กำลังรักษา,ระลอกใหม่รายที่ 43 หญิง อายุ 58 ปี อยู่หมู่ 5 ต.บ้านนา อ.มหาราช จ.อยุธยา อาชีพค้าขาย เป็นภรรยาของผู้ติดเชื้อระลอกใหม่ รายที่ 42,งานประชาสัมพันธ์ สสจ.อยุธยา,https://www.facebook.com/photo?fbid=1988471384628832&set=pcb.1988471407962163,,หัวไผ่,มหาราช จังหวัด,พระนครศรีอยุธยา,13150,58,หญิง
846,Timeline ผู้ป่วยติดเชื้อ โควิดมหาสารคาม รายที่ 10,17.39714696,104.784273,1,2021-01-27,ไม่ระบุพิกัด,Timeline ที่ผู้ป่วยเคยมา,ผู้ป่วยรายที่ 10 หญิง อายุ 53 ปี,สนง.สาธารณสุข จังหวัด มหาสารคาม,https://www.facebook.com/photo?fbid=1431494927193482&set=pcb.1431498870526421,,ในเมือง,เมืองนครพนม,นครพนม,48000,53,หญิง
845,Timeline ผู้ป่วยติดเชื้อ โควิดมหาสารคาม รายที่ 8,17.39718079,104.7842897,1,2021-01-27,ไม่ระบุพิกัด,Timeline ที่ผู้ป่วยเคยมา,ผู้ป่วยรายที่ 8 ชาย อายุ 54 ปี,สนง.สาธารณสุข จังหวัด มหาสารคาม,https://www.facebook.com/photo?fbid=1431494940526814&set=pcb.1431498870526421,,ในเมือง,เมืองนครพนม,นครพนม,48000,54,ชาย
850,Timeline ผู้ป่วยติดเชื้อ โควิดมหาสารคาม รายที่ 14,16.17694149,103.2964682,1,2021-01-27,ไม่ระบุพิกัด,Timeline ที่ผู้ป่วยเคยมา,ผู้ป่วยรายที่ 14 ชาย อายุ 64 ปี,สนง.สาธารณสุข จังหวัด มหาสารคาม,https://www.facebook.com/photo?fbid=1431796060496702&set=pcb.1431442793865362,,ตลาด,เมืองมหาสารคาม,มหาสารคาม,44000,64,ชาย
841,Timeline ผู้ป่วยติดเชื้อ โควิดมหาสารคาม รายที่ 16,16.19385149,103.288261,1,2021-01-27,ไม่ระบุพิกัด,Timeline ที่ผู้ป่วยเคยมา,ผู้ป่วยรายที่ 16 หญิงอายุ 47 ปี,สนง.สาธารณสุข จังหวัด มหาสารคาม,https://www.facebook.com/photo?fbid=1432440417098933&set=a.202640316745622,,ตลาด,เมืองมหาสารคาม,มหาสารคาม,44000,47,หญิง
843,ผู้ป่วยติดเชื้อ โควิดมหาสารคาม รายที่ 4,16.19908386,103.2853157,1,2021-01-28,ข่าวสาร,กำลังรักษา,ผู้ป่วยรายที่ 4 ชาย อายุ 65 ปี,สนง.สาธารณสุข จังหวัด มหาสารคาม,https://www.facebook.com/photo?fbid=1432263903783251&set=pcb.1432265027116472,,ตลาด,เมืองมหาสารคาม,มหาสารคาม,44000,65,ชาย
816,ผู้ป่วยติดเชื้อ โควิดอ่างทอง รายที่ 118,14.58474281,100.4522083,1,2021-01-28,ข่าวสาร,กำลังรักษา,ผู้ป่วยรายที่ : 118 เพศ : หญิง สัญชาติ : ไทย อายุ : 25 ปี ต.ไผ่ดำพัฒนา อ.วิเศษชัยชาญ,สำนักงานสาธารณสุขจังหวัดอ่างทอง,https://www.ato.moph.go.th/aeed/sites/default/files/2021-01/%E0%B8%A3%E0%B8%B2%E0%B8%A2%E0%B8%97%E0%B8%B5%E0%B9%88%20118.jpg,,บางแก้ว,เมืองอ่างทอง,อ่างทอง,14000,25,หญิง
818,ผู้ป่วยติดเชื้อ โควิดอยุธยา รายที่ 44,14.34377313,100.5601081,1,2021-01-28,ข่าวสาร,กำลังรักษา,ผู้ป่วยรายที่ 44 หญิง อายุ 86 อยู่หมู่ 5 ต.บ้านนา อ.มหาราช จ.อยุธยา,งานประชาสัมพันธ์ สสจ.อยุธยา,https://www.facebook.com/photo?fbid=1989347681207869&set=pcb.1989347704541200,,,พระนครศรีอยุธยา,พระนครศรีอยุธยา,13000,86,หญิง
849,Timeline ผู้ป่วยติดเชื้อ โควิดมหาสารคาม รายที่ 13,16.17988257,103.3091636,1,2021-01-28,ไม่ระบุพิกัด,Timeline ที่ผู้ป่วยเคยมา,ผู้ป่วยรายที่ 13 ชาย อายุ 14 ปี,สนง.สาธารณสุข จังหวัด มหาสารคาม,https://www.facebook.com/photo?fbid=1431437847199190&set=pcb.1431442793865362,,ตลาด,เมืองมหาสารคาม,มหาสารคาม,44000,14,ชาย
844,ผู้ป่วยติดเชื้อ โควิดมหาสารคาม รายที่ 5,16.19970019,103.2855086,1,2021-01-29,ข่าวสาร,กำลังรักษา,ผู้ป่วยรายที่ 5 ชาย อายุ 59 ปี,สนง.สาธารณสุข จังหวัด มหาสารคาม,https://www.facebook.com/photo?fbid=1432263920449916&set=pcb.1432265027116472,,ตลาด,เมืองมหาสารคาม,มหาสารคาม,44000,59,ชาย
848,Timeline ผู้ป่วยติดเชื้อ โควิดมหาสารคาม รายที่ 12,16.17990833,103.3091381,1,2021-01-29,ไม่ระบุพิกัด,Timeline ที่ผู้ป่วยเคยมา,ผู้ป่วยรายที่ 12 หญิง อายุ 46 ปี,สนง.สาธารณสุข จังหวัด มหาสารคาม,https://www.facebook.com/photo?fbid=1431451417197833&set=pcb.1431442793865362,,ตลาด,เมืองมหาสารคาม,มหาสารคาม,44000,46,หญิง
839,ผู้ป่วยติดเชื้อ โควิดนครปฐม รายที่ 78,13.81912177,100.0751893,1,2021-01-30,ข่าวสาร,กำลังรักษา,​ผู้ป่วยยืนยันในจังหวัดนครปฐม รายที่​ 78 ชาย อายุ 36 ปี ต.อ้อมใหญ่ อ.สามพราน,PRCovid-19นครปฐม,https://www.facebook.com/103309634646876/photos/a.104494081195098/253996039578234/,,พระปฐมเจดีย์,เมืองนครปฐม,นครปฐม,73000,36,ชาย
840,ผู้ป่วยติดเชื้อ โควิดมหาสารคาม รายที่ 17,16.18141284,103.2992555,1,2021-01-31,ข่าวสาร,กำลังรักษา,ผู้ป่วยรายที่ 17 ชาย อายุ 51 ปี,สนง.สาธารณสุข จังหวัด มหาสารคาม,https://www.facebook.com/photo?fbid=1432789357064039&set=a.159392111070443,,ตลาด,เมืองมหาสารคาม,มหาสารคาม,44000,51,ชาย
842,ผู้ป่วยติดเชื้อ โควิดมหาสารคาม รายที่ 18,16.18135492,103.2991045,1,2021-02-01,ข่าวสาร,กำลังรักษา,ผู้ป่วยรายที่ 18 ชาย อายุ 66 ปี,สนง.สาธารณสุข จังหวัด มหาสารคาม,https://www.facebook.com/photo?fbid=1433630446979930&set=a.159392111070443,,ตลาด,เมืองมหาสารคาม,มหาสารคาม,44000,66,ชาย
