gid,place_name,lat,lon,case_number,date_start,status_news,status_patient,description,ref_sources,link_news,tb_code,tb_th,ap_th,pro_th,postcode,age,gender
941,timeline ผู้ป่วยโควิดนนทบุรี รายที่ 350(รายที่ 234 ของการระบาดรอบใหม่),13.73872128,100.5829648,1,2021-03-29,ไม่ระบุพิกัด,Timeline ที่ผู้ป่วยเคยมา,ชายไทย อายุ 25 ปี คอนโด ถ.แจ้งวัฒนะ ต.คลองเกลือ อ.ปากเกร้ด จ.นนทบุรี,ศูนย์ข้อมูล COVID-19 นนทบุรี,https://www.facebook.com/COVID19Nonthaburi/photos/pcb.284830686488512/284830623155185,,แขวงคลองตันเหนือ,เขตวัฒนา,กรุงเทพมหานคร,10110,25,ชาย
943,timeline ผู้ป่วยโควิดนนทบุรี รายที่ 348(รายที่ 232 ของการระบาดรอบใหม่),13.78320501,100.5754981,1,2021-03-30,ไม่ระบุพิกัด,Timeline ที่ผู้ป่วยเคยมา,ชายไทย อายุ 36 ปี ต.บางแม่นาง อ.บางใหญ่ จ.นนทบุรี,ศูนย์ข้อมูล COVID-19 นนทบุรี,https://www.facebook.com/COVID19Nonthaburi/photos/pcb.284827426488838/284827359822178,,แขวง ห้วยขวาง,เขตห้วยขวาง,กรุงเทพมหานคร,10310,36,ชาย
939,timeline ผู้ป่วยโควิดนนทบุรี รายที่ 355 (รายที่ 239 ของการระบาดรอบใหม่),13.75428647,100.5750971,1,2021-03-31,ไม่ระบุพิกัด,Timeline ที่ผู้ป่วยเคยมา,ชายไทย อายุ 32 ปี ต.บางรักพัฒนา อ.บางบัวทอง จ.นนทบุรี,ศูนย์ข้อมูล COVID-19 นนทบุรี,https://www.facebook.com/COVID19Nonthaburi/photos/pcb.285378306433750/285378249767089,,แขวง ห้วยขวาง,เขตห้วยขวาง,กรุงเทพมหานคร,10310,32,ชาย
947,timeline ผู้ป่วยโควิดนนทบุรี รายที่ 342(รายที่ 226 ของการระบาดรอบใหม่),13.87565479,100.4092109,1,2021-04-01,ไม่ระบุพิกัด,Timeline ที่ผู้ป่วยเคยมา,หญิงไทย อายุ 26 ปี ต.พิมลราช อ.บางบัวทอง จ.นนทบุรี,ศูนย์ข้อมูล COVID-19 นนทบุรี,https://www.facebook.com/COVID19Nonthaburi/photos/pcb.284796266491954/284796073158640,,เสาธงหิน,บางใหญ่,นนทบุรี,11140,26,หญิง
940,timeline ผู้ป่วยโควิดนนทบุรี รายที่ 344 (รายที่ 228 ของการระบาดรอบใหม่),13.8756656,100.4091998,1,2021-04-01,ไม่ระบุพิกัด,Timeline ที่ผู้ป่วยเคยมา,หญิงไทย อายุ 26 ปี ต.บางรักพัฒนา อ.บางบัวทอง จ.นนทบุรี,ศูนย์ข้อมูล COVID-19 นนทบุรี,https://www.facebook.com/COVID19Nonthaburi/photos/pcb.284884666483114/284884609816453,,เสาธงหิน,บางใหญ่,นนทบุรี,11140,26,หญิง
944,timeline ผู้ป่วยโควิดนนทบุรี รายที่ 349(รายที่ 233 ของการระบาดรอบใหม่),13.72338379,100.5848021,1,2021-04-02,ไม่ระบุพิกัด,Timeline ที่ผู้ป่วยเคยมา,ชายไทย อายุ 49 ปี หมู่ 5 ต.ปลายบาง อ.บางกรวย จ.นนทบุรี,ศูนย์ข้อมูล COVID-19 นนทบุรี,https://www.facebook.com/COVID19Nonthaburi/photos/pcb.284827426488838/284827393155508,,แขวงพระโขนงเหนือ,เขตวัฒนา,กรุงเทพมหานคร,10110,49,ชาย
929,Timeline ผู้ป่วยยืนยันในจังหวัดเชียงใหม่ รายที่​ 8 (CM77),18.79793735,98.96333849,1,2021-04-02,ไม่ระบุพิกัด,Timeline ที่ผู้ป่วยเคยมา,ผู้ป่วยรายที่ 8 (CM 77) เป็นชายชาวสิงคโปร์ อายุ 26 ปี เป็นนักท่องเที่ยว เข้ามาในประเทศไทย เมื่อวันที่ 4 มกราคม 2564 ได้รับการกักตัวและตรวจหาเชื้อไวรัสโคโรนา 2019 ตามแนวทาง ผลเป็นลบ อาศัยอยู่ในอำเภอเมืองจังหวัดเชียงใหม่ ให้ประวัติ เมื่อวันที่ 31 มีนาคม 2564 มีเพื่อนเดินทางมาจากกกทม. 2 คน และวันที่ 1-2 เมษายน 2564 ได้ไปใช้บริการที่ร้าน DC เชียงใหม่ และ Pretty Club Exclusive วั,ประชาสัมพันธ์ สำนักงานสาธารณสุขจังหวัดเชียงใหม่,https://fb.watch/4Kft-8t7FX/,,สุเทพ,เมืองเชียงใหม่,เชียงใหม่,50200,26,ชาย
948,timeline ผู้ป่วยโควิดนนทบุรี รายที่ 345(รายที่ 229 ของการระบาดรอบใหม่),13.85505106,100.5423444,1,2021-04-03,ไม่ระบุพิกัด,Timeline ที่ผู้ป่วยเคยมา,หญิงไทย อายุ 23 ปี ต.บางคูรัด อ.บางบัวทอง จ.นนทบุรี,ศูนย์ข้อมูล COVID-19 นนทบุรี,https://www.facebook.com/COVID19Nonthaburi/photos/pcb.284796266491954/284796156491965,,บางเขน,เมืองนนทบุรี,นนทบุรี,11000,23,หญิง
951,timeline ผู้ป่วยโควิดนนทบุรี รายที่ 339(รายที่ 223 ของการระบาดรอบใหม่),14.96165529,100.2063624,1,2021-04-03,ไม่ระบุพิกัด,Timeline ที่ผู้ป่วยเคยมา,ชายไทย อายุ 29 ปี ต.พิมลราช อ.บางบัวทอง จ.นนทบุรี,ศูนย์ข้อมูล COVID-19 นนทบุรี,https://www.facebook.com/COVID19Nonthaburi/photos/pcb.284760813162166/284760773162170,,บางขุด,สรรคบุรี,ชัยนาท,17140,29,ชาย
949,timeline ผู้ป่วยโควิดนนทบุรี รายที่ 341(รายที่ 225 ของการระบาดรอบใหม่),14.21208591,101.2553333,1,2021-04-03,ไม่ระบุพิกัด,Timeline ที่ผู้ป่วยเคยมา,หญิงไทย อายุ 26 ปี ต.ตลาดขวัญ อ.นนทบุรี จ.นนทบุรี,ศูนย์ข้อมูล COVID-19 นนทบุรี,https://www.facebook.com/COVID19Nonthaburi/photos/pcb.284770069827907/284769976494583,,ศรีนาวา,เมืองนครนายก,นครนายก,26000,26,หญิง
950,timeline ผู้ป่วยโควิดนนทบุรี รายที่ 340(รายที่ 224 ของการระบาดรอบใหม่),14.21234564,101.2552281,1,2021-04-03,ไม่ระบุพิกัด,Timeline ที่ผู้ป่วยเคยมา,ชายไทย อายุ 25 ปี หมู่ 4 ต.บางรักน้อย อ.เมือง จ.นนทบุรี,ศูนย์ข้อมูล COVID-19 นนทบุรี,https://www.facebook.com/COVID19Nonthaburi/photos/pcb.284767489828165/284767379828176,,ศรีนาวา,เมืองนครนายก,นครนายก,26000,25,ชาย
960,ผู้ป่วยโควิดนนทบุรี รายที่ 332(รายที่ 216 ของการระบาดรอบใหม่),13.8536957,100.5228062,1,2021-04-03,ข่าวสาร,กำลังรักษา,ชายไทย อายุ 30 ปี คอนโดย่านปากเกร็ด ต.บ้านใหม่ อ.ปากเกร็ด จ.นนทบุรี,ศูนย์ข้อมูล COVID-19 นนทบุรี,https://www.facebook.com/COVID19Nonthaburi/photos/pcb.284160786555502/284160763222171,,ตลาดขวัญ,เมืองนนทบุรี,นนทบุรี,11000,30,ชาย
945,timeline ผู้ป่วยโควิดนนทบุรี รายที่ 346(รายที่ 230 ของการระบาดรอบใหม่),12.91924641,100.7841568,1,2021-04-03,ไม่ระบุพิกัด,Timeline ที่ผู้ป่วยเคยมา,หญิงไทย อายุ 40 ปี ต.อ้อมเกร็ด อ.ปากเกร็ด จ.นนทบุรี,ศูนย์ข้อมูล COVID-19 นนทบุรี,https://www.facebook.com/COVID19Nonthaburi/photos/pcb.284818373156410/284818299823084,,นาเกลือ,บางละมุง,ชลบุรี,20150,40,หญิง
961,ผู้ป่วยโควิดนนทบุรี รายที่ 330(รายที่ 214 ของการระบาดรอบใหม่),13.91800407,100.4228732,1,2021-04-03,ข่าวสาร,กำลังรักษา,ชายพม่า อายุ 31 ปี ต.วัดขลอ อ.บางกรวย จ.นนทบุรี,ศูนย์ข้อมูล COVID-19 นนทบุรี,https://www.facebook.com/COVID19Nonthaburi/photos/pcb.284157083222539/284157026555878/,,โสนลอย,บางบัวทอง,นนทบุรี,11110,31,ชาย
954,timeline ผู้ป่วยโควิดนนทบุรี รายที่ 337(รายที่ 221 ของการระบาดรอบใหม่),13.90428429,100.528021,1,2021-04-03,ไม่ระบุพิกัด,Timeline ที่ผู้ป่วยเคยมา,ชายไทย อายุ 26 ปี ต.คลองเกลือ อ.ปากเกร็ด จ.นนทบุรี,ศูนย์ข้อมูล COVID-19 นนทบุรี,https://www.facebook.com/COVID19Nonthaburi/photos/pcb.284743323163915/284743279830586,,ปากเกร็ด,ปากเกร็ด,นนทบุรี,11120,26,ชาย
946,timeline ผู้ป่วยโควิดนนทบุรี รายที่ 343(รายที่ 227 ของการระบาดรอบใหม่),14.35868983,100.5434925,1,2021-04-03,ไม่ระบุพิกัด,Timeline ที่ผู้ป่วยเคยมา,ชายไทย อายุ 22 ปี ต.บางกระสอ อ.เมืองนนทบุรี จ.นนทบุรี,ศูนย์ข้อมูล COVID-19 นนทบุรี,https://www.facebook.com/COVID19Nonthaburi/photos/pcb.284809839823930/284809789823935,,บ้านป้อม,พระนครศรีอยุธยา,พระนครศรีอยุธยา,13000,22,ชาย
938,timeline ผู้ป่วยโควิดนนทบุรี รายที่ 360 (รายที่ 244 ของการระบาดรอบใหม่),13.91812885,100.4227232,1,2021-04-04,ไม่ระบุพิกัด,Timeline ที่ผู้ป่วยเคยมา,ชายพม่า อายุ 34 ปี ต.บางคูรัด อ.บางบัวทอง จ.นนทบุรี,ศูนย์ข้อมูล COVID-19 นนทบุรี,https://www.facebook.com/COVID19Nonthaburi/photos/pcb.285394699765444/285394619765452/,,โสนลอย,บางบัวทอง,นนทบุรี,11110,34,ชาย
920,ผู้ป่วยยืนยันในจังหวัดเชียงใหม่ รายที่​ 1 (CM70),18.85167168,98.96814563,1,2021-04-04,ข่าวสาร,กำลังรักษา,ผู้ป่วยรายที่ 1 เป็นชายไทย อายุ 34 ปี ภูมิลำเนาอำเภอเมืองเชียงใหม่ ประกอบธุรกิจส่วนตัว ประวัติเดินทางไปสถานบันเทิงย่านรัชดา กทม. เมื่อวันที่ 30 มีนาคม 2564 พร้อมกับเพื่อน 4 คน ก่อนจะแยกตัวเดินทางกลับมาจังหวัดเชียงใหม่,ประชาสัมพันธ์ สำนักงานสาธารณสุขจังหวัดเชียงใหม่,https://fb.watch/4JiI82MhLW/,,ดอนแก้ว,แม่ริม,เชียงใหม่,50180,34,ชาย
959,ผู้ป่วยโควิดนนทบุรี รายที่ 333(รายที่ 217 ของการระบาดรอบใหม่),13.91810389,100.4227573,1,2021-04-04,ข่าวสาร,กำลังรักษา,ชายไทย อายุ 26 ปี ต.เสาธงหิน อ.บางใหญ่ จ.นนทบุรี,ศูนย์ข้อมูล COVID-19 นนทบุรี,https://www.facebook.com/COVID19Nonthaburi/photos/pcb.284163983221849/284163913221856,,โสนลอย,บางบัวทอง,นนทบุรี,11110,26,ชาย
921,ผู้ป่วยยืนยันในจังหวัดเชียงใหม่ รายที่​ 2 (CM71),18.85182261,98.96795744,1,2021-04-04,ข่าวสาร,กำลังรักษา,ผู้ป่วยรายที่ 2 เป็นชายไทย อายุ 26 ปี ภูมิลำเนาอำเภอเมืองเชียงใหม่ ประกอบธุรกิจส่วนตัว ประวัติเดินทางไปสถานบันเทิงย่านรัชดา กทม. พร้อมกับผู้ป่วยรายที่ 1 และได้เดินทางกลับเชียงใหม่ โดยรถยนต์ส่วนตัว พร้อมเพื่อนอีก 3 คน,ประชาสัมพันธ์ สำนักงานสาธารณสุขจังหวัดเชียงใหม่,https://fb.watch/4JiI82MhLW/,,ดอนแก้ว,แม่ริม,เชียงใหม่,50180,26,ชาย
955,ผู้ป่วยโควิดนนทบุรี รายที่ 335(รายที่ 219 ของการระบาดรอบใหม่),13.85374453,100.522741,1,2021-04-04,ข่าวสาร,กำลังรักษา,ชายไทย อายุ 37 ปี หมู่บ้านเปี่ยมสุขรัตนาธิเบศร์ 34 ต.บางกระสอ อ.เมือง จ.นนทบุรี,ศูนย์ข้อมูล COVID-19 นนทบุรี,https://www.facebook.com/COVID19Nonthaburi/photos/pcb.284175806554000/284175773220670,,ตลาดขวัญ,เมืองนนทบุรี,นนทบุรี,11000,37,ชาย
952,ผู้ป่วยโควิดนนทบุรี รายที่ 338(รายที่ 222 ของการระบาดรอบใหม่),13.78679873,100.321456,1,2021-04-04,ข่าวสาร,กำลังรักษา,หญิงไทย อายุ 31 ปี ต.บ้านใหม่ อ.ปากเกร็ด จ.นนทบุรี,ศูนย์ข้อมูล COVID-19 นนทบุรี,https://www.facebook.com/COVID19Nonthaburi/photos/pcb.284758273162420/284758209829093,,ศาลายา,พุทธมณฑล,นครปฐม,73170,31,หญิง
953,timeline ผู้ป่วยโควิดนนทบุรี รายที่ 336(รายที่ 220 ของการระบาดรอบใหม่),13.87820759,100.459546,1,2021-04-05,ไม่ระบุพิกัด,Timeline ที่ผู้ป่วยเคยมา,หญิงไทย อายุ 24 ปี ต.ไทรม้า อ.เมืองนนทบุรี จ.นนทบุรี,ศูนย์ข้อมูล COVID-19 นนทบุรี,https://www.facebook.com/COVID19Nonthaburi/photos/pcb.284743323163915/284743246497256,,ไทรม้า,เมืองนนทบุรี,นนทบุรี,11000,24,หญิง
924,ผู้ป่วยยืนยันในจังหวัดเชียงใหม่ รายที่​ 5 (CM74),18.85154901,98.96787806,1,2021-04-05,ข่าวสาร,กำลังรักษา,ผู้ป่วยรายที่ 5 (CM 74) หญิงไทย อายุ 24 ปี ภูมิลำเนาจังหวัดพะเยา ประกอบธุรกิจส่วนตัวในประเทศสหรัฐอเมริกา เดินทางเข้ามาในประเทศไทย เมื่อวันที่ 18 ธันวาคม 2563 เข้ากักตัว 14 วัน,ประชาสัมพันธ์ สำนักงานสาธารณสุขจังหวัดเชียงใหม่,https://www.facebook.com/chiangmaihealth/,,ดอนแก้ว,แม่ริม,เชียงใหม่,50180,24,หญิง
922,ผู้ป่วยยืนยันในจังหวัดเชียงใหม่ รายที่​ 3 (CM72),18.85230389,98.96807387,1,2021-04-05,ข่าวสาร,กำลังรักษา,ผู้ป่วยรายที่ 3 ชายไทย อายุ 34 ปี ภูมิลำเนาอำเภอเมืองเชียงใหม่ ซึ่งเป็นผู้ร่วมเดินทางกับผู้ป่วยรายที่ 2 เดินทางไปและกลับด้วยรถยนต์ส่วนตัวพร้อมกัน หลังจากกลับมาถึงเชียงใหม่ได้พักในบ้านพักส่วนตัวกับแฟนสาว,ประชาสัมพันธ์ สำนักงานสาธารณสุขจังหวัดเชียงใหม่,https://fb.watch/4JiI82MhLW/,,ดอนแก้ว,แม่ริม,เชียงใหม่,50180,34,ชาย
923,ผู้ป่วยยืนยันในจังหวัดเชียงใหม่ รายที่​ 4 (CM73),18.85173639,98.96796542,1,2021-04-05,ข่าวสาร,กำลังรักษา,ผู้ป่วยรายที่ 4 ชาย สัญชาติจีน อายุ 28 ปี อาศัยในพื้นที่อำเภอเมือง จังหวัดเชียงใหม่ มีประวัติเดินทางไปท่องเที่ยวในจังหวัดนนทบุรี เป็นเวลา 7 วัน หลังเดินทางกลับเชียงใหม่,ประชาสัมพันธ์ สำนักงานสาธารณสุขจังหวัดเชียงใหม่,https://fb.watch/4JiI82MhLW/,,ดอนแก้ว,แม่ริม,เชียงใหม่,50180,28,ชาย
925,ผู้ป่วยยืนยันในจังหวัดเชียงใหม่ รายที่​ 6 (CM75),18.85165874,98.96776762,1,2021-04-05,ข่าวสาร,กำลังรักษา,ผู้ป่วยรายที่ 6 (CM 75) เป็นชาย สัญชาติจีน อายุ 24 ปี อาศัยในพื้นที่อำเภอเมือง จังหวัดเชียงใหม่ มีประวัติเดินทางไปท่องเที่ยวในจังหวัดนนทบุรีร่วมกับผู้ป่วยโควิด-19 ราย CM 73 ของจังหวัดเชียงใหม่ วันที่ 4 เมษายน 2564 เดินทางกลับมาเชียงใหม่,ประชาสัมพันธ์ สำนักงานสาธารณสุขจังหวัดเชียงใหม่,https://www.facebook.com/chiangmaihealth/,,ดอนแก้ว,แม่ริม,เชียงใหม่,50180,24,ชาย
937,timeline ผู้ป่วยโควิดนนทบุรี รายที่ 360 (รายที่ 244 ของการระบาดรอบใหม่),13.73186608,100.5824302,1,2021-04-05,ไม่ระบุพิกัด,Timeline ที่ผู้ป่วยเคยมา,หญิง อายุ 32 ปี ต.บางคูเวียง อ.บางกรวย จ.นนทบุรี,ศูนย์ข้อมูล COVID-19 นนทบุรี,https://www.facebook.com/COVID19Nonthaburi/photos/pcb.285400683098179/285400603098187,,แขวง คลองตันเหนือ,เขตวัฒนา,กรุงเทพมหานคร,10110,32,หญิง
936,ผู้ป่วยยืนยันในจังหวัดนครปฐม รายที่​ 183,13.78680809,100.3214805,1,2021-04-05,ข่าวสาร,กำลังรักษา,รายที่​ 183 เพศหญิง อายุ 24 ปี ต.ศาลายา อ.พุทธมณฑล,PRCovid-19นครปฐม,https://www.facebook.com/103309634646876/photos/a.104039497907223/293259435651894/,,ศาลายา,พุทธมณฑล,นครปฐม,73170,24,หญิง
934,Time​line​ผู้ป่วยยืนยันในจังหวัดนครปฐม รายที่​ 188,13.75965889,100.4857656,1,2021-04-05,ไม่ระบุพิกัด,Timeline ที่ผู้ป่วยเคยมา,ผู้ป่วยยืนยันในจังหวัดนครปฐม รายที่​ 188 กรณีระบาดระลอกใหม่ เพศชาย อายุ 46 ปี ม.9 ต.กระทุ่มล้ม อ.สามพราน อาชีพ พนักงานสถานบันเทิงในกทม.,PRCovid-19นครปฐม,https://www.facebook.com/103309634646876/photos/a.104039497907223/293757672268737/,,แขวงศิริราช,เขตบางกอกน้อย,กรุงเทพมหานคร,10700,46,ชาย
927,ผู้ป่วยยืนยันในจังหวัดเพชรบูรณ์ รายที่​ 5,16.42724958,101.1534106,1,2021-04-06,ข่าวสาร,กำลังรักษา,ผู้ป่วยยืนยันในจังหวัดเพชรบูรณ์ รายที่​ 5 เดินทางไปท่องเที่ยวที่พัทยา จ.ชลบุรี,สำนักงานสาธารณสุขจังหวัดเพชรบูรณ์,https://www.facebook.com/phetchabunhealth/photos/a.2190220221010491/4164722173560276/,,ในเมือง,เมืองเพชรบูรณ์,เพชรบูรณ์,67000,,
968,ผู้ป่วยโควิดนครสวรรค์ รายที่ 7,15.86870992,100.2718853,1,2021-04-06,ข่าวสาร,กำลังรักษา,ผู้ป่วยชายไทย อายุ 54 ปี ต.เกยไชย อ.ชุมแสง จังหวัดนครสวรรค์,ศูนย์โควิด19 โคราช,https://www.facebook.com/239NSPRD/photos/a.158866404795562/754295151919348/,,เกยไชย,ชุมแสง,นครสวรรค์,60120,54,ชาย
931,ผู้ป่วยยืนยันในจังหวัดเชียงใหม่ รายที่​ 10 (CM79),18.78979993,98.96999878,1,2021-04-06,ข่าวสาร,กำลังรักษา,ผู้ป่วยรายที่ 10 (CM 79) หญิงไทย อายุ 24 ปี ภูมิลำเนาอำเภอเมืองจังหวัดเชียงใหม่ เป็นพนักงานร้านวอร์มอัพ คาเฟ่(โซนนอก) ได้รับการตรวจหาเชื้อจากการคัดกรองผู้สัมผัสเสี่ยง ผลยืนยันพบเชื้อไวรัสโคโรนา 2019 เมื่อวันที่ 6 เมษายน 2564,ประชาสัมพันธ์ สำนักงานสาธารณสุขจังหวัดเชียงใหม่,https://fb.watch/4Kft-8t7FX/,,สุเทพ,เมืองเชียงใหม่,เชียงใหม่,50200,24,หญิง
930,ผู้ป่วยยืนยันในจังหวัดเชียงใหม่ รายที่​ 9 (CM78),18.79022586,98.9740728,1,2021-04-06,ข่าวสาร,กำลังรักษา,ผู้ป่วยรายที่ 9 (CM 78) ชายไทย อายุ 33 ปี ภูมิลำเนากรุงเทพมหานคร ให้ประวัติเดินทางไปรับประทานอาหารร่วมกับผู้ป่วยรายที่ 5 (CM 74) เดินทางไปเที่ยวร้านวอร์มอัพ คาเฟ่ พร้อมกับCM 74 และเพื่อนอีก 1 คน วันที่ 3-4 เมษายน ทำงานอยู่บ้าน ช่วงกลางคืนเดินทางไปเที่ยวร้านวอร์มอัพ คาเฟ่ วันที่ 6 เมษายน ได้รับข่าวว่าเพื่อนป่วยโควิค-19,ประชาสัมพันธ์ สำนักงานสาธารณสุขจังหวัดเชียงใหม่,https://fb.watch/4Kft-8t7FX/,,สุเทพ,เมืองเชียงใหม่,เชียงใหม่,50200,33,ชาย
928,ผู้ป่วยยืนยันในจังหวัดเชียงใหม่ รายที่​ 7 (CM76),18.79025746,98.97407316,1,2021-04-06,ข่าวสาร,กำลังรักษา,ป่วยรายที่ 7 (CM 76) ชายไทย อายุ 22 ปี ภูมิลำเนาจังหวัดพะเยา พนักงานบริษัท มีประวัติเดินทางไปที่ร้านท่าช้าง จังหวัดเชียงใหม่ ในวันที่ 1 เมษายน 2564 และเริ่มมีอาการไข้สูง ระคายคอ ไอ ในวันที่ 5 เมษายน 2564,ประชาสัมพันธ์ สำนักงานสาธารณสุขจังหวัดเชียงใหม่,https://fb.watch/4Kft-8t7FX/,,สุเทพ,เมืองเชียงใหม่,เชียงใหม่,50200,22,ชาย
926,ผู้ป่วยยืนยันในจังหวัดลำปาง รายที่​ 9,18.28617769,99.50617694,1,2021-04-06,ข่าวสาร,กำลังรักษา,ป่วยยืนยันรายนี้ ถือเป็นรายที่ 9 ของจังหวัดลำปางโดยผู้ป่วยรายนี้ เป็นชายไทยอายุ 28 ปี ภูมิลำเนาอยู่ที่จังหวัดลำปาง ทำงานที่จังหวัดเชียงใหม่,สำนักงานสาธารณสุขจังหวัดลำปาง LPHO,https://www.facebook.com/sasooklampang/photos/pcb.2928943420685755/2928943270685770/,,หัวเวียง,เมืองลำปาง,ลำปาง,52000,28,ชาย
942,ผู้ป่วยโควิดนนทบุรี รายที่ 352(รายที่ 236 ของการระบาดรอบใหม่),13.91809698,100.4227699,1,2021-04-06,ข่าวสาร,กำลังรักษา,หญิงไทย อายุ 25 ปี ต.บางกระสอ อ.เมืองนนทบุรี จ.นนทบุรี,ศูนย์ข้อมูล COVID-19 นนทบุรี,https://www.facebook.com/COVID19Nonthaburi/photos/pcb.284830686488512/284830653155182/,,โสนลอย,บางบัวทอง,นนทบุรี,11110,25,หญิง
935,ผู้ป่วยยืนยันในจังหวัดนครปฐม รายที่​ 187,14.01236344,100.1737784,1,2021-04-06,ข่าวสาร,กำลังรักษา,Time​line​ผู้ป่วยยืนยันในจังหวัดนครปฐม รายที่​ 187 เพศชาย อายุ 25 ปี ม.1 ต.บัวปากท่า อ.บางเลน เกี่ยวข้องกับสถานบันเทิงทองหล่อ,PRCovid-19นครปฐม,https://www.facebook.com/103309634646876/photos/a.104039497907223/293259682318536/,,บางเลน,บางเลน,นครปฐม,73130,25,ชาย
933,ผู้ป่วยยืนยันในจังหวัดเชียงราย รายที่​ 66,19.90072378,99.82915663,1,2021-04-06,ข่าวสาร,กำลังรักษา,ผู้ป่วยโควิค รายที่ 66 จังหวัดเชียงราย เพศหญิง อายุ 20 ปี,ประชาสัมพันธ์ สำนักงานสาธารณสุขจังหวัดเชียงใหม่,https://www.facebook.com/SanaknganSatharnsukhCanghwadCheiyngray/photos/a.441550745981200/2268243326645257/,,รอบเวียง,เมืองเชียงราย,เชียงราย,57000,20,หญิง
985,ผู้ป่วยยืนยันในจังหวัดเชียงราย รายที่ 66,19.90073505,99.82918686,1,2021-04-06,ข่าวสาร,กำลังรักษา,หญิงอายุ 20 ปี,สำนักงานสาธารณสุขจังหวัดเชียงราย,https://www.facebook.com/SanaknganSatharnsukhCanghwadCheiyngray/photos/a.212072572262353/2269409336528656/,,รอบเวียง,เมืองเชียงราย,เชียงราย,57000,20,หญิง
919,ผู้ป่วยยืนยันในจังหวัดพิษณุโลก รายที่​ 8,16.80839279,100.2635237,1,2021-04-06,ข่าวสาร,กำลังรักษา,เพศชายอายุ 37 ปี เจ้าหน้าที่เรือนจำจังหวัดพิษณุโลก,Infectious ง่ายนิดเดียว,https://www.facebook.com/Infectious1234/photos/a.133077153789653/1197747057322652/,,เมือง,เมืองพิษณุโลก,พิษณุโลก,65000,37,ชาย
932,ผู้ป่วยยืนยันในจังหวัดเชียงใหม่ รายที่​ 11 (CM80),18.78995378,98.97026344,1,2021-04-06,ข่าวสาร,กำลังรักษา,ผู้ป่วยรายที่ 11 (CM 80) หญิงไทย อายุ 33 ปี อาศัยอยู่ นิมาน ซอย 13 ซอยที่ตั้งร้าน กราวน์ ให้ประวัติว่า เดินทางไปร้านวอร์มอัพ คาเฟ่ กับเพื่อนอีก 2 คน ในวันที่ 28 มีนาคม 2564 และวันที่ 6 เมษายน 2564 เริ่มมีไข้ต่ำๆ ได้รับประทานยาเอง,ประชาสัมพันธ์ สำนักงานสาธารณสุขจังหวัดเชียงใหม่,https://fb.watch/4Kft-8t7FX/,,สุเทพ,เมืองเชียงใหม่,เชียงใหม่,50200,33,หญิง
964,ผู้ป่วยโควิดนครราชสีมา รายที่ 3,14.8640889,102.0352837,1,2021-04-07,ข่าวสาร,กำลังรักษา,หญิง อายุ 52 ปี ขายของออนไลน์ มีประวัติเดินทาง ไปสัมผัสใกล้ชิดผู้ป่วย จ.นนทบุรี,ศูนย์โควิด19 โคราช,https://www.facebook.com/covid19koratcenter/photos/pcb.282152946769664/282152686769690,,สุรนารี,เมืองนครราชสีมา,นครราชสีมา,30000,52,หญิง
963,ผู้ป่วยโควิดนครราชสีมา รายที่ 2,14.86435333,102.0353534,1,2021-04-07,ข่าวสาร,กำลังรักษา,ชาย อายุ 32 ปี พนักงานบริษัท มีประวัติเดินทาง ไปสัมผัสใกล้ชิดผู้ป่วย จ.นนทบุรี,ศูนย์โควิด19 โคราช,https://www.facebook.com/covid19koratcenter/photos/pcb.282152946769664/282152686769690,,สุรนารี,เมืองนครราชสีมา,นครราชสีมา,30000,32,ชาย
962,ผู้ป่วยโควิดนครราชสีมา รายที่ 1,14.86412001,102.0354687,1,2021-04-07,ข่าวสาร,กำลังรักษา,หญิง อายุ 22 ปี นักศึกษา มีประวัติไปสถานบันเทิง Top one รัชดา กรุงเทพฯ,ศูนย์โควิด19 โคราช,https://www.facebook.com/covid19koratcenter/photos/pcb.282152946769664/282152620103030,,สุรนารี,เมืองนครราชสีมา,นครราชสีมา,30000,22,หญิง
958,ผู้ป่วยยืนยันในจังหวัดลำปาง รายที่​ 12,18.28645211,99.50666838,1,2021-04-07,ข่าวสาร,กำลังรักษา,ชาย อายุ 26 ปี ทำงานที่จ.ลำปาง โดยใช้ที่พักเป็นที่ทำงานมีไทม์ไลน์เชื่อมโยงกับสถานบันเทิง Top one ย่านทองหล่อ,สำนักงานสาธารณสุขจังหวัดลำปาง LPHO,https://www.facebook.com/sasooklampang/photos/pcb.2929599803953450/2929598377286926,,หัวเวียง,เมืองลำปาง,ลำปาง,52000,26,ชาย
957,ผู้ป่วยยืนยันในจังหวัดลำปาง รายที่​ 11,18.28639039,99.50610565,1,2021-04-07,ข่าวสาร,กำลังรักษา,หญิง อายุ 29 ปี กำลังศึกษาที่จ.เชียงใหม่,สำนักงานสาธารณสุขจังหวัดลำปาง LPHO,https://www.facebook.com/sasooklampang/photos/pcb.2929599803953450/2929598290620268/,,หัวเวียง,เมืองลำปาง,ลำปาง,52000,29,หญิง
956,ผู้ป่วยยืนยันในจังหวัดลำปาง รายที่​ 10,18.28631358,99.50623977,1,2021-04-07,ข่าวสาร,กำลังรักษา,ชาย อายุ 58 ปี มีไทม์ไลน์เชื่อมโยงกับสถานบันเทิง the Krystal กรุงเทพฯ,สำนักงานสาธารณสุขจังหวัดลำปาง LPHO,https://www.facebook.com/sasooklampang/photos/pcb.2929599803953450/2929598217286942/,,หัวเวียง,เมืองลำปาง,ลำปาง,52000,58,ชาย
965,ผู้ป่วยโควิดนครราชสีมา รายที่ 4,14.98166377,102.0725273,1,2021-04-07,ข่าวสาร,กำลังรักษา,หญิง อายุ 32 ปี ขายของออนไลน์ มีประวัติไปสถานบันเทิง Top one รัชดา,ศูนย์โควิด19 โคราช,https://www.facebook.com/covid19koratcenter/photos/pcb.282152946769664/282152773436348,,ในเมือง,เมืองนครราชสีมา,นครราชสีมา,30000,32,หญิง
967,ผู้ป่วยโควิดนครราชสีมา รายที่ 6,14.98435193,102.1034197,1,2021-04-07,ข่าวสาร,กำลังรักษา,หญิง อายุ 23 ปี อาชีพรับจ้าง ทำงานที่สถานบันเทิง ย่านรัชดา 13 กรุงเทพฯ,ศูนย์โควิด19 โคราช,https://www.facebook.com/covid19koratcenter/photos/pcb.282152946769664/282152906769668,,ในเมือง,เมืองนครราชสีมา,นครราชสีมา,30000,23,หญิง
987,timeline ผู้ป่วยยืนยันในจังหวัดลำพูน รายที่ 10,18.4323246,98.73601275,1,2021-04-07,ไม่ระบุพิกัด,Timeline ที่ผู้ป่วยเคยมา,หญิง อายุ 20 ปี,สำนักงานประชาสัมพันธ์จังหวัดลำพูน,https://www.facebook.com/PRLAMPHUN/photos/pcb.1851823574999703/1851823378333056,,วังผาง,เวียงหนองล่อง,ลำพูน,51120,20,หญิง
977,ผู้ป่วยยืนยันในจังหวัดพิษณุโลก รายที่​ 5,16.80840651,100.2635326,1,2021-04-07,ข่าวสาร,กำลังรักษา,เพศชาย อายุ 22 ปี นักศึกษา,สำนักงานสาธารณสุขจังหวัดพิษณุโลก,https://www.facebook.com/plkhealth/photos/pcb.3579321875626226/3579396818952065/,,ในเมือง,เมืองพิษณุโลก,พิษณุโลก,65000,22,ชาย
978,ผู้ป่วยยืนยันในจังหวัดพิษณุโลก รายที่​ 6,16.80877787,100.2632935,1,2021-04-07,ข่าวสาร,กำลังรักษา,หญิงอายุ 23 ปี ฟรีแลนซ์,สำนักงานสาธารณสุขจังหวัดพิษณุโลก,https://www.facebook.com/plkhealth/photos/pcb.3579321875626226/3579396842285396,,ในเมือง,เมืองพิษณุโลก,พิษณุโลก,65000,23,หญิง
983,ผู้ป่วยยืนยันในจังหวัดเชียงราย รายที่ 68,19.90082392,99.82891808,1,2021-04-07,ข่าวสาร,กำลังรักษา,หญิง อายุ 20 ปี นักศึกษา,สำนักงานสาธารณสุขจังหวัดเชียงราย,https://www.facebook.com/SanaknganSatharnsukhCanghwadCheiyngray/photos/a.212072572262353/2269415469861376/,,รอบเวียง,เมืองเชียงราย,เชียงราย,57000,20,หญิง
984,ผู้ป่วยยืนยันในจังหวัดเชียงราย รายที่ 67,19.87797146,99.83543032,1,2021-04-07,ข่าวสาร,กำลังรักษา,หญิง อายุ 31 ปี นักธุรกิจส่วนตัว,สำนักงานสาธารณสุขจังหวัดเชียงราย,https://www.facebook.com/SanaknganSatharnsukhCanghwadCheiyngray/photos/a.212072572262353/2269410696528520/,,,เมืองเชียงราย,เชียงราย,57000,31,หญิง
986,timeline ผู้ป่วยยืนยันในจังหวัดลำพูน รายที่ 9,18.59839839,99.02577953,1,2021-04-07,ไม่ระบุพิกัด,Timeline ที่ผู้ป่วยเคยมา,หญิง อายุ 29 ปี,สำนักงานประชาสัมพันธ์จังหวัดลำพูน,https://www.facebook.com/PRLAMPHUN/photos/pcb.1851823574999703/1851823311666396,,เหมืองง่า,เมืองลำพูน,ลำพูน,51000,29,หญิง
966,ผู้ป่วยโควิดนครราชสีมา รายที่ 5,14.9846195,102.1034528,1,2021-04-07,ข่าวสาร,กำลังรักษา,หญิง อายุ 27 ปี ธุรกิจส่วนตัว มีประวัติเดินทาง ไปสถานบันเทิง ทองหล่อ กรุงเทพฯ,ศูนย์โควิด19 โคราช,https://www.facebook.com/covid19koratcenter/photos/pcb.282152946769664/282152830103009,,ในเมือง,เมืองนครราชสีมา,นครราชสีมา,30000,27,หญิง
976,ผู้ป่วยยืนยันในจังหวัดลำปาง รายที่​ 8,18.77220719,99.49549108,1,2021-04-08,ข่าวสาร,กำลังรักษา,หญิงไทย อายุ 24 ปี อ.เมืองปาน เดินทางมาร่วมงานบวชเพื่อน บ้านทุ่งฮ้างอำเภอแจ้ห่ม,ศูนย์ข้อมูล Covid-19 จังหวัดลำปาง,https://www.facebook.com/jiccovid19lpg/,,เมืองปาน,เมืองปาน,ลำปาง,52240,24,หญิง
969,ผู้ป่วยยืนยันในจังหวัดลำปาง รายที่​ 13,18.70758751,99.55478553,1,2021-04-08,ข่าวสาร,กำลังรักษา,หญิงอายุ 39 เดินทางมาร่วมงานบวชเพื่อนที่ อ.แจ้ห่ม จ.ลำปาง,ศูนย์ข้อมูล Covid-19 จังหวัดลำปาง,https://www.facebook.com/jiccovid19lpg/photos/pcb.294125845565443/294122458899115/,,แจ้ห่ม,แจ้ห่ม,ลำปาง,52120,39,หญิง
970,ผู้ป่วยยืนยันในจังหวัดลำปาง รายที่​ 14,18.32718088,99.38273444,1,2021-04-08,ข่าวสาร,กำลังรักษา,หญิงไทยอายุ 22 ปี กำลังศึกษาอยู่ที่จังหวัดเชียงใหม่,ศูนย์ข้อมูล Covid-19 จังหวัดลำปาง,https://www.facebook.com/jiccovid19lpg/photos/pcb.294125845565443/294122458899115/,,หนองหล่ม,ห้างฉัตร,ลำปาง,52190,22,หญิง
971,ผู้ป่วยยืนยันในจังหวัดกำแพงเพชร รายที่​ 3,16.46306314,99.52838214,1,2021-04-08,ข่าวสาร,กำลังรักษา,ชาย อายุ 40 ปี เลี้ยงปลาคาร์ฟ อยู่ต.ในเมือง อ.เมือง,ศูนย์ประสานงานฯ โควิด 19 จังหวัดกำแพงเพชร,https://www.facebook.com/%E0%B8%A8%E0%B8%B9%E0%B8%99%E0%B8%A2%E0%B9%8C%E0%B8%9B%E0%B8%A3%E0%B8%B0%E0%B8%AA%E0%B8%B2%E0%B8%99%E0%B8%87%E0%B8%B2%E0%B8%99%E0%B8%AF-%E0%B9%82%E0%B8%84%E0%B8%A7%E0%B8%B4%E0%B8%94-19-%E0%B8%88%E0%B8%B1%E0%B8%87%E0%B8%AB%E0%B8%A7%E0%B8%B1%E0%B8%94%E0%B8%81%E0%B8%B3%E0%B9%81%E0%B8%9E%E0%B8%87%E0%B9%80%E0%B8%9E%E0%B8%8A%E0%B8%A3-113710616938700/?modal=admin_todo_tour,,ในเมือง,เมืองกำแพงเพชร,กำแพงเพชร,62000,40,ชาย
972,ผู้ป่วยยืนยันในจังหวัดแพร่ รายที่​ 1,18.13395612,100.1537513,1,2021-04-08,ข่าวสาร,กำลังรักษา,หญิง อายุ 20 ปี นักศึกษามหาวิทยาลัยแห่งหนึ่งในจังหวัดเชียงใหม่ ภูมิลำเนาจังหวัดแพร่,ชาวแพร่ร่วมใจสู้ภัยโควิด-19,https://www.facebook.com/2140592272664794/photos/a.2164100283647326/3948901861833817,,ในเวียง,เมืองแพร่,แพร่,54000,20,หญิง
975,ผู้ป่วยยืนยันในจังหวัดพะเยา รายที่​ 3,19.51855573,100.2961424,1,2021-04-08,ข่าวสาร,กำลังรักษา,เพศชาย อายุ 25 ปี,Phayao News,https://www.facebook.com/PhayaoNews/photos/a.1048149458671293/2051420275010868/,,หย่วน,เชียงคำ,พะเยา,56110,25,ชาย
974,ผู้ป่วยยืนยันในจังหวัดพะเยา รายที่​ 2,19.1728302,100.2857734,1,2021-04-08,ข่าวสาร,กำลังรักษา,เพศหญิง อายุ 33 ปี ภูมิลำเนาอำเภอปง ทำงานลูกจ้างองค์กรเอกชน อยู่อำเภอปง ช่วงระหว่างวันที่ 2- 5 เมษายน 2564 อยู่ในพื้นที่กรุงเทพฯ และในวันที่ 3 เมษายน 2564 ไปสถานบันเทิง พื้นที่กรุงเทพฯ,Phayao News,https://www.facebook.com/PhayaoNews/photos/a.1048149458671293/2051420275010868/,,ปง,ปง,พะเยา,56140,33,หญิง
979,ผู้ป่วยยืนยันในจังหวัดพิจิตร,16.21621343,100.4391566,1,2021-04-08,ข่าวสาร,กำลังรักษา,ชาย อายุ 31 ปี อาชีพพนักงานขาย,สำนักงานสาธารณสุขจังหวัดพิจิตร,https://www.facebook.com/%E0%B8%AA%E0%B8%B3%E0%B8%99%E0%B8%B1%E0%B8%81%E0%B8%87%E0%B8%B2%E0%B8%99%E0%B8%AA%E0%B8%B2%E0%B8%98%E0%B8%B2%E0%B8%A3%E0%B8%93%E0%B8%AA%E0%B8%B8%E0%B8%82%E0%B8%88%E0%B8%B1%E0%B8%87%E0%B8%AB%E0%B8%A7%E0%B8%B1%E0%B8%94%E0%B8%9E%E0%B8%B4%E0%B8%88%E0%B8%B4%E0%B8%95%E0%B8%A3-190628167628871/photos/a.2089832961041706/5579310072093960,,งิ้วราย,ตะพานหิน,พิจิตร,66110,31,ชาย
981,ผู้ป่วยยืนยันในจังหวัดสุโขทัย รายที่ 2,17.30213996,99.84054126,1,2021-04-08,ข่าวสาร,กำลังรักษา,หญิง อายุ 53 ปี ต.เมือง อ.สวรรคโลก จ.สุโขทัย,สำนักงานประชาสัมพันธ์จังหวัดสุโขทัย,https://www.facebook.com/prdsukhothainews/photos/pcb.3942677605790413/3942677539123753,,เมืองสวรรคโลก,สวรรคโลก,สุโขทัย,64110,53,หญิง
982,"ผู้ป่วยยืนยันในจังหวัดเชียงราย รายที่ CR3-4 (CR3-4 : CR =เชียงราย ,3=ระบาดรอบที่3 ,4=เป็นรายที่4)",19.90093946,99.82893746,1,2021-04-08,ข่าวสาร,กำลังรักษา,ชายอายุ 27 ปี จังหวัดเชียงราย,สำนักงานสาธารณสุขจังหวัดเชียงราย,https://www.facebook.com/SanaknganSatharnsukhCanghwadCheiyngray/photos/a.212072572262353/2270515149751408/,,รอบเวียง,เมืองเชียงราย,เชียงราย,57000,27,ชาย
973,ผู้ป่วยยืนยันในจังหวัดพะเยา รายที่​ 1,19.51856342,100.2961039,1,2021-04-08,ข่าวสาร,กำลังรักษา,เป็นผู้ป่วยหญิงไทย อายุ 21 ปี ภูมิลำเนาอำเภอเชียงคำ เป็นนักศึกษามหาวิทยาลัยแห่งหนึ่งในจังหวัดเชียงใหม่ เริ่มป่วยตั้งแต่วันที่ 3 เมษายน 2564 ด้วยอาการ ไอ เจ็บคอ ปวดเมื่อยตามตัว มีประวัติไปงานคอนเสิร์ตของ วงสครับที่จังหวัดเชียงใหม่ เมื่อวันที่ 2 เมษายน 2564 ช่วงระหว่างวันที่ 31 มีนาคม – 5 เมษายน 2564 ผู้ป่วยอาศัยอยู่หอพักหลังมหาวิทยาลัย จังหวัดเชียงใหม่,Phayao News,https://www.facebook.com/PhayaoNews/photos/a.1048149458671293/2051420275010868/,,หย่วน,เชียงคำ,พะเยา,56110,21,หญิง
988,ผู้ป่วยยืนยันในจังหวัดลำพูน รายที่ 11,18.58260244,98.99459454,1,2021-04-09,ข่าวสาร,กำลังรักษา,หญิงอายุ 20 ปี,สำนักงานประชาสัมพันธ์จังหวัดลำพูน,https://www.facebook.com/PRLAMPHUN/photos/pcb.1851823574999703/1851823458333048,,ต้นธง,เมืองลำพูน,ลำพูน,51000,20,หญิง
980,ผู้ป่วยยืนยันในจังหวัดสุโขทัย รายที่ 1,17.16618774,99.86509754,1,2021-04-09,ข่าวสาร,กำลังรักษา,ชาย อายุ 20 ปี ต.คลองตาล อ.ศรีสำโรง จ.สุโขทัย,สำนักงานประชาสัมพันธ์จังหวัดสุโขทัย,https://www.facebook.com/prdsukhothainews/photos/pcb.3942677605790413/3942677342457106/,,คลองตาล,ศรีสำโรง,สุโขทัย,64120,20,ชาย
989,ผู้ป่วยยืนยันในจังหวัดกำแพงเพชร รายที่ 4,16.46306277,99.52838893,1,2021-04-09,ข่าวสาร,กำลังรักษา,ชาย อายุ 25 ปี บุคลากรทางการแพทย์ อยู่หอพักโรงพยาบาล ต.ในเมือง อ.เมือง จ.กำแพงเพชร,ศูนย์ประสานงานฯ โควิด 19 จังหวัดกำแพงเพชร,https://www.facebook.com/%E0%B8%A8%E0%B8%B9%E0%B8%99%E0%B8%A2%E0%B9%8C%E0%B8%9B%E0%B8%A3%E0%B8%B0%E0%B8%AA%E0%B8%B2%E0%B8%99%E0%B8%87%E0%B8%B2%E0%B8%99%E0%B8%AF-%E0%B9%82%E0%B8%84%E0%B8%A7%E0%B8%B4%E0%B8%94-19-%E0%B8%88%E0%B8%B1%E0%B8%87%E0%B8%AB%E0%B8%A7%E0%B8%B1%E0%B8%94%E0%B8%81%E0%B8%B3%E0%B9%81%E0%B8%9E%E0%B8%87%E0%B9%80%E0%B8%9E%E0%B8%8A%E0%B8%A3-113710616938700/photos/pcb.309667680676325/309667620676331/,,ในเมือง,เมืองกำแพงเพชร,กำแพงเพชร,62000,25,ชาย
990,ผู้ป่วยยืนยันในจังหวัดกำแพงเพชร รายที่ 5,16.21529359,99.70969538,1,2021-04-09,ข่าวสาร,กำลังรักษา,ชายอายุ 37 ปี ข้าราชการตำรวจ ต.วังบัว อ.คลองขลุง,ศูนย์ประสานงานฯ โควิด 19 จังหวัดกำแพงเพชร,https://www.facebook.com/%E0%B8%A8%E0%B8%B9%E0%B8%99%E0%B8%A2%E0%B9%8C%E0%B8%9B%E0%B8%A3%E0%B8%B0%E0%B8%AA%E0%B8%B2%E0%B8%99%E0%B8%87%E0%B8%B2%E0%B8%99%E0%B8%AF-%E0%B9%82%E0%B8%84%E0%B8%A7%E0%B8%B4%E0%B8%94-19-%E0%B8%88%E0%B8%B1%E0%B8%87%E0%B8%AB%E0%B8%A7%E0%B8%B1%E0%B8%94%E0%B8%81%E0%B8%B3%E0%B9%81%E0%B8%9E%E0%B8%87%E0%B9%80%E0%B8%9E%E0%B8%8A%E0%B8%A3-113710616938700/photos/pcb.309667680676325/309667657342994,,คลองขลุง,คลองขลุง,กำแพงเพชร,62120,37,ชาย
