gid,place_name,lat,lon,case_number,date_start,status_news,status_patient,description,ref_sources,link_news,tb_code,tb_th,ap_th,pro_th,postcode,age,gender
732,Timeline ผู้ป่วยติดเชื้อ โควิดนนทบุรี รายที่ 158,13.94749268,100.5463574,1,2021-01-18,ไม่ระบุพิกัด,Timeline ที่ผู้ป่วยเคยมา,รายที่ 158 ชาย อายุ 38 ปี อ.ปากเกร็ด จ.นนทบุรี,ศูนย์ข้อมูล COVID-19 นนทบุรี,https://www.facebook.com/COVID19Nonthaburi/photos/pcb.239223587715889/239223554382559,,,ปากเกร็ด,นนทบุรี,11120,38,ชาย
800,Timeline ผู้ป่วยติดเชื้อ โควิดกรุงเทพ รายที่ 658,13.82996272,100.5704599,1,2021-01-18,ไม่ระบุพิกัด,Timeline ที่ผู้ป่วยเคยมา,รายที่ 658 ชาย เจ้าหน้าที่รัฐ,กรุงเทพมหานคร โดยสำนักงานประชาสัมพันธ์,https://www.facebook.com/prbangkok/photos/pcb.3195399767226289/3195399723892960,,แขวง จันทรเกษม,เขตจตุจักร,กรุงเทพมหานคร,10900,,ชาย
750,ผู้ป่วยติดเชื้อ โควิดราชบุรี รายที่ 23,13.37235439,99.84044659,1,2021-01-18,ข่าวสาร,กำลังรักษา,รายที่ 23 เพศหญิง อายุ 49 ปี เริ่มป่วย 17 ม.ค. รักษาที่รพ. ปากท่อ เมื่อวันที่ 18 ม.ค. 64 ด้วยอาการ ไอ มีน้ำมูก ประวัติทำงานที่จังหวัดสมุทรสาครเดินทางไป-กลับทุกวัน ด้วยรถยนต์ส่วนตัว กับเพื่อนร่วมงาน,สำนักงานสาธารณสุขจังหวัดราชบุรี,https://www.facebook.com/%E0%B8%AA%E0%B8%B3%E0%B8%99%E0%B8%B1%E0%B8%81%E0%B8%87%E0%B8%B2%E0%B8%99%E0%B8%AA%E0%B8%B2%E0%B8%98%E0%B8%B2%E0%B8%A3%E0%B8%93%E0%B8%AA%E0%B8%B8%E0%B8%82%E0%B8%88%E0%B8%B1%E0%B8%87%E0%B8%AB%E0%B8%A7%E0%B8%B1%E0%B8%94%E0%B8%A3%E0%B8%B2%E0%B8%8A%E0%B8%9A%E0%B8%B8%E0%B8%A3%E0%B8%B5-222389184454020/photos/pcb.5662586817100869/5662546353771582/,,ยางหัก,ปากท่อ,ราชบุรี,70140,49,หญิง
729,ผู้ป่วยติดเชื้อ โควิดอยุธยา รายที่ 40,14.21130729,100.6080371,1,2021-01-18,ข่าวสาร,กำลังรักษา,รายที่ 40 ชาย อายุ 67 ปี อยู่กับภรรยา(รายที่ 39) อยู่บ้านพักของโรงงานในหมู่ 11 ต.บ้านเลน อ.บางปะอิน จ.อยุธยา,กรุงเทพมหานคร โดยสำนักงานประชาสัมพันธ์,https://www.facebook.com/photo?fbid=1982116605264310&set=ecnf.100003979705194,,คลองจิก,บางปะอิน,พระนครศรีอยุธยา,13160,67,ชาย
744,ผู้ป่วยติดเชื้อ โควิดกาญจนบุรี รายที่ 6,13.90819848,99.76743912,1,2021-01-19,ข่าวสาร,กำลังรักษา,ผู้ป่วยรายที่ 6 เป็นเด็กชาย อายุ 8 ปี อาศัยอยู่กรุงเทพมหานคร วันที่ 20 ธันวาคม 2563 เดินทางกลับมาเยี่ยมญาติที่ตำบลหนองโสน อำเภอเลาขวัญ จังหวัดกาญจนบุรี,สำนักงานประชาสัมพันธ์จังหวัดกาญจนบุรี (PRD_KAN),https://www.facebook.com/%E0%B8%AA%E0%B8%B3%E0%B8%99%E0%B8%B1%E0%B8%81%E0%B8%87%E0%B8%B2%E0%B8%99%E0%B8%9B%E0%B8%A3%E0%B8%B0%E0%B8%8A%E0%B8%B2%E0%B8%AA%E0%B8%B1%E0%B8%A1%E0%B8%9E%E0%B8%B1%E0%B8%99%E0%B8%98%E0%B9%8C%E0%B8%88%E0%B8%B1%E0%B8%87%E0%B8%AB%E0%B8%A7%E0%B8%B1%E0%B8%94%E0%B8%81%E0%B8%B2%E0%B8%8D%E0%B8%88%E0%B8%99%E0%B8%9A%E0%B8%B8%E0%B8%A3%E0%B8%B5-PRD_KAN-148478098550037/photos/pcb.3848666808531129/3848666598531150/,,ท่ามะกา,ท่ามะกา,กาญจนบุรี,71120,8,ชาย
734,ผู้ป่วยติดเชื้อ โควิดอ่างทอง รายที่ 113,14.58486773,100.4523471,1,2021-01-19,ข่าวสาร,กำลังรักษา,รายที่ 113 หญิง อายุ 48 ปี ต.อินทประมูล อ.โพธิ์ทอง,สำนักงานสาธารณสุขจังหวัดอ่างทอง,https://www.ato.moph.go.th/aeed/sites/default/files/2021-01/timeline113.jpg,,บางแก้ว,เมืองอ่างทอง,อ่างทอง,14000,48,หญิง
686,ผู้ป่วยติดเชื้อ โควิดนครพนม,16.93747723,104.71144,1,2021-01-19,ข่าวสาร,กำลังรักษา,หญิงอายุ 51 ปี ค้าขายสัมผัสผู้ป่วยยืนยัน กทม.,งานประชาสัมพันธ์ สำนักงานสาธารณสุขจังหวัดนครพนม,https://www.facebook.com/PR.PH.NKP/,,ธาตุพนม,ธาตุพนม,นครพนม,48110,51,หญิง
739,ผู้ป่วยติดเชื้อ โควิดปทุมธานี รายที่ 74,13.96330727,100.6218198,1,2021-01-19,ข่าวสาร,กำลังรักษา,ผู้ป่วย รายที่ 117 (รายที่ 74 ของการระบาดรอบใหม่) หญิงอายุ 41 ปี อ.คลองหลวง จ.ปทุมธานี,สำนักงานสาธารณสุขจังหวัดปทุมธานี,https://www.facebook.com/pte.moph/photos/a.264224267565603/722469521741073/,,คูคต,ลำลูกกา,ปทุมธานี,12130,41,หญิง
740,ผู้ป่วยติดเชื้อ โควิดปทุมธานี รายที่ 76-77,14.03685952,100.4157557,1,2021-01-19,ข่าวสาร,กำลังรักษา,ผู้ป่วย รายที่ 119-120 (รายที่ 76-77 ของการระบาดรอบใหม่) ชายอายุ 46 ปีและ หญิงอายุ 37 ปี (สามีภรรยา) อ.ลาดหลุมแก้วจ.ปทุมธานี,สำนักงานสาธารณสุขจังหวัดปทุมธานี,https://www.facebook.com/pte.moph/photos/a.264224267565603/722468188407873/,,ระแหง,ลาดหลุมแก้ว,ปทุมธานี,12140,,
749,ผู้ป่วยติดเชื้อ โควิดราชบุรี รายที่ 24,13.37241071,99.84045185,1,2021-01-19,ข่าวสาร,กำลังรักษา,รายที่ 24 เพศหญิง อายุ 51 ปี เป็นผู้สัมผัสเสี่ยงสูงรายที่ 23 รักษาที่รพ.ปากท่อ ประวัติทำงานที่จังหวัดสมุทรสาครเดินทางไป-กลับทุกวัน ด้วยรถยนต์ส่วนตัว กับเพื่อนร่วมงาน รวมยอดผู้ป่วยสะสมจังหวัดราชบุรี 24 รายพักรักษาตัวในโรงพยาบาลจำนวน 3 ราย รักษาหาย 21ราย**กลุ่มผู้สัมผัสผู้ติดเชื้อที่มีความเสี่ยงสูงขณะนี้อยู่ภายใต้การควบคุมโรคของจังหวัดแล้ว**,สำนักงานสาธารณสุขจังหวัดราชบุรี,https://www.facebook.com/%E0%B8%AA%E0%B8%B3%E0%B8%99%E0%B8%B1%E0%B8%81%E0%B8%87%E0%B8%B2%E0%B8%99%E0%B8%AA%E0%B8%B2%E0%B8%98%E0%B8%B2%E0%B8%A3%E0%B8%93%E0%B8%AA%E0%B8%B8%E0%B8%82%E0%B8%88%E0%B8%B1%E0%B8%87%E0%B8%AB%E0%B8%A7%E0%B8%B1%E0%B8%94%E0%B8%A3%E0%B8%B2%E0%B8%8A%E0%B8%9A%E0%B8%B8%E0%B8%A3%E0%B8%B5-222389184454020/photos/pcb.5667346489958235/5667232879969596/,,ยางหัก,ปากท่อ,ราชบุรี,70140,51,หญิง
741,ผู้ป่วยติดเชื้อ โควิดปทุมธานี รายที่ 75,14.0366129,100.4156136,1,2021-01-19,ข่าวสาร,กำลังรักษา,ผู้ป่วย รายที่ 118 (รายที่ 75 ของการระบาดรอบใหม่) ชาย อายุ 51 ปี อ.ลาดหลุมแก้ว จ.ปทุมธานี,สำนักงานสาธารณสุขจังหวัดปทุมธานี,https://www.facebook.com/pte.moph/photos/a.264224267565603/722466948407997/,,ระแหง,ลาดหลุมแก้ว,ปทุมธานี,12140,51,ชาย
742,ผู้ป่วยติดเชื้อ โควิดอ่างทอง รายที่ 114,14.58480753,100.4519125,1,2021-01-19,ข่าวสาร,กำลังรักษา,ผู้ป่วยรายที่ : 114 เพศ : ชาย สัญชาติ : ไทย อายุ : 10 ปี ต.องครักษ์ อ.โพธิ์ทอง,สำนักงานสาธารณสุขจังหวัดอ่างทอง,https://www.ato.moph.go.th/aeed/sites/default/files/2021-01/timeline114.jpg,,บางแก้ว,เมืองอ่างทอง,อ่างทอง,14000,10,ชาย
738,ผู้ป่วยติดเชื้อ โควิดเชียงราย,19.90080363,99.82912083,1,2021-01-19,ข่าวสาร,กำลังรักษา,เป็นเพศชายอายุ 28 ปี จากรายงานผลการสอบสวนโรคพบว่า ในช่วงปลายปีที่ผ่านมาผู้ป่วยเดินทางไปพักผ่อนและท่องเที่ยวที่จังหวัดเชียงใหม่ รวมถึงไปเที่ยวสถานบันเทิงกับเพื่อนหลายแห่ง วันที่ 5 ม.ค.64 เดินทางกลับจังหวัดเชียงราย ในวันที่ 6 ม.ค.64 ได้ไปตรวจหาเชื้อที่โรงพยาบาลเชียงรายประชานุเคราะห์ ผลตรวจไม่พบเชื้อ แต่บริษัทที่ทำงานได้แจ้งให้กักตัวก่อน จึงได้กักตัวอยู่ที่บ้านพักจนครบ 14 วัน และวันที่ 19 ม.ค.64 ได้ไปตรวจหาเชื้อ Covid-19 ที่โรงพยาบาลเอกชนอีกรอบ ผลตรวจพบว่าติดเชื้อ,สำนักงานสาธารณสุขจังหวัดเชียงราย,https://www.facebook.com/SanaknganSatharnsukhCanghwadCheiyngray/?fbclid=IwAR3Q3jZm-H5UMV8smZQKHQ5prg2JB4lbbyQcb5pbvtQsOy-suNWfaAFbrG8,,รอบเวียง,เมืองเชียงราย,เชียงราย,57000,28,ชาย
730,ผู้ป่วยติดเชื้อ โควิดปทุมธานี รายที่ 73,14.07328955,100.6151396,1,2021-01-19,ข่าวสาร,กำลังรักษา,ผู้ป่วยรายที่ 116 (รายที่ 73 ของการระบาดรอบใหม่) เพศชาย อายุ 29 ปี อ.ลำลูกกา จ.ปทุมธานี,สำนักงานสาธารณสุขจังหวัดปทุมธานี,https://www.facebook.com/pte.moph/photos/pcb.721942258460466/721972578457434,,คลองหนึ่ง,คลองหลวง,ปทุมธานี,12120,29,ชาย
743,ผู้ป่วยติดเชื้อ โควิดอ่างทอง รายที่ 115,14.58468626,100.4524316,1,2021-01-19,ข่าวสาร,กำลังรักษา,ผู้ป่วยรายที่ : 115 เพศ : ชาย สัญชาติ : ไทย อายุ : 8 ปี ต.องครักษ์ อ.โพธิ์ทอง,สำนักงานสาธารณสุขจังหวัดอ่างทอง,https://www.ato.moph.go.th/aeed/sites/default/files/2021-01/timeline115.jpg,,บางแก้ว,เมืองอ่างทอง,อ่างทอง,14000,8,ชาย
812,Timeline ผู้ป่วยติดเชื้อ โควิดกรุงเทพ รายที่ 660,13.85512417,100.5421273,1,2021-01-19,ไม่ระบุพิกัด,Timeline ที่ผู้ป่วยเคยมา,รายที่ 660 ชายอาชีพอิสระ,กรุงเทพมหานคร โดยสำนักงานประชาสัมพันธ์,https://www.facebook.com/prbangkok/photos/pcb.3197187133714219/3197184973714435,,บางเขน,เมืองนนทบุรี,นนทบุรี,11000,,ชาย
792,Timeline ผู้ป่วยติดเชื้อ โควิดกรุงเทพ รายที่ 644,13.73167329,100.5424867,1,2021-01-19,ไม่ระบุพิกัด,Timeline ที่ผู้ป่วยเคยมา,รายที่ 644 ชายพนักงานบริษัทโฆษณา,กรุงเทพมหานคร โดยสำนักงานประชาสัมพันธ์,https://www.facebook.com/prbangkok/photos/pcb.3194102854022647/3194096370689962/,,แขวง ลุมพินี,เขตปทุมวัน,กรุงเทพมหานคร,10330,,ชาย
762,Timeline ผู้ป่วยติดเชื้อ โควิดกรุงเทพ รายที่ 615,13.6909991,100.4802327,1,2021-01-19,ไม่ระบุพิกัด,Timeline ที่ผู้ป่วยเคยมา,รายที่ 615 ชายว่างวาน,กรุงเทพมหานคร โดยสำนักงานประชาสัมพันธ์,https://www.facebook.com/prbangkok/photos/pcb.3187576928008573/3187574061342193,,แขวงจอมทอง,เขตจอมทอง,กรุงเทพมหานคร,10150,,ชาย
763,Timeline ผู้ป่วยติดเชื้อ โควิดกรุงเทพ รายที่ 623,13.61372722,100.3825015,1,2021-01-19,ไม่ระบุพิกัด,Timeline ที่ผู้ป่วยเคยมา,รายที่ 623 พนักงานโรงงาน,กรุงเทพมหานคร โดยสำนักงานประชาสัมพันธ์,https://www.facebook.com/prbangkok/photos/pcb.3187576928008573/3187575804675352,,แขวง แสมดำ,เขตบางขุนเทียน,กรุงเทพมหานคร,10150,,หญิง
803,ผู้ป่วยติดเชื้อ โควิดนราธิวาส รายที่ 6,6.240396923,101.4988291,1,2021-01-19,ข่าวสาร,กำลังรักษา,รายที่ 5 ชายไทย อายุ 50 ปี มีภูมิลำเนา อำเภอเจาะไอร้อง จังหวัดนราธิวาส ไปประกอบอาชีพเป็นผู้ช่วยผู้ประกอบอาหารร้านอาหาร ในรัฐกลันตัน ประเทศมาเลเซีย เดินทางกลับเข้าประเทศไทยแบบผิดกฎหมาย ข้ามชายแดน โดยผ่านช่องทางธรรมชาติ ในพื้นที่อำเภอตากใบ จังหวัดนราธิวาส เมื่อวันที่ 15 มกราคม 2564,สำนักงานสาธารณสุขจังหวัดนราธิวาส,https://www.facebook.com/NaraPublicHealth,,ซากอ,ศรีสาคร,นราธิวาส,96210,50,ชาย
759,Timeline ผู้ป่วยติดเชื้อ โควิดกรุงเทพ รายที่ 596,13.68348436,100.4403143,1,2021-01-19,ไม่ระบุพิกัด,Timeline ที่ผู้ป่วยเคยมา,รายที่ 596 หญิง แม่บ้าน,กรุงเทพมหานคร โดยสำนักงานประชาสัมพันธ์,https://www.facebook.com/prbangkok/photos/pcb.3182257831873816/3182257361873863,,แขวง บางบอน,เขตบางบอน,กรุงเทพมหานคร,10150,,หญิง
787,Timeline ผู้ป่วยติดเชื้อ โควิดกรุงเทพ รายที่ 631,13.74048254,100.522356,1,2021-01-20,ไม่ระบุพิกัด,Timeline ที่ผู้ป่วยเคยมา,รายที่ 631 ชาย ลูกเรือสายการบิน,กรุงเทพมหานคร โดยสำนักงานประชาสัมพันธ์,https://www.facebook.com/prbangkok/photos/pcb.3191783664254566/3191782624254670,,แขวง รองเมือง,เขตปทุมวัน,กรุงเทพมหานคร,10330,,ชาย
805,Timeline ผู้ป่วยติดเชื้อ โควิดเพชรบุรี รายที่ 30,13.37266492,99.84102394,1,2021-01-20,ไม่ระบุพิกัด,Timeline ที่ผู้ป่วยเคยมา,รายที่ 30 ของจังหวัดเพชรบุรี เป็นหญิงไทย อายุ 43 ปี ที่อยู่ ม.5 ต.หนองชุมพลเหนือ อ.เขาย้อย อาชีพรับจ้างโรงงานตัดเย็บเสื้อผ้า จ.สมุทรสาคร,ข่าวเด็ดเพชรบุรี,https://www.facebook.com/kaodedphetburi/photos/a.568468567005494/1077112422807770/,,ปากท่อ,ปากท่อ,ราชบุรี,70140,43,หญิง
761,Timeline ผู้ป่วยติดเชื้อ โควิดกรุงเทพ รายที่ 611,13.85519716,100.5422268,1,2021-01-20,ไม่ระบุพิกัด,Timeline ที่ผู้ป่วยเคยมา,รายที่ 611 ชาย ตัวแทนขายประกันชีวิต,กรุงเทพมหานคร โดยสำนักงานประชาสัมพันธ์,https://www.facebook.com/prbangkok/photos/pcb.3187576928008573/3187573201342279,,แขวง ทุ่งสองห้อง,เขต หลักสี่,กรุงเทพมหานคร,10210,,ชาย
748,ผู้ป่วยติดเชื้อ โควิดราชบุรี รายที่ 27,13.37240823,99.84044998,1,2021-01-20,ข่าวสาร,กำลังรักษา,รายที่ 27 เพศหญิง อายุ 52 ปี เป็นกลุ่มเสี่ยงเสี่ยงกับผู้ป่วยยืนยันรายที่ 23 และ 24 ของจังหวัดราชบุรีเริ่มป่วย วันที่ 17 มค.2564 มีอาการไข้ ปวดเมื่อยตามตัวและเจ็บคอ ท้องเสีย ซื้อยามากินเอง ในวันที่ 20 มค. 64 เข้ารับการตรวจทางห้องปฏิบัติการ พบเชื้อ COVID – 19 ที่รพ. ปากท่อ,สำนักงานสาธารณสุขจังหวัดราชบุรี,https://www.facebook.com/%E0%B8%AA%E0%B8%B3%E0%B8%99%E0%B8%B1%E0%B8%81%E0%B8%87%E0%B8%B2%E0%B8%99%E0%B8%AA%E0%B8%B2%E0%B8%98%E0%B8%B2%E0%B8%A3%E0%B8%93%E0%B8%AA%E0%B8%B8%E0%B8%82%E0%B8%88%E0%B8%B1%E0%B8%87%E0%B8%AB%E0%B8%A7%E0%B8%B1%E0%B8%94%E0%B8%A3%E0%B8%B2%E0%B8%8A%E0%B8%9A%E0%B8%B8%E0%B8%A3%E0%B8%B5-222389184454020/photos/pcb.5672491349443749/5672464352779782//,,ยางหัก,ปากท่อ,ราชบุรี,70140,52,หญิง
747,ผู้ป่วยติดเชื้อ โควิดราชบุรี รายที่ 26,13.37234365,99.84068885,1,2021-01-20,ข่าวสาร,กำลังรักษา,รายที่ 26 เพศหญิง อายุ 53 ปี ไม่มีอาการเจ็บป่วย เป็นกลุ่มเสี่ยงเสี่ยงกับผู้ป่วยยืนยันรายที่ 23 และ 24 ของจังหวัดราชบุรี เข้ารับการตรวจทางห้องปฏิบัติการพบเชื้อ COVID – 19 ที่รพ. ปากท่อ และรับการรักษาที่รพ. ปากท่อ เมื่อวันที่ 20 ม.ค. 63 ประวัติทำงานที่จังหวัดสมุทรสาครเดินทางไป-กลับทุกวัน ด้วยรถยนต์...ส่วนตัว,สำนักงานสาธารณสุขจังหวัดราชบุรี,https://www.facebook.com/%E0%B8%AA%E0%B8%B3%E0%B8%99%E0%B8%B1%E0%B8%81%E0%B8%87%E0%B8%B2%E0%B8%99%E0%B8%AA%E0%B8%B2%E0%B8%98%E0%B8%B2%E0%B8%A3%E0%B8%93%E0%B8%AA%E0%B8%B8%E0%B8%82%E0%B8%88%E0%B8%B1%E0%B8%87%E0%B8%AB%E0%B8%A7%E0%B8%B1%E0%B8%94%E0%B8%A3%E0%B8%B2%E0%B8%8A%E0%B8%9A%E0%B8%B8%E0%B8%A3%E0%B8%B5-222389184454020/photos/pcb.5672491349443749/5672464262779791,,ยางหัก,ปากท่อ,ราชบุรี,70140,53,หญิง
746,ผู้ป่วยติดเชื้อ โควิดราชบุรี รายที่ 25,13.37239571,99.84065417,1,2021-01-20,ข่าวสาร,กำลังรักษา,รายที่ 25 เพศหญิง อายุ 50 ปีไม่มีอาการเจ็บป่วย เป็นกลุ่มเสี่ยงเสี่ยงกับผู้ป่วยยืนยันรายที่ 23 และ 24 ของจังหวัดราชบุรี เข้ารับการตรวจทางห้องปฏิบัติการพบเชื้อ COVID – 19 รักษาที่รพ. ปากท่อ เมื่อวันที่ 20 ม.ค. 63 ประวัติทำงานที่จังหวัดสมุทรสาครเดินทางไป-กลับทุกวัน ด้วยรถยนต์ส่วนตัว,สำนักงานสาธารณสุขจังหวัดราชบุรี,https://www.facebook.com/%E0%B8%AA%E0%B8%B3%E0%B8%99%E0%B8%B1%E0%B8%81%E0%B8%87%E0%B8%B2%E0%B8%99%E0%B8%AA%E0%B8%B2%E0%B8%98%E0%B8%B2%E0%B8%A3%E0%B8%93%E0%B8%AA%E0%B8%B8%E0%B8%82%E0%B8%88%E0%B8%B1%E0%B8%87%E0%B8%AB%E0%B8%A7%E0%B8%B1%E0%B8%94%E0%B8%A3%E0%B8%B2%E0%B8%8A%E0%B8%9A%E0%B8%B8%E0%B8%A3%E0%B8%B5-222389184454020/photos/pcb.5672491349443749/5672464302779787/,,ยางหัก,ปากท่อ,ราชบุรี,70140,50,หญิง
760,Timeline ผู้ป่วยติดเชื้อ โควิดกรุงเทพ รายที่ 610,13.74871188,100.5832291,1,2021-01-20,ข่าวสาร,กำลังรักษา,รายที่ 610 ชาย นักแสดง ดีเจ พิธีกร,กรุงเทพมหานคร โดยสำนักงานประชาสัมพันธ์,https://www.facebook.com/prbangkok/photos/pcb.3187576928008573/3187572808008985,,แขวง บางกะปิ,เขตห้วยขวาง,กรุงเทพมหานคร,10310,,ชาย
733,ผู้ป่วยติดเชื้อ โควิดอ่างทอง รายที่ 112,14.58473062,100.452165,1,2021-01-20,ข่าวสาร,กำลังรักษา,รายที่ 112 หญิง อายุ 39 ปี ต.หลักแก้ว อ.วิเศษชัญชาญ,สำนักงานสาธารณสุขจังหวัดอ่างทอง,https://www.ato.moph.go.th/aeed/sites/default/files/2021-01/timeline112_0.jpg,,บางแก้ว,เมืองอ่างทอง,อ่างทอง,14000,39,หญิง
794,Timeline ผู้ป่วยติดเชื้อ โควิดกรุงเทพ รายที่ 646,13.81611195,100.5611614,1,2021-01-20,ไม่ระบุพิกัด,Timeline ที่ผู้ป่วยเคยมา,รายที่ 646 ชาย นักศึกษา ม.อัสสัมชัญ (ABAC),กรุงเทพมหานคร โดยสำนักงานประชาสัมพันธ์,https://www.facebook.com/prbangkok/photos/pcb.3194102854022647/3194096347356631,,แขวง จตุจักร,เขตจตุจักร,กรุงเทพมหานคร,10900,,ชาย
806,Timeline ผู้ป่วยติดเชื้อ โควิดเพชรบุรี รายที่ 31,13.37240194,99.84054831,1,2021-01-20,ไม่ระบุพิกัด,Timeline ที่ผู้ป่วยเคยมา,รายที่ 31 ของจังหวัดเพชรบุรี เป็นหญิงไทย อายุ 50 ปี ที่อยู่ ม.4 ต.หนองชุมพลเหนือ อ.เขาย้อย อาชีพรับจ้างโรงงานตัดเย็บเสื้อผ้า จ.สมุทรสาคร,ข่าวเด็ดเพชรบุรี,https://www.facebook.com/kaodedphetburi/photos/a.568468567005494/1077111769474502/,,ปากท่อ,ปากท่อ,ราชบุรี,70140,50,หญิง
781,ผู้ป่วยติดเชื้อ โควิดสมุทรสงคราม รายที่ 33,13.40598552,99.9981405,1,2021-01-21,ข่าวสาร,กำลังรักษา,รายที่ 33 ผู้ป่วยเพศหญิง อายุ 42 ปี อาชีพ พนักงานบริษัท ในนิคมอุตสาหกรรมสมุทรสาคร ต.บางกระเจ้า อ.เมืองฯ จ.สมุทรสาคร ที่อยู่ หมู่ 9 ต.ท่าคา อ.อัมพวา,Covid-19 จังหวัดสมุทรสงคราม,https://www.facebook.com/sskofficialcovid19/photos/pcb.243354820633954/243354377300665,,แม่กลอง,เมืองสมุทรสงคราม,สมุทรสงคราม,75000,42,หญิง
768,Timeline ผู้ป่วยติดเชื้อ โควิดนนทบุรี รายที่ 160,13.86503444,100.4814358,1,2021-01-21,ไม่ระบุพิกัด,Timeline ที่ผู้ป่วยเคยมา,รายที่ 160 ชาย อายุ 30 ปี อ.เมืองนนทบุรี จ.นนทบุรี อาชีพผู้แทนเครื่องมือแพทย์ บริษัทเอกชน,ศูนย์ข้อมูล COVID-19 นนทบุรี,https://www.facebook.com/COVID19Nonthaburi/photos/pcb.241138800857701/241486544156260,,,เมืองนนทบุรี,นนทบุรี,11000,30,ชาย
745,ผู้ป่วยติดเชื้อ โควิดกาญจนบุรี รายที่ 7,13.97565922,99.63108216,1,2021-01-21,ข่าวสาร,กำลังรักษา,ผู้ป่วยรายที่ 7 เป็นชาย อายุ 33 ปี เป็นเจ้าหน้าที่ไปปฏิบัติงานในพื้นที่จังหวัดสมุทรสาคร วันที่ 11-14 มกราคม 2564 ปฏิบัติงานสอบสวนโรคในพื้นที่จังหวัดสมุทรสาคร วันที่ 15 มกราคม 2564 เจ้าหน้าที่แจ้งว่าทีมปฏิบัติงานทีมเดียวกัน มีผลตรวจพบเชื้อไวรัสโควิด-19 จำนวน 1 ราย วันที่ 15-19 มกราคม 2564 กลับจังหวัดกาญจนบุรี กักตัวดูอาการที่บ้านพักในอำเภอท่าม่วง,สำนักงานประชาสัมพันธ์จังหวัดกาญจนบุรี (PRD_KAN),https://www.facebook.com/%E0%B8%AA%E0%B8%B3%E0%B8%99%E0%B8%B1%E0%B8%81%E0%B8%87%E0%B8%B2%E0%B8%99%E0%B8%9B%E0%B8%A3%E0%B8%B0%E0%B8%8A%E0%B8%B2%E0%B8%AA%E0%B8%B1%E0%B8%A1%E0%B8%9E%E0%B8%B1%E0%B8%99%E0%B8%98%E0%B9%8C%E0%B8%88%E0%B8%B1%E0%B8%87%E0%B8%AB%E0%B8%A7%E0%B8%B1%E0%B8%94%E0%B8%81%E0%B8%B2%E0%B8%8D%E0%B8%88%E0%B8%99%E0%B8%9A%E0%B8%B8%E0%B8%A3%E0%B8%B5-PRD_KAN-148478098550037/photos/pcb.3848666808531129/3848666605197816,,ท่าม่วง,ท่าม่วง,กาญจนบุรี,71110,33,ชาย
778,ผู้ป่วยติดเชื้อ โควิดสมุทรสงคราม รายที่ 30,13.4057825,99.9982253,1,2021-01-21,ข่าวสาร,กำลังรักษา,รายที่ 30 ผู้ป่วยเพศหญิง อายุ 57 ปี อาชีพ พนักงานบริษัท ในนิคมอุตสาหกรรมสมุทรสาคร ต.บางกระเจ้า อ.เมืองฯ จ.สมุทรสาคร ที่อยู่ หมู่ 3 ต.ท่าคา อ.อัมพวา,Covid-19 จังหวัดสมุทรสงคราม,https://www.facebook.com/sskofficialcovid19/photos/pcb.243354820633954/243354293967340/,,แม่กลอง,เมืองสมุทรสงคราม,สมุทรสงคราม,75000,57,หญิง
779,ผู้ป่วยติดเชื้อ โควิดสมุทรสงคราม รายที่ 31,13.40588499,99.99792781,1,2021-01-21,ข่าวสาร,กำลังรักษา,รายที่ 31 ผู้ป่วยเพศหญิง อายุ 54 ปี อาชีพ พนักงานบริษัท ในนิคมอุตสาหกรรมสมุทรสาคร ต.บางกระเจ้า อ.เมืองฯ จ.สมุทรสาคร ที่อยู่ หมู่ 4 ต.ท่าคา อ.อัมพวา,Covid-19 จังหวัดสมุทรสงคราม,https://www.facebook.com/sskofficialcovid19/photos/pcb.243354820633954/243354440633992,,แม่กลอง,เมืองสมุทรสงคราม,สมุทรสงคราม,75000,54,หญิง
780,ผู้ป่วยติดเชื้อ โควิดสมุทรสงคราม รายที่ 32,13.40612011,99.99819431,1,2021-01-21,ข่าวสาร,กำลังรักษา,รายที่ 32 ผู้ป่วยเพศหญิง อายุ 27 ปี อาชีพ พนักงานบริษัท ในนิคมอุตสาหกรรมสมุทรสาคร ต.บางกระเจ้า อ.เมืองฯ จ.สมุทรสาคร ที่อยู่ หมู่ 1 ต.นางตะเคียน อ.เมืองฯ,Covid-19 จังหวัดสมุทรสงคราม,https://www.facebook.com/sskofficialcovid19/photos/pcb.243354820633954/243354330634003,,แม่กลอง,เมืองสมุทรสงคราม,สมุทรสงคราม,75000,27,หญิง
782,ผู้ป่วยติดเชื้อ โควิดสมุทรสงคราม รายที่ 34,13.40628035,99.99793397,1,2021-01-21,ข่าวสาร,กำลังรักษา,รายที่ 34 ผู้ป่วยเพศหญิง อายุ 42 ปี อาชีพ พนักงานบริษัท ในนิคมอุสาหกรรมสมุทรสาคร ต.บางกระเจ้า อ.เมืองฯ จ.สมุทรสาคร ที่อยู่ หมู่ 8 ต.บางพรม อ.บางคนที,Covid-19 จังหวัดสมุทรสงคราม,https://www.facebook.com/sskofficialcovid19/photos/pcb.243354820633954/243354417300661,,แม่กลอง,เมืองสมุทรสงคราม,สมุทรสงคราม,75000,42,หญิง
814,Timeline ผู้ป่วยติดเชื้อ โควิดกรุงเทพ รายที่ 665,13.72653746,100.5098666,1,2021-01-21,ไม่ระบุพิกัด,Timeline ที่ผู้ป่วยเคยมา,รายที่ 665 ชาย ไม่ได้ประกอบอาชีพ,กรุงเทพมหานคร โดยสำนักงานประชาสัมพันธ์,https://www.facebook.com/prbangkok/photos/pcb.3197187133714219/3197185207047745,,แขวง คลองต้นไทร,เขตคลองสาน,กรุงเทพมหานคร,10600,,ชาย
784,ผู้ป่วยติดเชื้อ โควิดอ่างทอง รายที่ 116,14.58472864,100.4521962,1,2021-01-21,ข่าวสาร,กำลังรักษา,ผู้ป่วยรายที่ : 116 เพศ : ชาย สัญชาติ : ไทย อายุ : 65 ปี ต.บางจัก อ.วิเศษชัยชาญ,สำนักงานสาธารณสุขจังหวัดอ่างทอง,https://www.ato.moph.go.th/aeed/sites/default/files/2021-01/%E0%B8%A3%E0%B8%B2%E0%B8%A2%E0%B8%97%E0%B8%B5%E0%B9%88%20116.jpg,,บางแก้ว,เมืองอ่างทอง,อ่างทอง,14000,65,ชาย
789,Timeline ผู้ป่วยติดเชื้อ โควิดกรุงเทพ รายที่ 635,13.76042483,100.5381908,1,2021-01-21,ไม่ระบุพิกัด,Timeline ที่ผู้ป่วยเคยมา,รายที่ 635 ชายพนักงานบริษัท,กรุงเทพมหานคร โดยสำนักงานประชาสัมพันธ์,https://www.facebook.com/prbangkok/photos/pcb.3191783664254566/3191783057587960,,แขวง ถนนพญาไท,เขตราชเทวี,กรุงเทพมหานคร,10400,,ชาย
815,Timeline ผู้ป่วยติดเชื้อ โควิดกรุงเทพ รายที่ 666,13.72649737,100.5098294,1,2021-01-21,ไม่ระบุพิกัด,Timeline ที่ผู้ป่วยเคยมา,รายที่ 666 หญิง พนักงานร้านขายเสื้อผ้า,กรุงเทพมหานคร โดยสำนักงานประชาสัมพันธ์,https://www.facebook.com/prbangkok/photos/pcb.3197187133714219/3197185127047753,,แขวง คลองต้นไทร,เขตคลองสาน,กรุงเทพมหานคร,10600,,หญิง
795,Timeline ผู้ป่วยติดเชื้อ โควิดกรุงเทพ รายที่ 648,13.75814784,100.5350653,1,2021-01-21,ไม่ระบุพิกัด,Timeline ที่ผู้ป่วยเคยมา,รายที่ 648 ชายผู้จัดการสถาบันกวดวิชา,กรุงเทพมหานคร โดยสำนักงานประชาสัมพันธ์,https://www.facebook.com/prbangkok/photos/pcb.3194102854022647/3194335513999381,,แขวง ถนนพญาไท,เขตราชเทวี,กรุงเทพมหานคร,10400,,ชาย
811,Timeline ผู้ป่วยติดเชื้อ โควิดกรุงเทพ รายที่ 659,13.73793165,100.5595182,1,2021-01-21,ไม่ระบุพิกัด,Timeline ที่ผู้ป่วยเคยมา,รายที่ 659 หญิง พนักงานร้านสตาร์บัค,กรุงเทพมหานคร โดยสำนักงานประชาสัมพันธ์,https://www.facebook.com/prbangkok/photos/pcb.3197187133714219/3197185110381088,,แขวง คลองเตยเหนือ,เขตวัฒนา,กรุงเทพมหานคร,10110,,หญิง
799,Timeline ผู้ป่วยติดเชื้อ โควิดกรุงเทพ รายที่ 657,13.7584487,100.5659092,1,2021-01-21,ไม่ระบุพิกัด,Timeline ที่ผู้ป่วยเคยมา,รายที่ 657 ชาย ผู้จัดการฝ่ายประชาสัมพันธ์,กรุงเทพมหานคร โดยสำนักงานประชาสัมพันธ์,https://www.facebook.com/prbangkok/photos/pcb.3195399767226289/3195399500559649,,แขวง ห้วยขวาง,เขตดินแดง,กรุงเทพมหานคร,10400,,ชาย
753,ผู้ป่วยติดเชื้อ โควิดอยุธยา รายที่ 41,14.39857579,100.5929883,1,2021-01-21,ข่าวสาร,กำลังรักษา,รายที่ 41 หญิง อายุ 39 ปี หมู่ 5 ต.พยอม อ.วังน้อย,งานประชาสัมพันธ์ สสจ.อยุธยา,https://www.facebook.com/photo?fbid=1983619135114057&set=pcb.1983613901781247,,บ่อโพง,นครหลวง,พระนครศรีอยุธยา,13260,39,หญิง
774,ผู้ป่วยติดเชื้อ โควิดสมุทรสงคราม รายที่ 38,13.40596242,99.99806255,1,2021-01-22,ข่าวสาร,กำลังรักษา,รายที่ 38 ผู้ป่วยเพศชาย อายุ 23 ปี (สัมผัสใกล้ชิดผู้ป่วยรายที่29) อาชีพ ทำสวน ที่อยู่ หมู่ 4 ต.บางนางลี่ อ.อัมพวา,Covid-19 จังหวัดสมุทรสงคราม,https://www.facebook.com/sskofficialcovid19/photos/pcb.244051567230946/244526930516743,,แม่กลอง,เมืองสมุทรสงคราม,สมุทรสงคราม,75000,23,ชาย
813,Timeline ผู้ป่วยติดเชื้อ โควิดกรุงเทพ รายที่ 661,13.72037624,100.5600709,1,2021-01-22,ไม่ระบุพิกัด,Timeline ที่ผู้ป่วยเคยมา,รายที่ 661 ชายอาชีพอิสระ(นายหน้าขายอสังหาริมทรัพย์),กรุงเทพมหานคร โดยสำนักงานประชาสัมพันธ์,https://www.facebook.com/prbangkok/photos/pcb.3197187133714219/3197185420381057,,แขวง คลองเตย,เขตคลองเตย,กรุงเทพมหานคร,10110,,ชาย
771,ผู้ป่วยติดเชื้อ โควิดสมุทรสงคราม รายที่ 35,13.40650905,99.99794955,1,2021-01-22,ข่าวสาร,กำลังรักษา,รายที่ 35 ผู้ป่วยเพศหญิง อายุ 52 ปี อาชีพ พนักงานบริษัทตัดเย็บเสื้อผ้าแห่งหนึ่งต.บางกระเจ้า อ.เมืองฯจ.สมุทรสาคร ที่อยู่ หมู่ 1 ต.แพรกหนามแดง อ.อัมพวา,Covid-19 จังหวัดสมุทรสงคราม,https://www.facebook.com/sskofficialcovid19/photos/pcb.244051567230946/244051227230980/,,แม่กลอง,เมืองสมุทรสงคราม,สมุทรสงคราม,75000,52,หญิง
776,ผู้ป่วยติดเชื้อ โควิดสมุทรสงคราม รายที่ 40,13.40597333,99.99799763,1,2021-01-22,ข่าวสาร,กำลังรักษา,รายที่ 40 ผู้ป่วยเพศหญิง อายุ 58 ปี (ไม่มีอาการ) อาชีพ พนักงานบริษัทตัดเย็บเสื้อผ้าแห่งหนึ่งต.บางกระเจ้า อ.เมืองฯ จ.สมุทรสาคร ที่อยู่ หมู่ 4 ต.ท่าคา อ.อัมพวา,Covid-19 จังหวัดสมุทรสงคราม,https://www.facebook.com/sskofficialcovid19/photos/pcb.244051567230946/244526897183413,,แม่กลอง,เมืองสมุทรสงคราม,สมุทรสงคราม,75000,58,หญิง
777,ผู้ป่วยติดเชื้อ โควิดสมุทรสงคราม รายที่ 41,13.40595472,99.99779066,1,2021-01-22,ข่าวสาร,กำลังรักษา,รายที่ 41 ผู้ป่วยเพศหญิง อายุ 53 ปี อาชีพ พนักงานบริษัทผลิตภัณฑ์อาหารทะเลแปรรูป ต.บางขันแตก อ.เมือง ฯ ที่อยู่ ตำบลแม่กลอง อำเภอเมืองฯ,Covid-19 จังหวัดสมุทรสงคราม,https://www.facebook.com/sskofficialcovid19/photos/pcb.244051567230946/244530680516368,,แม่กลอง,เมืองสมุทรสงคราม,สมุทรสงคราม,75000,53,หญิง
773,ผู้ป่วยติดเชื้อ โควิดสมุทรสงคราม รายที่ 37,13.40583946,99.99822947,1,2021-01-22,ข่าวสาร,กำลังรักษา,รายที่ 37 ผู้ป่วยเพศหญิง อายุ 38 ปี อาชีพ พนักงานบริษัทผลิตภัณฑ์อาหารทะเลแปรรูป ต.บางขันแตก อ.เมือง ฯ ที่อยู่ หมู่ 3 ต.บางแค อ.อัมพวา,Covid-19 จังหวัดสมุทรสงคราม,https://www.facebook.com/sskofficialcovid19/photos/pcb.244051567230946/244526890516747,,แม่กลอง,เมืองสมุทรสงคราม,สมุทรสงคราม,75000,38,หญิง
801,ผู้ป่วยติดเชื้อ โควิดนนทบุรี รายที่ 162,13.73936751,100.2556886,1,2021-01-22,ไม่ระบุพิกัด,Timeline ที่ผู้ป่วยเคยมา,รายที่ 162 หญิง อายุ 53 ปี อ.บางใหญ่ จ.นนทบุรี,ศูนย์ข้อมูล COVID-19 นนทบุรี,https://www.facebook.com/COVID19Nonthaburi/photos/a.103225997982316/243598827278365/,,ไร่ขิง,สามพราน,นครปฐม,73210,53,ชาย
772,ผู้ป่วยติดเชื้อ โควิดสมุทรสงคราม รายที่ 36,13.40593161,99.99826105,1,2021-01-22,ข่าวสาร,กำลังรักษา,รายที่ 36 ผู้ป่วยเพศชาย อายุ 36 ปี อาชีพ อาชีพ พนักงานบริษัทตัดเย็บเสื้อผ้าแห่งหนึ่งต.บางกระเจ้า อ.เมืองฯ จ.สมุทรสาคร ที่อยู่ หอพัก ต.ท่าทราย อ.เมือง จ.สมุทรสาคร,Covid-19 จังหวัดสมุทรสงคราม,https://www.facebook.com/sskofficialcovid19/photos/pcb.244051567230946/244051280564308,,แม่กลอง,เมืองสมุทรสงคราม,สมุทรสงคราม,75000,36,ชาย
775,ผู้ป่วยติดเชื้อ โควิดสมุทรสงคราม รายที่ 39,13.40613236,99.99799241,1,2021-01-22,ข่าวสาร,กำลังรักษา,รายที่ 39ผู้ป่วยเพศหญิง อายุ 44 ปี (ไม่มีอาการ) อาชีพ รับจ้าง (สัมผัสใกล้ชิดผู้ป่วยรายที่ 32) ที่อยู่ หมู่ 1 ต.นางตะเคียน อ.เมือง,Covid-19 จังหวัดสมุทรสงคราม,https://www.facebook.com/sskofficialcovid19/photos/pcb.244051567230946/244526963850073,,แม่กลอง,เมืองสมุทรสงคราม,สมุทรสงคราม,75000,44,หญิง
796,Timeline ผู้ป่วยติดเชื้อ โควิดกรุงเทพ รายที่ 650,13.82875611,100.5687203,1,2021-01-22,ไม่ระบุพิกัด,Timeline ที่ผู้ป่วยเคยมา,รายที่ 650 ชาย อาชีพรับจ้าง,กรุงเทพมหานคร โดยสำนักงานประชาสัมพันธ์,https://www.facebook.com/prbangkok/photos/pcb.3194102854022647/3194096737356592,,แขวง ลาดยาว,เขตจตุจักร,กรุงเทพมหานคร,10900,,ชาย
783,ผู้ป่วยติดเชื้อ โควิดราชบุรี รายที่ 28,13.37258002,99.84082331,1,2021-01-23,ข่าวสาร,กำลังรักษา,รายที่ 28 เพศหญิง อายุ 43 ปี บ้านอยู่ตำบลดอนทราย อำเภอปากท่อ ประวัติทำงานที่จังหวัดสมุทรสงคราม เดินทางไป-กลับ บ้านและที่ทำงาน ด้วยรถยนต์ส่วนตัวพร้อมสามีทุกวัน,สำนักงานสาธารณสุขจังหวัดราชบุรี,https://www.facebook.com/%E0%B8%AA%E0%B8%B3%E0%B8%99%E0%B8%B1%E0%B8%81%E0%B8%87%E0%B8%B2%E0%B8%99%E0%B8%AA%E0%B8%B2%E0%B8%98%E0%B8%B2%E0%B8%A3%E0%B8%93%E0%B8%AA%E0%B8%B8%E0%B8%82%E0%B8%88%E0%B8%B1%E0%B8%87%E0%B8%AB%E0%B8%A7%E0%B8%B1%E0%B8%94%E0%B8%A3%E0%B8%B2%E0%B8%8A%E0%B8%9A%E0%B8%B8%E0%B8%A3%E0%B8%B5-222389184454020/photos/pcb.5686151781411039/5686151034744447/,,ปากท่อ,ปากท่อ,ราชบุรี,70140,43,หญิง
770,ผู้ป่วยติดเชื้อ โควิดสมุทรสงคราม รายที่ 44,13.40639916,99.99785987,1,2021-01-23,ข่าวสาร,กำลังรักษา,รายที่ 44 หญิงอายุ 19 ปี อยู่ต.แหลมใหญ่ อ.เมือง จ.สมุทรสงคราม อาชีพพนักงานบริษัทผลิตภัณฑ์อาหารทะเลแปรรูป,Covid-19 จังหวัดสมุทรสงคราม,https://www.facebook.com/sskofficialcovid19/photos/pcb.244746813828088/244744787161624,,แม่กลอง,เมืองสมุทรสงคราม,สมุทรสงคราม,75000,19,หญิง
817,Timeline ผู้ป่วยติดเชื้อ โควิดนนทบุรี รายที่ 162,13.73937398,100.2556031,1,2021-01-23,ไม่ระบุพิกัด,Timeline ที่ผู้ป่วยเคยมา,ผู้ป่วยรายที่ 162 หญิงอายุ 53 ปี อ.บางใหญ่ จ.นนทบุรี,ศูนย์ข้อมูล COVID-19 นนทบุรี,https://www.facebook.com/COVID19Nonthaburi/photos/a.103225997982316/243598827278365/,,ไร่ขิง,สามพราน,นครปฐม,73210,53,หญิง
769,ผู้ป่วยติดเชื้อ โควิดสมุทรสงคราม รายที่ 43,13.40621925,99.99800648,1,2021-01-23,ข่าวสาร,กำลังรักษา,รายที่ 43 หญิงอายุ 51 ปี อยู่หมู่ 4 ต.ยี่สาร อ.อัมพวา จ.สมุทรสงคราม อาชีพพนักงานบริษัทผลิตภัณฑ์อาหารทะเลแปรรูป,Covid-19 จังหวัดสมุทรสงคราม,https://www.facebook.com/sskofficialcovid19/photos/pcb.244746813828088/244744793828290/,,แม่กลอง,เมืองสมุทรสงคราม,สมุทรสงคราม,75000,51,หญิง
785,ผู้ป่วยติดเชื้อ โควิดสมุทรสงคราม รายที่ 45,13.40627124,99.99796867,1,2021-01-24,ข่าวสาร,กำลังรักษา,รายที่ 45 ผู้ป่วยเพศชาย อายุ 56 ปี อาชีพ รับจ้างดูแลบ่อปลา และเลี้ยงปลา ที่อยู่ หมู่ 5 ต.แพรกหนามแดง อ.อัมพวา,Covid-19 จังหวัดสมุทรสงคราม,https://www.facebook.com/sskofficialcovid19/photos/a.114343656868405/245419433760826/,,แม่กลอง,เมืองสมุทรสงคราม,สมุทรสงคราม,75000,56,ชาย
802,ผู้ป่วยติดเชื้อ โควิดนราธิวาส รายที่ 7,6.414712255,101.8237514,1,2021-01-25,ข่าวสาร,กำลังรักษา,รายที่ 7 เพศหญิง 23 ปี เดินทางกลับจากจังหวัดสมุทรสาคร ด้วยรถไฟ /รักษาตัวที่ รพ.นราธิวาสราชนครินทร์,สำนักงานสาธารณสุขจังหวัดนราธิวาส,https://www.facebook.com/NaraPublicHealth/photos/pcb.3835809216441743/3835809149775083,,บางนาค,เมืองนราธิวาส,นราธิวาส,96000,23,หญิง
807,ผู้ป่วยติดเชื้อ โควิดเพชรบุรี รายที่ 31,13.40609899,99.99810731,1,2021-01-25,ข่าวสาร,กำลังรักษา,รายที่ 46 ผู้ป่วยเพศชาย อายุ 27 ปี (มีอาการ) สามีผู้ป่วยรายที่ 44 อาชีพ ขายปลาทูนึ่ง ที่อยู่ หมู่ 3 ต.แหลมใหญ่ อ.เมือง,Covid-19 จังหวัดสมุทรสงคราม,https://www.facebook.com/sskofficialcovid19/photos/a.114343656868405/245995930369843/,,แม่กลอง,เมืองสมุทรสงคราม,สมุทรสงคราม,75000,27,ชาย
804,Timeline ผู้ป่วยติดเชื้อ โควิดเพชรบุรี รายที่ 32,13.23939231,99.8256538,1,2021-01-25,ไม่ระบุพิกัด,Timeline ที่ผู้ป่วยเคยมา,รายที่ 32 เป็นหญิงชาวพม่าอายุ 41 ปีอยู่ตำบลสระพัง อำเภอเขาย้อย,ข่าวเด็ดเพชรบุรี,https://www.facebook.com/kaodedphetburi/photos/a.568468567005494/1080314962487516/,,ขาย้อย,เขาย้อย,เพชรบุรี,76140,41,หญิง
810,ผู้ป่วยติดเชื้อ โควิดอยุธยา รายที่ 42,14.07331044,100.6149782,1,2021-01-25,ข่าวสาร,กำลังรักษา,ระลอกใหม่รายที่ 42 ชายไทยอายุ 59 ปี หมู่ 5 ต.บ้านนา อ.มหาราช จ.อยุธยา อาชีพขับรถส่งผักขาย,งานประชาสัมพันธ์ สสจ.อยุธยา,https://www.facebook.com/photo?fbid=1987597854716185&set=pcb.1987597874716183,,คลองหนึ่ง,คลองหลวง,ปทุมธานี,12120,59,ชาย
809,ผู้ป่วยติดเชื้อ โควิดอยุธยา รายที่ 43,14.53781454,100.5283131,1,2021-01-26,ข่าวสาร,กำลังรักษา,ระลอกใหม่รายที่ 43 หญิง อายุ 58 ปี อยู่หมู่ 5 ต.บ้านนา อ.มหาราช จ.อยุธยา อาชีพค้าขาย เป็นภรรยาของผู้ติดเชื้อระลอกใหม่ รายที่ 42,งานประชาสัมพันธ์ สสจ.อยุธยา,https://www.facebook.com/photo?fbid=1988471384628832&set=pcb.1988471407962163,,หัวไผ่,มหาราช จังหวัด,พระนครศรีอยุธยา,13150,58,หญิง
808,ผู้ป่วยติดเชื้อ โควิดอ่างทอง รายที่ 117,14.5932932,100.3463765,1,2021-01-26,ข่าวสาร,กำลังรักษา,ผู้ป่วยรายที่ : 117 เพศ : ชาย สัญชาติ : ไทย อายุ : 45 ปี ต.บางจัก อ.วิเศษชัยชาญ,สำนักงานสาธารณสุขจังหวัดอ่างทอง,https://www.ato.moph.go.th/aeed/sites/default/files/2021-01/%E0%B8%A3%E0%B8%B2%E0%B8%A2%E0%B8%97%E0%B8%B5%E0%B9%88%20117.jpg,,ศาลเจ้าโรงทอง,วิเศษชัยชาญ,อ่างทอง,14110,45,ชาย
816,ผู้ป่วยติดเชื้อ โควิดอ่างทอง รายที่ 118,14.58474281,100.4522083,1,2021-01-28,ข่าวสาร,กำลังรักษา,ผู้ป่วยรายที่ : 118 เพศ : หญิง สัญชาติ : ไทย อายุ : 25 ปี ต.ไผ่ดำพัฒนา อ.วิเศษชัยชาญ,สำนักงานสาธารณสุขจังหวัดอ่างทอง,https://www.ato.moph.go.th/aeed/sites/default/files/2021-01/%E0%B8%A3%E0%B8%B2%E0%B8%A2%E0%B8%97%E0%B8%B5%E0%B9%88%20118.jpg,,บางแก้ว,เมืองอ่างทอง,อ่างทอง,14000,25,หญิง
818,ผู้ป่วยติดเชื้อ โควิดอยุธยา รายที่ 44,14.34377313,100.5601081,1,2021-01-28,ข่าวสาร,กำลังรักษา,ผู้ป่วยรายที่ 44 หญิง อายุ 86 อยู่หมู่ 5 ต.บ้านนา อ.มหาราช จ.อยุธยา,งานประชาสัมพันธ์ สสจ.อยุธยา,https://www.facebook.com/photo?fbid=1989347681207869&set=pcb.1989347704541200,,,พระนครศรีอยุธยา,พระนครศรีอยุธยา,13000,86,หญิง
