gid,place_name,lat,lon,case_number,date_start,status_news,status_patient,description,ref_sources,link_news,tb_code,tb_th,ap_th,pro_th,postcode,age,gender
909,ผู้ป่วยยืนยันในจังหวัดนครปฐม รายที่​ 128,13.81910648,100.0753006,1,2021-03-14,ข่าวสาร,กำลังรักษา,รายที่ 128 เพศหญิง อายุ 50 ปี ต.นครชัยศรี อ.นครชัยศรี อาชีพ ขายของอยู่ในตลาดวันเดอร์(บางแค),PRCovid-19นครปฐม,https://www.facebook.com/103309634646876/photos/a.104039497907223/279076810403490/,,พระปฐมเจดีย์,เมืองนครปฐม,นครปฐม,73000,50,หญิง
908,ผู้ป่วยยืนยันในจังหวัดนครปฐม รายที่​ 132,13.79824646,100.2888511,1,2021-03-14,ข่าวสาร,กำลังรักษา,รายที่ 132 เพศชาย อายุ 37 ปี ต.คลองโยง อ.พุทธมณฑล บุตรชายของผู้ป่วยรายที่ 121 และ 122,PRCovid-19นครปฐม,https://www.facebook.com/103309634646876/photos/a.104039497907223/279103573734147/,,ศาลายา,พุทธมณฑล,นครปฐม,73170,37,ชาย
905,ผู้ป่วยยืนยันในจังหวัดนครปฐม รายที่​ 131,13.81881305,100.0751592,1,2021-03-14,ข่าวสาร,กำลังรักษา,รายที่ 131 เพศหญิง อายุ 6 ปี ต.ตาก้อง อ.เมือง,PRCovid-19นครปฐม,https://www.facebook.com/103309634646876/photos/a.104039497907223/279487527029085/,,พระปฐมเจดีย์,เมืองนครปฐม,นครปฐม,73000,6,หญิง
904,ผู้ป่วยยืนยันในจังหวัดนครปฐม รายที่​ 127,13.81906523,100.0751299,1,2021-03-14,ข่าวสาร,กำลังรักษา,รายที่ 127 เพศหญิง อายุ 34 ปี ต.บ่อพลับ อ.เมืองนครปฐม อาชีพขายเนื้อหมู ที่ตลาดวันเดอร์,PRCovid-19นครปฐม,https://www.facebook.com/103309634646876/photos/a.104039497907223/279551440356027/,,พระปฐมเจดีย์,เมืองนครปฐม,นครปฐม,73000,34,หญิง
903,ผู้ป่วยยืนยันในจังหวัดนครปฐม รายที่​ 130,13.81912793,100.0751918,1,2021-03-14,ข่าวสาร,กำลังรักษา,รายที่ 130 เพศหญิง อายุ 57 ปี ต.ตาก้อง อ.เมืองนครปฐม,PRCovid-19นครปฐม,https://www.facebook.com/103309634646876/photos/a.104039497907223/279551620356009/,,พระปฐมเจดีย์,เมืองนครปฐม,นครปฐม,73000,57,หญิง
902,ผู้ป่วยยืนยันในจังหวัดนครปฐม รายที่​ 129,13.74748679,100.2608214,1,2021-03-14,ข่าวสาร,กำลังรักษา,รายที่ 129 เพศหญิง อายุ 51 ปี ต.บ้านใหม่ อ.สามพราน (ผู้ค้าในตลาดวันเดอร์บางแค),PRCovid-19นครปฐม,https://www.facebook.com/103309634646876/photos/a.104039497907223/279586663685838/,,ไร่ขิง,สามพราน,นครปฐม,73210,51,หญิง
906,Timeline ผู้ป่วยยืนยันในจังหวัดนครปฐม รายที่​ 133,13.79252648,100.1942206,1,2021-03-14,ไม่ระบุพิกัด,Timeline ที่ผู้ป่วยเคยมา,รายที่ 133 เพศชาย อายุ 10 ปี ต.นครชัยศรี บุตรของผู้ป่วยรายที่ 128,PRCovid-19นครปฐม,https://www.facebook.com/PRCovid-19%E0%B8%99%E0%B8%84%E0%B8%A3%E0%B8%9B%E0%B8%90%E0%B8%A1-103309634646876/photos/a.104039497907223/279409160370255,,นครชัยศรี,นครชัยศรี,นครปฐม,73120,10,ชาย
916,ผู้ป่วยยืนยันในจังหวัดนครปฐม รายที่​ 145,13.819249,100.0752358,1,2021-03-15,ข่าวสาร,กำลังรักษา,รายที่ 145 เพศชาย อายุ 40 ปี ต.บ่อพลับ อ.เมืองปฐม,PRCovid-19นครปฐม,https://www.facebook.com/103309634646876/photos/a.104039497907223/280191996958638/,,พระปฐมเจดีย์,เมืองนครปฐม,นครปฐม,73000,40,ชาย
915,ผู้ป่วยยืนยันในจังหวัดนครปฐม รายที่​ 143,13.81906538,100.075319,1,2021-03-15,ข่าวสาร,กำลังรักษา,รายที่ 143 เพศชาย อายุ 62 ปี ต.บ่อพลับ อ.เมืองนครปฐม อาชีพ ช่างซ่อมรถยนต์ที่อู่,PRCovid-19นครปฐม,https://www.facebook.com/103309634646876/photos/a.104039497907223/280202276957610/,,พระปฐมเจดีย์,เมืองนครปฐม,นครปฐม,73000,62,ชาย
917,ผู้ป่วยยืนยันในจังหวัดนครปฐม รายที่​ 140,13.81922947,100.0753357,1,2021-03-15,ข่าวสาร,กำลังรักษา,รายที่ 140 เพศชาย อายุ 20 ปี ต.บ่อพลับ อ.เมืองนครปฐม,PRCovid-19นครปฐม,https://www.facebook.com/103309634646876/photos/a.104039497907223/280191670292004/,,พระปฐมเจดีย์,เมืองนครปฐม,นครปฐม,73000,20,ชาย
914,Timeline ผู้ป่วยยืนยันในจังหวัดนครปฐม รายที่​ 141,13.81909438,100.0750794,1,2021-03-15,ไม่ระบุพิกัด,Timeline ที่ผู้ป่วยเคยมา,รายที่ 141 เพศหญิง อายุ 54 ปี ต.นครปฐม อ.เมืองนครปฐม แม่บ้านทำความสะอาด ร้านสวนอนันต์,PRCovid-19นครปฐม,https://www.facebook.com/103309634646876/photos/a.104039497907223/280293340281837/,,พระปฐมเจดีย์,เมืองนครปฐม,นครปฐม,73000,54,หญิง
899,ผู้ป่วยติดเชื้อ โควิดศรีสะเกษ รายที่ 1 (ระลอกใหม่),15.11593487,104.3202534,1,2021-03-16,ข่าวสาร,กำลังรักษา,ระลอกใหม่รายแรกจากการคัดกรองแม่ค้าบางแคกลับมาเยี่ยมบ้าน ผู้ป่วย เพศหญิง อายุ 49 ปี อาชีพ ค้าขาย ที่ตลาดบางแควันเดอร์ กรุงเทพมหานคร (ไม่มีอาการ),สวท.ศรีสะเกษ,https://www.facebook.com/RadiosisaketFM100.25MHz/photos/a.117784562159179/808708266400135/,,เมืองใต้,เมืองศรีสะเกษ,ศรีสะเกษ,33000,49,หญิง
918,ผู้ป่วยยืนยันในจังหวัดมุกดาหาร,16.54134926,104.7269828,1,2021-03-17,ข่าวสาร,กำลังรักษา,เพศหญิง อายุ 52 ปี อ.นิคมคำสร้อย จ.มุกดาหาร เดินทางมาจากกรุงเทพฯ,สำนักงานสาธารณสุขจังหวัดมุกดาหาร,https://www.facebook.com/mophMukdahan/photos/pcb.3758705590891318/3758705114224699,,,เมืองมุกดาหาร,มุกดาหาร,49000,52,หญิง
