gid,place_name,lat,lon,case_number,date_start,status_news,status_patient,description,ref_sources,link_news,tb_code,tb_th,ap_th,pro_th,postcode,age,gender
901,ผู้ป่วยติดเชื้อ โควิดอ่างทอง รายที่ 130,14.58474999,100.4521474,1,2021-03-08,ข่าวสาร,กำลังรักษา,ผู้ป่วยรายที่ : 130 เพศ : หญิง สัญชาติ : ไทย อายุ : ปี ต.โรงช้าง อ.ป่าโมก,สำนักงานสาธารณสุขจังหวัดอ่างทอง,https://www.ato.moph.go.th/aeed/sites/default/files/2021-03/130kk.jpg,,บางแก้ว,เมืองอ่างทอง,อ่างทอง,14000,60,หญิง
900,ผู้ป่วยติดเชื้อ โควิดอ่างทอง รายที่ 131,14.21376436,100.5769062,1,2021-03-09,ข่าวสาร,กำลังรักษา,ผู้ป่วยรายที่ : 131 เพศ : ชาย สัญชาติ : ไทย อายุ : ปี ต.โรงช้าง อ.ป่าโมก,สำนักงานสาธารณสุขจังหวัดอ่างทอง,https://www.ato.moph.go.th/aeed/sites/default/files/2021-03/131k.jpg,,บ้านเลน,บางปะอิน,พระนครศรีอยุธยา,13160,8,ชาย
902,ผู้ป่วยยืนยันในจังหวัดนครปฐม รายที่​ 129,13.74748679,100.2608214,1,2021-03-14,ข่าวสาร,กำลังรักษา,รายที่ 129 เพศหญิง อายุ 51 ปี ต.บ้านใหม่ อ.สามพราน (ผู้ค้าในตลาดวันเดอร์บางแค),PRCovid-19นครปฐม,https://www.facebook.com/103309634646876/photos/a.104039497907223/279586663685838/,,ไร่ขิง,สามพราน,นครปฐม,73210,51,หญิง
899,ผู้ป่วยติดเชื้อ โควิดศรีสะเกษ รายที่ 1 (ระลอกใหม่),15.11593487,104.3202534,1,2021-03-16,ข่าวสาร,กำลังรักษา,ระลอกใหม่รายแรกจากการคัดกรองแม่ค้าบางแคกลับมาเยี่ยมบ้าน ผู้ป่วย เพศหญิง อายุ 49 ปี อาชีพ ค้าขาย ที่ตลาดบางแควันเดอร์ กรุงเทพมหานคร (ไม่มีอาการ),สวท.ศรีสะเกษ,https://www.facebook.com/RadiosisaketFM100.25MHz/photos/a.117784562159179/808708266400135/,,เมืองใต้,เมืองศรีสะเกษ,ศรีสะเกษ,33000,49,หญิง
