id,status,date,placename,lat,lng,age,gender,nationality,from,patientstatus,note,source,parentcase
74,patient_has_been_here,2021-02-04,ตลาดสวนหลวง จุฬา,13.74289669,100.5245605,0,0,0,0,0, กทม.เปิดไทม์ไลน์ ผู้ป่วยโควิด  ประจำวันที่  9 กพ.,https://www.facebook.com/earthpongsakornk/posts/460298838713350,0
75,patient_has_been_here,2021-02-04,อาคารบริการ 2 สำนักงานจัดการทรัพย์สิน จุฬา,13.73937658,100.5293983,0,0,0,0,0, กทม.เปิดไทม์ไลน์ ผู้ป่วยโควิด  ประจำวันที่  10 กพ.,https://www.facebook.com/earthpongsakornk/posts/460994015310499,0
76,patient_has_been_here,2021-02-04,วิทยาลัยวิทยาศาสตร์ สาธารณสุข อาคารสถาบัน3,13.74256403,100.5328305,0,0,0,0,0, กทม.เปิดไทม์ไลน์ ผู้ป่วยโควิด  ประจำวันที่  10 กพ.,https://www.facebook.com/earthpongsakornk/posts/460994015310499,0
77,patient_has_been_here,2021-02-04,7-11 สาขาศูนย์การค้าวรรัตน์,13.70822271,100.5310484,0,0,0,0,0, กทม.เปิดไทม์ไลน์ ผู้ป่วยโควิด  ประจำวันที่  11 กพ.,https://www.facebook.com/earthpongsakornk/posts/461555448587689,0
78,patient_has_been_here,2021-02-04,วัดบางกระดี่ บางขุนเทียน,13.60021773,100.4056859,0,0,0,0,0, กทม.เปิดไทม์ไลน์ ผู้ป่วยโควิด  ประจำวันที่  13 กพ.,https://www.facebook.com/earthpongsakornk/posts/462881311788436,0
79,patient_has_been_here,2021-02-04,ห้างซีคอนบางแค,13.71174865,100.4341559,0,0,0,0,0, กทม.เปิดไทม์ไลน์ ผู้ป่วยโควิด  ประจำวันที่  13 กพ.,https://www.facebook.com/earthpongsakornk/posts/462881311788436,0
80,patient_has_been_here,2021-02-04,ป้อมรปภ. ศาลพระพรหม ครุศาสตร์ จุฬา,13.736633,100.5288218,0,0,0,0,0, กทม.เปิดไทม์ไลน์ ผู้ป่วยโควิด  ประจำวันที่  14 กพ.,https://www.facebook.com/earthpongsakornk/posts/463535471723020,0
81,patient_has_been_here,2021-02-04,BTS สถานีสยาม,13.74560482,100.5341794,0,0,0,0,0, กทม.เปิดไทม์ไลน์ ผู้ป่วยโควิด  ประจำวันที่  15 กพ.,https://www.facebook.com/earthpongsakornk/posts/464117151664852,0
82,patient_has_been_here,2021-02-05,จุฬา ฝั่งตะวันตก,13.73982463,100.527923,0,0,0,0,0, กทม.เปิดไทม์ไลน์ ผู้ป่วยโควิด  ประจำวันที่  9 กพ.,https://www.facebook.com/earthpongsakornk/posts/460298838713350,0
83,patient_has_been_here,2021-02-05,สถาบันบัณฑิตบริหารธุรกิจศศินทร์,13.74247791,100.5274041,0,0,0,0,0, กทม.เปิดไทม์ไลน์ ผู้ป่วยโควิด  ประจำวันที่  10 กพ.,https://www.facebook.com/earthpongsakornk/posts/460994015310499,0
84,patient_has_been_here,2021-02-05,ธนาคารไทยพาณิชย์ สาขาสยาม,13.74488629,100.5316173,0,0,0,0,0, กทม.เปิดไทม์ไลน์ ผู้ป่วยโควิด  ประจำวันที่  10 กพ.,https://www.facebook.com/earthpongsakornk/posts/460994015310499,0
85,patient_has_been_here,2021-02-05,หอพักนิสิต ตึกพุดซ้อน,13.74090896,100.5283409,0,0,0,0,0, กทม.เปิดไทม์ไลน์ ผู้ป่วยโควิด  ประจำวันที่  11 กพ.,https://www.facebook.com/earthpongsakornk/posts/461555448587689,0
86,patient_has_been_here,2021-02-05,อาคารวิทยนิเวศ,13.74064196,100.5270177,0,0,0,0,0, กทม.เปิดไทม์ไลน์ ผู้ป่วยโควิด  ประจำวันที่  11 กพ.,https://www.facebook.com/earthpongsakornk/posts/461555448587689,0
87,patient_has_been_here,2021-02-05,อาคารจุฬานิวาส,13.74172094,100.5260114,0,0,0,0,0, กทม.เปิดไทม์ไลน์ ผู้ป่วยโควิด  ประจำวันที่  11 กพ.,https://www.facebook.com/earthpongsakornk/posts/461555448587689,0
88,patient_has_been_here,2021-02-05,โรงอาหารมหิตลาธิเบศร์,13.74157164,100.5295636,0,0,0,0,0, กทม.เปิดไทม์ไลน์ ผู้ป่วยโควิด  ประจำวันที่  11 กพ.,https://www.facebook.com/earthpongsakornk/posts/461555448587689,0
89,patient_has_been_here,2021-02-05,ประตูธรรมะสถาน จุฬา,13.73967506,100.5262292,0,0,0,0,0, กทม.เปิดไทม์ไลน์ ผู้ป่วยโควิด  ประจำวันที่  14 กพ.,https://www.facebook.com/earthpongsakornk/posts/463535471723020,0
90,patient_has_been_here,2021-02-05,7-11 ศูนย์การค้าวรรัตน์ สาทร,13.70907465,100.5309339,0,0,0,0,0, กทม.เปิดไทม์ไลน์ ผู้ป่วยโควิด  ประจำวันที่  15 กพ.,https://www.facebook.com/earthpongsakornk/posts/464117151664852,0
91,patient_has_been_here,2021-02-05,BTS สถานีบางหว้า,13.72017547,100.4569003,0,0,0,0,0, กทม.เปิดไทม์ไลน์ ผู้ป่วยโควิด  ประจำวันที่  15 กพ.,https://www.facebook.com/earthpongsakornk/posts/464117151664852,0
92,patient_has_been_here,2021-02-05,BTS สถานีตลาดพลู,13.71423245,100.4767845,0,0,0,0,0, กทม.เปิดไทม์ไลน์ ผู้ป่วยโควิด  ประจำวันที่  15 กพ.,https://www.facebook.com/earthpongsakornk/posts/464117151664852,0
93,patient_has_been_here,2021-02-05,หน้าโรงหนังลิโด้,13.74582639,100.5325534,0,0,0,0,0, กทม.เปิดไทม์ไลน์ ผู้ป่วยโควิด  ประจำวันที่  15 กพ.,https://www.facebook.com/earthpongsakornk/posts/464117151664852,0
94,patient_has_been_here,2021-02-06,อาคารจุฬานิวาส,13.74181404,100.5259746,0,0,0,0,0, กทม.เปิดไทม์ไลน์ ผู้ป่วยโควิด  ประจำวันที่  9 กพ.,https://www.facebook.com/earthpongsakornk/posts/460298838713350,0
95,patient_has_been_here,2021-02-06,ตลาดสวนหลวง จุฬา,13.74278916,100.5247178,0,0,0,0,0, กทม.เปิดไทม์ไลน์ ผู้ป่วยโควิด  ประจำวันที่  10 กพ.,https://www.facebook.com/earthpongsakornk/posts/460994015310499,0
96,patient_has_been_here,2021-02-06,ร้านราดหน้านายลภ ถ.เอกชัย 61/2,0.0,0.0,0,0,0,0,0, กทม.เปิดไทม์ไลน์ ผู้ป่วยโควิด  ประจำวันที่  10 กพ.,https://www.facebook.com/earthpongsakornk/posts/460994015310499,0
97,patient_has_been_here,2021-02-06,ร้านขายอาหารทางเข้าวัดดวงแข,13.74082175,100.5184084,0,0,0,0,0, กทม.เปิดไทม์ไลน์ ผู้ป่วยโควิด  ประจำวันที่  11 กพ.,https://www.facebook.com/earthpongsakornk/posts/461555448587689,0
98,patient_has_been_here,2021-02-06,KFC EmQuartier,13.73097246,100.569653,0,0,0,0,0, กทม.เปิดไทม์ไลน์ ผู้ป่วยโควิด  ประจำวันที่  13 กพ.,https://www.facebook.com/earthpongsakornk/posts/462881311788436,0
99,patient_has_been_here,2021-02-06,ตลาดนัด แฟลตท่าเรือ คลองเตย,13.71080935,100.5700614,0,0,0,0,0, กทม.เปิดไทม์ไลน์ ผู้ป่วยโควิด  ประจำวันที่  13 กพ.,https://www.facebook.com/earthpongsakornk/posts/462881311788436,0
100,patient_has_been_here,2021-02-06,ร้านไซเบอร์โฟโต้ หน้าศูนย์หนังสือจุฬา,13.74404607,100.5328116,0,0,0,0,0, กทม.เปิดไทม์ไลน์ ผู้ป่วยโควิด  ประจำวันที่  13 กพ.,https://www.facebook.com/earthpongsakornk/posts/462881311788436,0
101,patient_has_been_here,2021-02-06,อาคารจามจุรี 5,13.73818025,100.5289019,0,0,0,0,0, กทม.เปิดไทม์ไลน์ ผู้ป่วยโควิด  ประจำวันที่  14 กพ.,https://www.facebook.com/earthpongsakornk/posts/463535471723020,0
102,patient_has_been_here,2021-02-06,Seacon Bangkae,13.7119359,100.4347272,0,0,0,0,0, กทม.เปิดไทม์ไลน์ ผู้ป่วยโควิด  ประจำวันที่  15 กพ.,https://www.facebook.com/earthpongsakornk/posts/464117151664852,0
103,patient_has_been_here,2021-02-07,หอพักชวนชม,13.7407093,100.5290294,0,0,0,0,0, กทม.เปิดไทม์ไลน์ ผู้ป่วยโควิด  ประจำวันที่  11 กพ.,https://www.facebook.com/earthpongsakornk/posts/461555448587689,0
104,patient_has_been_here,2021-02-07,ศูนย์รักษาความปลอดภัย จุฬา,13.7410711,100.5259049,0,0,0,0,0, กทม.เปิดไทม์ไลน์ ผู้ป่วยโควิด  ประจำวันที่  11 กพ.,https://www.facebook.com/earthpongsakornk/posts/461555448587689,0
105,patient_has_been_here,2021-02-07,Cafe amazon Terminal 21,13.73755134,100.5605514,0,0,0,0,0, กทม.เปิดไทม์ไลน์ ผู้ป่วยโควิด  ประจำวันที่  13 กพ.,https://www.facebook.com/earthpongsakornk/posts/462881311788436,0
106,patient_has_been_here,2021-02-07,MK Restuarant Terminal 21,13.73852226,100.5606332,0,0,0,0,0, กทม.เปิดไทม์ไลน์ ผู้ป่วยโควิด  ประจำวันที่  13 กพ.,https://www.facebook.com/earthpongsakornk/posts/462881311788436,0
107,patient_has_been_here,2021-02-07,Eve and boy Terminal 21,13.73805302,100.5606309,0,0,0,0,0, กทม.เปิดไทม์ไลน์ ผู้ป่วยโควิด  ประจำวันที่  13 กพ.,https://www.facebook.com/earthpongsakornk/posts/462881311788436,0
108,patient_has_been_here,2021-02-07,คลองถมเซ็นเตอร์,13.74643623,100.5068449,0,0,0,0,0, กทม.เปิดไทม์ไลน์ ผู้ป่วยโควิด  ประจำวันที่  13 กพ.,https://www.facebook.com/earthpongsakornk/posts/462881311788436,0
109,patient_has_been_here,2021-02-07,อาคารจุฬานิเวศน์,13.74064474,100.5271029,0,0,0,0,0, กทม.เปิดไทม์ไลน์ ผู้ป่วยโควิด  ประจำวันที่  14 กพ.,https://www.facebook.com/earthpongsakornk/posts/463535471723020,0
110,patient_has_been_here,2021-02-07,ปากซอย เอื้ออาทร 81 หนองแขม,13.67904452,100.3363908,0,0,0,0,0, กทม.เปิดไทม์ไลน์ ผู้ป่วยโควิด  ประจำวันที่  15 กพ.,https://www.facebook.com/earthpongsakornk/posts/464117151664852,0
111,patient_has_been_here,2021-02-08,อาคารเทิดพระเกียรติ พระราม4,13.73207345,100.533142,0,0,0,0,0, กทม.เปิดไทม์ไลน์ ผู้ป่วยโควิด  ประจำวันที่  13 กพ.,https://www.facebook.com/earthpongsakornk/posts/462881311788436,0
112,patient_has_been_here,2021-02-08,ประตูคณะอักษรศาสตร์ จุฬา,13.7386876,100.5346272,0,0,0,0,0, กทม.เปิดไทม์ไลน์ ผู้ป่วยโควิด  ประจำวันที่  14 กพ.,https://www.facebook.com/earthpongsakornk/posts/463535471723020,0
113,patient_has_been_here,2021-02-08,โรงอาหารคณะอักษรศาสตร์ จุฬา,13.73902918,100.5344107,0,0,0,0,0, กทม.เปิดไทม์ไลน์ ผู้ป่วยโควิด  ประจำวันที่  14 กพ.,https://www.facebook.com/earthpongsakornk/posts/463535471723020,0
114,patient_has_been_here,2021-02-08,หอประชุมจุฬา,13.73825721,100.5326718,0,0,0,0,0, กทม.เปิดไทม์ไลน์ ผู้ป่วยโควิด  ประจำวันที่  14 กพ.,https://www.facebook.com/earthpongsakornk/posts/463535471723020,0
115,patient_has_been_here,2021-02-09,ลานจอดรถสำนักทะเบียนจุฬา,13.73822735,100.5284446,0,0,0,0,0, กทม.เปิดไทม์ไลน์ ผู้ป่วยโควิด  ประจำวันที่  14 กพ.,https://www.facebook.com/earthpongsakornk/posts/463535471723020,0
116,patient_has_been_here,2021-02-09,ตลาดสำเหร่ ซอยสมเด็จพระเจ้าตากสิน 21,13.71216883,100.4886336,0,0,0,0,0, กทม.เปิดไทม์ไลน์ ผู้ป่วยโควิด  ประจำวันที่  14 กพ.,https://www.facebook.com/earthpongsakornk/posts/463535471723020,0
117,patient_has_been_here,2021-02-09,ตลาดเงินวิจิตร คลองต้นไทร,13.72441648,100.4930201,0,0,0,0,0, กทม.เปิดไทม์ไลน์ ผู้ป่วยโควิด  ประจำวันที่  14 กพ.,https://www.facebook.com/earthpongsakornk/posts/463535471723020,0
118,patient_has_been_here,2021-02-10,ป้อม รปภ.ศูนย์สัตว์ทดลอง จุฬา,13.74243313,100.533686,0,0,0,0,0, กทม.เปิดไทม์ไลน์ ผู้ป่วยโควิด  ประจำวันที่  14 กพ.,https://www.facebook.com/earthpongsakornk/posts/463535471723020,0
119,patient_has_been_here,2021-02-10,i'm park,13.74007973,100.5246268,0,0,0,0,0, กทม.เปิดไทม์ไลน์ ผู้ป่วยโควิด  ประจำวันที่  14 กพ.,https://www.facebook.com/earthpongsakornk/posts/463535471723020,0
120,patient_has_been_here,2021-02-10,ตลาดสี่มุมเมือง,13.96212333,100.6186288,0,0,0,0,0, กทม.เปิดไทม์ไลน์ ผู้ป่วยโควิด  ประจำวันที่  15 กพ.,https://www.facebook.com/earthpongsakornk/posts/464117151664852,0
