id,status,date,placename,lat,lng,age,gender,nationality,from,patientstatus,note,source,parentcase
40,unspecified_location,2020-12-15,นนทบุรี,13.8205741,100.4822683,0,female,Thai,Thailand,unknown,เคสแม่ค้ารถพุ่มพวงติดโควิด เป็นรถกระบะสีขาว ป้ายแดง ทะเบียน 8681 สมุทรปราการ ,https://www.thairath.co.th/news/local/central/1999153,0
41,unspecified_location,2020-12-15,แพกุ้งขนาดเล็ก บริเวณใกล้หอนาฬิกา,13.5440411,100.2752457,0,female,Thai,Thailand,unknown,เคสเจ้าของร้านอาหารติดโควิด มีประวัติไปแพกุ้ง จ.สมุทรสาคร,https://www.facebook.com/SomsakPuOb/photos/a.237834942950311/3554401867960252/?type=3,0
42,patient_has_been_here,2020-12-15,สำนักงานขนส่งเขตบางขุนเทียน,13.6211105,100.4387341,0,0,Thai,Thailand,unknown,เคสบุคลากร สวทช. ติดโควิด-19 ได้เข้ามาต่อใบขับขี่ที่นี่วันที่ 15 ธ.ค. ตรวจพบเชื้อตอนเย็นวันที่ 17 ธ.ค.,https://liff.line.me/1454988218-NjbXbq18/v2/article/jpyamK?utm_source=copyshare,0
43,patient_has_been_here,2020-12-15,สถานบันเทิงอีสานกรองแก้ว,13.7731761,100.4851346,0,male,Thai,Thailand,unknown,ผู้ป่วยโควิด-19 ชาย ชาวจ.นนทบุรี ตรวจพบเชื้อวันที่ 21/12/20,https://www.khaosod.co.th/covid-19/news_5583885,0
44,sanitized,2020-12-15,ห้างมาบุญครอง,13.74512653,100.5298302,0,male,Thai,Thailand,unknown,ผู้ป่วยโควิด-19 ชาย ชาวจ.นนทบุรี ตรวจพบเชื้อวันที่ 21/12/20 13 ธ.ค. แวะมาบุญครอง,https://www.facebook.com/mbkcenterth/posts/3939890189363487,0
45,patient_has_been_here,2020-12-15,ห้างบิ๊กซี อ.เมือง นครปฐม,13.812836,100.07,0,unknown,Thai,Thailand,unknown,ผู้ป่วย  covid-19 นครปฐม รายที่22-29,https://m.facebook.com/story.php?story_fbid=3200886696679973&id=246608695441136&sfnsn=mo,0
46,unspecified_location,2020-12-16,นนทบุรี,13.8330877,100.499237,0,female,Thai,Thailand,unknown,เคสแม่ค้ารถพุ่มพวงติดโควิด เป็นรถกระบะสีขาว ป้ายแดง ทะเบียน 8681 สมุทรปราการ ,https://www.thairath.co.th/news/local/central/1999153,0
47,unspecified_location,2020-12-16,ร้านแซ่บอีสานคาราโอเกะ ย่านเทเวศร์,13.7689441,100.5046383,0,male,Thai,Thailand,unknown,ผู้ป่วยโควิด-19 ชาย ชาวจ.นนทบุรี ตรวจพบเชื้อวันที่ 21/12/20,https://www.khaosod.co.th/covid-19/news_5583885,0
48,sanitizing,2020-12-16,ร้าน นมโจ สาขาประชาชื่น 39,13.84341791,100.5419373,0,unknown,Thai,Thailand,unknown,พบผู้ติดโควิดมาใช้บริการ'นมโจ'สาขาประชาชื่น39,https://www.dailynews.co.th/regional/814463,0
49,sanitizing,2020-12-16,เซ็นทรัลเวสต์เกต,13.87694672,100.4115482,0,unknown,Thai,Thailand,unknown,เซ็นทรัลเวสต์เกต แจง ฉีดพ่นน้ำยาฆ่าเชื้อทันที-ทั่วศูนย์การค้า หลังพบผู้ป่วยโควิดใช้บริการ,https://www.matichon.co.th/covid19/thai-covid19/news_2500853,0
50,patient_has_been_here,2020-12-16,ตลาดนัดวัดสามง่าม ต.สามง่าม อ.ดอนตูม,13.964334,100.083426,0,unknown,Thai,Thailand,unknown,ผู้ป่วย  covid-19 นครปฐม รายที่22-29,https://m.facebook.com/story.php?story_fbid=3200886696679973&id=246608695441136&sfnsn=mo,0
51,patient_has_been_here,2020-12-17,INC2 Tower B,14.0782451,100.604118,0,0,Thai,Thailand,unknown,เคสบุคลากร สวทช. ติดโควิด-19 ได้เข้ามาปฏิบัติงานที่นี่วันที่ 16-17 ธ.ค. ตรวจพบเชื้อตอนเย็นวันที่ 17 ธ.ค.,https://liff.line.me/1454988218-NjbXbq18/v2/article/jpyamK?utm_source=copyshare,0
52,unspecified_location,2020-12-17,ตลาด เขตคลองสามวา,13.86019768,100.7223304,37,male,Thai,Thailand,unknown,ผู้ป่วยโควิด-19 ชายวัย 37 ปี ส่งอาหารทะเลจากสมุทรสาคร ไปยังตลาดคลองสามวา และตลาดในจังหวัดปทุมธานี 2 แห่ง ระหว่างวันที่ 1-17 ธันวาคม 2563,https://www.pptvhd36.com/news/%E0%B8%9B%E0%B8%A3%E0%B8%B0%E0%B9%80%E0%B8%94%E0%B9%87%E0%B8%99%E0%B8%A3%E0%B9%89%E0%B8%AD%E0%B8%99/138903,0
53,unspecified_location,2020-12-17,ร้านชาบู ในตลาดพระปิ่น 3,13.8578211,100.4105189,0,male,Thai,Thailand,unknown,ผู้ป่วยโควิด-19 ชาย ชาวจ.นนทบุรี ตรวจพบเชื้อวันที่ 21/12/20,https://www.khaosod.co.th/covid-19/news_5583885,0
54,patient_has_been_here,2020-12-17,ตลาดสดเคหะบางบัว,13.85934159,100.5849015,0,male,Thai,Thailand,unknown,เคสผู้ติดเชื้อโควิด-19 ชายขายอาหารทะเลปากซ.พหล52,https://www.dailynews.co.th/regional/814914,0
55,patient_has_been_here,2020-12-17,โรงเรียนเจี้ยนหัว ต.บางเลน อ.บางเลน,14.119413,100.118335,0,unknown,Thai,Thailand,unknown,ผู้ป่วย  covid-19 นครปฐม รายที่22-29,https://m.facebook.com/story.php?story_fbid=3200886696679973&id=246608695441136&sfnsn=mo,0
56,unspecified_location,2020-12-18,ซ.รุ่งเรือง 5 บางบัวทอง,13.87779142,100.4215436,0,female,Thai,Thailand,unknown,เคสผู้ติดเชื้อโควิด-19 หญิงชาว อ.บางกรวย วันที่ 14-18 ธค. เวลา 17.00-21.00 น. จะทำงานร้านขายของชำ ซ.รุ่งเรือง 5 บางบัวทอง,https://www.khaosod.co.th/breaking-news/news_5591909,0
57,patient_has_been_here,2020-12-18,ตลาดแจ้งวัฒนะ ซ.6,13.88376994,100.5843207,0,male,Thai,Thailand,unknown,เคสผู้ติดเชื้อโควิด-19 ชายขายอาหารทะเลปากซ.พหล52,https://www.dailynews.co.th/regional/814914,0
58,patient_has_been_here,2020-12-18,โรงเรียนราษฎร์บำรุงวิทยา อ.ดอนตูม,13.965066,100.07959,0,unknown,Thai,Thailand,unknown,ผู้ป่วย  covid-19 นครปฐม รายที่22-29,https://m.facebook.com/story.php?story_fbid=3200886696679973&id=246608695441136&sfnsn=mo,0
59,patient_has_been_here,2020-12-18,โรงเรียนแสงอรุณ,14.036373,100.168774,0,unknown,Thai,Thailand,unknown,ผู้ป่วย  covid-19 นครปฐม รายที่22-29,https://m.facebook.com/story.php?story_fbid=3200886696679973&id=246608695441136&sfnsn=mo,0
60,patient_has_been_here,2020-12-19,ตลาดหมู่บ้านศรีทอง จ.อยุธยา,14.1487352,100.6155778,0,female,Thai,Thailand,unknown,พบผู้ป่วยติดเชื้อโควิด-19 ไม่มีอาการ จำนวน 1 ราย เป็นหญิง เดินทางกลับมาจากการไปทำงานที่ร้านเสริมสวยใน จ.เชียงใหม่,https://www.matichon.co.th/covid19/thai-covid19/news_2492767,0
61,unspecified_location,2020-12-19,รามอินทรา ,13.8057625,100.6621959,0,female,Thai,Thailand,unknown,เคสแม่ค้ารถพุ่มพวงติดโควิด เป็นรถกระบะสีขาว ป้ายแดง ทะเบียน 8681 สมุทรปราการ ,https://www.thairath.co.th/news/local/central/1999153,0
62,unspecified_location,2020-12-19,บ่อนไก่ชนใน ต.บางเลน,14.01215068,100.17523,0,male,Thai,Thailand,unknown,พบผู้ป่วยโควิด-19 ชาย มาบ่อนไก่ชนในบางเลน,https://mgronline.com/local/detail/9630000130818,0
63,patient_has_been_here,2020-12-19,ห้างสรรพสินค้ายูเนียนมอลล์,13.8134088,100.5616103,0,female,Thai,Thailand,unknown,เคสผู้ติดเชื้อโควิด-19 หญิงชาว อ.บางกรวย 19 ธ.ค. เวลา 10.00 น. ไปห้างสรรพสินค้ายูเนียนมอลล์ และเดินข้ามมาเซ็นทรัลลาดพร้าว,https://www.khaosod.co.th/breaking-news/news_5591909,0
64,patient_has_been_here,2020-12-19,เซ็นทรัลลาดพร้าว,13.816493,100.5610062,0,female,Thai,Thailand,unknown,เคสผู้ติดเชื้อโควิด-19 หญิงชาว อ.บางกรวย 19 ธ.ค. เวลา 10.00 น. ไปห้างสรรพสินค้ายูเนียนมอลล์ และเดินข้ามมาเซ็นทรัลลาดพร้าว,https://www.khaosod.co.th/breaking-news/news_5591909,0
65,patient_has_been_here,2020-12-19,ตลาดชาวสยาม บางกรวย,13.7966595,100.4755856,0,female,Thai,Thailand,unknown,เคสผู้ติดเชื้อโควิด-19 หญิงชาว อ.บางกรวย 19 ธ.ค. เวลา 20.00 น. ไปตลาดชาวสยาม บางกรวยพร้าว,https://www.khaosod.co.th/breaking-news/news_5591909,0
66,sanitizing,2020-12-19,ธนาคารกสิกรไทย สาขา โลตัสเพชรเกษม 81,13.69121688,100.3412194,0,female,Thai,Thailand,unknown,ตรวจพบเชื้อ COVID-19 จากคุณรัตน์เจ้าของร้านสมศักดิ์ปูอบ สาขาบีทีเอสกรุงธนบุรี,https://www.facebook.com/SomsakPuOb/posts/3554410321292740,0
67,patient_has_been_here,2020-12-19,ตลาดนัดห้วยตะโก ต.พะเนียด อ.นครชัยศรี,13.79584,100.13118,0,unknown,Thai,Thailand,unknown,ผู้ป่วย  covid-19 นครปฐม รายที่22-29,https://m.facebook.com/story.php?story_fbid=3200886696679973&id=246608695441136&sfnsn=mo,0
68,patient_has_been_here,2020-12-19,เกทเวย์ แอท บางซื่อ,13.80564274,100.5238077,0,female,Thai,Thailand,unknown,เกทเวย์ แอท บางซื่อ ชี้แจงกรณีพบผู้ติดเชื้อโควิดเข้าใช้บริการ,https://www.onbnews.today/post/43979,0
69,confirmed,2020-12-20,ตลาดกลางกุ้งจังหวัดสมุทรสาคร,13.5579068,100.270829,0,0,Thai,Thailand,unknown,พบการแพร่ระบาดของโควิดในตลาดกุ้ง และในพื้นที่ จ.สมุทรสาคร,https://www.thaipost.net/main/detail/87367,0
70,unspecified_location,2020-12-20,เสรีไทย ซ.50,13.7937004,100.6923144,0,female,Thai,Thailand,unknown,เคสแม่ค้ารถพุ่มพวงติดโควิด เป็นรถกระบะสีขาว ป้ายแดง ทะเบียน 8681 สมุทรปราการ ,https://www.thairath.co.th/news/local/central/1999153,0
71,confirmed,2020-12-20,ตลาดยายพ่วง มหาชัย,13.5455607,100.2767611,0,female,Thai,Thailand,unknown,เคสเจ้าของร้านอาหารติดโควิด มีประวัติไปแพกุ้ง ตลาดยายพ่วง มหาชัย,https://www.facebook.com/SomsakPuOb/photos/a.237834942950311/3554401867960252/?type=3,0
72,sanitizing,2020-12-20,ร้านอาหารแห่งหนึ่ง,13.7204469,100.5004708,0,female,Thai,Thailand,unknown,เคสเจ้าของร้านอาหารติดโควิด มีประวัติไปแพกุ้ง จ.สมุทรสาคร,https://www.thairath.co.th/news/local/east/1998735,0
73,patient_has_been_here,2020-12-20,ร้านอาหารแห่งหนึ่ง,14.3355326,100.87017,0,0,Thai,Thailand,unknown,ขอให้ผู้ที่ไปใช้บริการร้านอาหาร ตั้งแต่วันที่ 15-20 ธ.ค. 2563 เป็นต้นมา ณ ร้านแจ่วฮ้อนตาแป๊ะบุฟเฟ่ 149 ซึ่งมี 3 สาขา สาขาที่ 1 อำเภอหนองแค สาขา 2 อำเภอแก่งคอย และสาขา 3 อำเภอเมืองสระบุรี และตลาดหนองเสือ จ.ปทุมธานี ได้สังเกตอาการตนเองเป็นเวลา 14 วัน ให้สวมหน้ากากอนามัย หรือหน้ากากผ้าตลอดเวลา หลีกเลี่ยงคลุกคลีใกล้ชิดกับผู้อื่น,https://www.thairath.co.th/news/local/central/1998711,0
74,patient_has_been_here,2020-12-20,ร้านอาหารแห่งหนึ่ง,14.5786407,100.9662444,0,0,Thai,Thailand,unknown,ขอให้ผู้ที่ไปใช้บริการร้านอาหาร ตั้งแต่วันที่ 15-20 ธ.ค. 2563 เป็นต้นมา ณ ร้านแจ่วฮ้อนตาแป๊ะบุฟเฟ่ 149 ซึ่งมี 3 สาขา สาขาที่ 1 อำเภอหนองแค สาขา 2 อำเภอแก่งคอย และสาขา 3 อำเภอเมืองสระบุรี และตลาดหนองเสือ จ.ปทุมธานี ได้สังเกตอาการตนเองเป็นเวลา 14 วัน ให้สวมหน้ากากอนามัย หรือหน้ากากผ้าตลอดเวลา หลีกเลี่ยงคลุกคลีใกล้ชิดกับผู้อื่น,https://www.thairath.co.th/news/local/central/1998711,0
75,patient_has_been_here,2020-12-20,ร้านอาหารแห่งหนึ่ง,14.5116599,100.9094134,0,0,Thai,Thailand,unknown,ขอให้ผู้ที่ไปใช้บริการร้านอาหาร ตั้งแต่วันที่ 15-20 ธ.ค. 2563 เป็นต้นมา ณ ร้านแจ่วฮ้อนตาแป๊ะบุฟเฟ่ 149 ซึ่งมี 3 สาขา สาขาที่ 1 อำเภอหนองแค สาขา 2 อำเภอแก่งคอย และสาขา 3 อำเภอเมืองสระบุรี และตลาดหนองเสือ จ.ปทุมธานี ได้สังเกตอาการตนเองเป็นเวลา 14 วัน ให้สวมหน้ากากอนามัย หรือหน้ากากผ้าตลอดเวลา หลีกเลี่ยงคลุกคลีใกล้ชิดกับผู้อื่น,https://www.thairath.co.th/news/local/central/1998711,0
76,suspected,2020-12-20,ตลาดหนองเสือ,14.1378761,100.8255049,0,0,Thai,Thailand,unknown,เจ้าของร้านอาหารที่ติดโควิดได้ไปขายเนื้อสดที่ตลาด,https://www.thairath.co.th/news/local/central/1998795?cx_testId=0&cx_testVariant=cx_0&cx_artPos=0&cx_rec_section=news&cx_rec_topic=local#cxrecs_s,0
77,unspecified_location,2020-12-20,แพกุ้ง ในหมู่บ้านไผ่คอย ตำบลสระสี่มุม อำเภอกำแพงแสน,14.06566869,99.9821468,0,male,Thai,Thailand,unknown,เคสผู้ป่วยโควิด-19 ชาย อยู่ต.บางหลวง อ.บางเลน จ.นครปฐม,https://mgronline.com/local/detail/9630000130818,0
78,sanitized,2020-12-20,Two Do Someting จ.นนทบุรี,13.8220612,100.421874,0,female,Thai,Thailand,unknown,เคสผู้ติดเชื้อโควิด-19 หญิงชาว อ.บางกรวย  20 ธ.ค. เวลา 10.00 น. ไปคาเฟ่ Two Do Someting,https://www.facebook.com/twodosomething/posts/140825121150938,0
79,unspecified_location,2020-12-20,ตลาดการ์เด้นตรงข้ามซอยแก้วอินทร์,13.8683169,100.4107308,0,male,Thai,Thailand,unknown,ผู้ป่วยโควิด-19 ชาย ชาวจ.นนทบุรี ได้ออกมาเลือกตั้งหน้าหมู่บ้านและซื้อต้นไม้ ผู้ขายเป็นชาวพม่า,https://www.khaosod.co.th/covid-19/news_5583885,0
80,patient_has_been_here,2020-12-20,ปากซ.พหลโยธิน 52,13.89757086,100.6098027,0,male,Thai,Thailand,unknown,เคสผู้ติดเชื้อโควิด-19 ชายขายอาหารทะเลปากซ.พหล52,https://www.dailynews.co.th/regional/814914,0
81,sanitizing,2020-12-20,สมศักดิ์ ปูอบ สาขา2 บีทีเอสกรุงธนบุรี,13.72045903,100.5004852,0,female,Thai,Thailand,unknown,ตรวจพบเชื้อ COVID-19 เจ้าของร้านสมศักดิ์ปูอบ สาขาบีทีเอสกรุงธนบุรี,https://www.facebook.com/SomsakPuOb/posts/3554410321292740,0
82,patient_has_been_here,2020-12-20,คณะวิทยาศาสตร์ มหาวิทยาลัยศิลปากร,13.817137,100.041497,0,unknown,Thai,Thailand,unknown,ผู้ป่วย  covid-19 นครปฐม รายที่22-29,https://m.facebook.com/story.php?story_fbid=3200886696679973&id=246608695441136&sfnsn=mo,0
83,patient_has_been_here,2020-12-20,วัดดอนยายหอม อ.เมือง,13.737328,100.081218,0,unknown,Thai,Thailand,unknown,ผู้ป่วย  covid-19 นครปฐม รายที่22-29,https://m.facebook.com/story.php?story_fbid=3200886696679973&id=246608695441136&sfnsn=mo,0
84,patient_has_been_here,2020-12-20,ที่ว่าการอำเภอบางเลน,14.021384,100.165325,0,unknown,Thai,Thailand,unknown,ผู้ป่วย  covid-19 นครปฐม รายที่22-29,https://m.facebook.com/story.php?story_fbid=3200886696679973&id=246608695441136&sfnsn=mo,0
85,patient_has_been_here,2020-12-20,โลตัสพลัสมอลล์ บางใหญ่,13.82347979,100.4101224,0,unknown,Thai,Thailand,unknown,4 ผู้ป่วยโควิด นนทบุรีเชื่อมโยงตลาดทะเลไทย สมุทรสาคร,https://www.matichon.co.th/covid19/thai-covid19/news_2499640,0
86,patient_has_been_here,2020-12-20,ร้านเชฟอ้วนก๋วยเตี๋ยวหมูนายแกละ-บางใหญ่,13.82622351,100.4124415,0,unknown,Thai,Thailand,unknown,4 ผู้ป่วยโควิด นนทบุรีเชื่อมโยงตลาดทะเลไทย สมุทรสาคร,https://www.matichon.co.th/covid19/thai-covid19/news_2499640,0
87,unspecified_location,2020-12-21,ร้านก๋วยเตี๋ยว ในตลาดบางใหญ่,13.8781452,100.4091302,0,male,Thai,Thailand,unknown,ผู้ป่วยโควิด-19 ชาย ชาวจ.นนทบุรี ตรวจพบเชื้อวันที่ 21/12/20,https://www.khaosod.co.th/covid-19/news_5583885,0
88,sanitized,2020-12-21,โครงการ สวนเพลิน มาร์เก็ต,13.7164198,100.5716135,0,unknown,Thai,Thailand,unknown,โครงการฯ ได้รับแจ้งจากเขตคลองเตยเรื่อง Time Line ของผู้ป่วยติดเชื้อไวรัสโควิด 19 ว่าได้เข้ามาใช้บริการที่ร้านนิตยาไก่ย่าง เมื่อวันที่ 21 ธันวาคม 2563 ระหว่างเวลา 13.00-14.00น.ที่ผ่านมา,https://www.facebook.com/suanplernmarket/photos/a.407116596138751/1714728045377593/,0
89,patient_has_been_here,2020-12-22,Lamptitude สาขาเอกมัย,13.73541413,100.5877998,0,0,Thai,Thailand,unknown,พนักงาน Lamptitude ติดเชื้อหลังจากกลับจากกระบี่ และเข้ามาที่นี่ตั้งแต่วันที่ 14-22 ธ.ค.,https://www.pptvhd36.com/news/%E0%B8%AA%E0%B8%B1%E0%B8%87%E0%B8%84%E0%B8%A1/138884,0
90,patient_has_been_here,2020-12-22,กรมชลประทาน,13.78766192,100.5105938,0,0,Thai,Thailand,unknown,เจ้าหน้าที่กรมชลประทานพบผู้ติดเชื้อโควิด-19 เบื้องต้น 1 ราย เป็นวิศวกร สังกัด​กองพัฒนาแหล่ง​น้ำ​ขนาดกลาง โดยได้เดินทางไปรับประทานอาหารในพื้นที่เสี่ยง จังหวัดสมุทรสาคร เมื่อวันที่ 13 ธันวาคมที่ผ่านมา,https://www.prachachat.net/economy/news-579476,0
91,suspected,2020-12-22,ตลาดเจดีย์,13.5951449,100.5802135,0,male,Thai,Thailand,unknown,มีรายงานข่าวว่าพ่อค้าที่ติดโควิด-19 รับอาหารทะเลจากตลาดในจ.สมุทรสาครมาขายที่นี่,https://www.khaosod.co.th/covid-19/news_5583210,0
92,patient_has_been_here,2020-12-22,การไฟฟ้า อ.นครชัยศรี,13.803038,100.188902,0,unknown,Thai,Thailand,unknown,ผู้ป่วย  covid-19 นครปฐม รายที่22-29,https://m.facebook.com/story.php?story_fbid=3200886696679973&id=246608695441136&sfnsn=mo,0
93,patient_has_been_here,2020-12-22,ธนาคารไทยพานิชย์ สาขานครชัยศรี,13.802276,100.19,0,unknown,Thai,Thailand,unknown,ผู้ป่วย  covid-19 นครปฐม รายที่22-29,https://m.facebook.com/story.php?story_fbid=3200886696679973&id=246608695441136&sfnsn=mo,0
94,patient_has_been_here,2020-12-22,ร้าน เจเจ ชาบู&ปิ้งย่าง สรงประภาดอนเมือง,13.928974,100.577365,0,unknown,Thai,Thailand,unknown,คอนโดย่านดอนเมืองพบคนติด ‘โควิด’ ฝึกงานสนามบิน-เดินตลาด,https://www.matichon.co.th/covid19/news_2502106,0
95,patient_has_been_here,2020-12-22,ตลาดโอโซนวัน,13.929686,100.576,0,unknown,Thai,Thailand,unknown,ตลาดโอโซนวัน ประกาศปิด 2 วัน หลังพบคนติดเชื้อโควิดเข้ามาใช้บริการ,https://www.matichon.co.th/covid19/news_2502134,0
96,patient_has_been_here,2020-12-22,ตลาดศาลาน้ำร้อน,13.76033018,100.4796436,0,unknown,Thai,Thailand,unknown,4 ผู้ป่วยโควิด นนทบุรีเชื่อมโยงตลาดทะเลไทย สมุทรสาคร,https://www.matichon.co.th/covid19/thai-covid19/news_2499640,0
97,patient_has_been_here,2020-12-22,แมคโครนครอินทร์,13.82853997,100.4842102,0,unknown,Thai,Thailand,unknown,4 ผู้ป่วยโควิด นนทบุรีเชื่อมโยงตลาดทะเลไทย สมุทรสาคร,https://www.matichon.co.th/covid19/thai-covid19/news_2499640,0
98,sanitized,2020-12-23,Siam Center,13.7462524,100.5328635,0,0,Thai,Thailand,unknown,สยามเซ็นเตอร์' ประกาศยืนยันมี พนง.ร้านอาหารติดเชื้อโควิด-19 ขอปิดบริการพื้นที่เสี่ยง 3 วัน,https://ch3thailandnews.bectero.com/news/224324,0
99,confirmed,2020-12-23,อาคารกรุงเทพประกันภัย ชั้น 22,13.7243591,100.5386589,0,0,Thai,Thailand,unknown,บมจ.กรุงเทพประกันภัย (BKI) แจ้งว่า พบพนักงานของ บมจ.ไอโออิ กรุงเทพประกันภัย จำกัด ซึ่งเป็นบริษัทผู้เช่าในอาคารกรุงเทพประกันภัย 1 รายติดเชื้อโควิด-19 ซึ่งผู้ติดเชื้อได้ทราบผลและการยืนยันจากแพทย์ว่าติดเชื้อโควิด-19 เมื่อวันที่ 22 ธ.ค.,https://www.infoquest.co.th/2020/54934,0
100,confirmed,2020-12-23,ตลาดทะเลไทย,13.54974685,100.2561435,0,female,Thai,Thailand,unknown,พบแม่ค้าอยุธยาเดินทางมาซื้ออาหารทะเลที่นี่และตรวจพบเชื้อโควิด-19ภายหลัง,https://www.thairath.co.th/news/local/central/1999848,0
101,confirmed,2020-12-23,ตลาดหน้าสถานีรถไฟภาชี,14.45160513,100.7230585,0,female,Thai,Thailand,unknown,แม่ค้าอาหารทะเล ติดเชื้อจากการเดินทางไปตลาดทะเลไทย จ.สมุทรสาคร,https://www.thairath.co.th/news/local/central/1999848,0
102,sanitized,2020-12-23,สีลมคอมเพล็ก,13.72836497,100.5350858,0,unknown,Thai,Thailand,unknown,"ศูนย์การค้าสีลมคอมเพล็กซ์ ประกาศทำความสะอาดตามมาตรการความปลอดภัยขั้นสูงสุด หลังผู้ป่วย ""โควิด-19"" ไปใช้บริการในร้านอาหารภายในห้าง",https://www.thairath.co.th/news/local/2000605,0
103,sanitized,2020-12-23,เดอะมอลล์ บางกะปิ,13.7660558,100.6403032,0,unknown,Thai,Thailand,unknown,เดอะมอลล์บางกะปิ ได้ระบุว่า พบผู้ป่วยมาใช้บริการที่ ร้านยำแซ่บ จึงได้ดำเนินการปิดร้านดังกล่าว 3 วัน ตั้งแต่วันที่ 23-25 ธ.ค. พร้อมทำความสะอาด ฆ่าเชื้อโรคในร้าน พร้อมให้พนักงานหยุดปฏิบัติหน้าที่ และทำความสะอาดภายในศูนย์การค้า,https://today.line.me/th/v2/article/vLe2Mj?utm_source=lineshare,0
104,sanitized,2020-12-23,เดอะมอลล์ บางแค,13.710361,100.4073817,0,unknown,Thai,Thailand,unknown,เดอะมอลล์ บางแค ได้ระบุว่า มีผู้ป่วยเข้ามาใช้บริการที่ ร้าน Dtac และร้าน I Care จากการตรวจสอบ ได้ให้ร้านดังกล่าวปิดเป็นเวลา 3 วัน ตั้งแต่วันที่ 23-25 ธ.ค. พร้อมทำความสะอาด และให้พนักงานหยุดปฏิบัติหน้าที่ เป็นเวลา 14 วัน พร้อมทำความสะอาดห้างตามมาตรการควบคุมโรค,https://today.line.me/th/v2/article/vLe2Mj?utm_source=lineshare,0
105,unspecified_location,2020-12-23,อ.บ้านแหลม จ.เพชรบุรี,13.2054213,99.9793013,0,0,Thai,Thailand,unknown,พบเคสแม่ค้าพ่อค้าอาหารทะเลติดเชื้อโควิด-19 เชื่อมโยงกรณีตลาดอาหารทะเลที่สมุทรสาคร,https://mgronline.com/uptodate/detail/9630000131859,0
106,sanitized,2020-12-23,ตลาดอ่อนนุช,13.7100705,100.6007069,0,0,0,0,0,ตลาดอ่อนนุช ประกาศ ทำความสะอาดใหญ่ และฉีดพ่นน้ำยาฆ่าเชื้อ แล้วเปิดทำการตามปกติแล้ว หลังจากหลายวันก่อนพบผู้ค้าอาหารทะเลที่รับมาจากสมุทรสาครติดโควิด-19  ,https://www.sanook.com/news/8324143/,0
107,patient_has_been_here,2020-12-23,ตลาดนัดท่าข้าม ต.บางระกำ อ.นครชัยศรี,0.0,0.0,0,unknown,Thai,Thailand,unknown,ผู้ป่วย  covid-19 นครปฐม รายที่22-29,https://m.facebook.com/story.php?story_fbid=3200886696679973&id=246608695441136&sfnsn=mo,0
108,patient_has_been_here,2020-12-23,ธนาคารกรุงไทย สาขานครชัยศรี,13.802283,100.184509,0,unknown,Thai,Thailand,unknown,ผู้ป่วย  covid-19 นครปฐม รายที่22-29,https://m.facebook.com/story.php?story_fbid=3200886696679973&id=246608695441136&sfnsn=mo,0
109,patient_has_been_here,2020-12-23,สนามบินดอนเมือง,13.91857,100.601606,0,unknown,Thai,Thailand,unknown,คอนโดย่านดอนเมืองพบคนติด ‘โควิด’ ฝึกงานสนามบิน-เดินตลาด,https://www.matichon.co.th/covid19/news_2502106,0
110,patient_has_been_here,2020-12-24,สาธร ซิตี้ ทาวเวอร์,13.721681,100.53,0,unknown,Thai,Thailand,unknown,พนักงานสาธรซิตี้ ทาวเวอร์ ติดโควิด,https://www.matichon.co.th/covid19/news_2500693,0
111,confirmed,2020-12-24,วัดเล่งเนยยี่ 2,13.9134431,100.4220473,0,female,Burmese,Thailand,unknown,พบ 2 แม่ครัวชาวเมียนม่า ทำงานโรงครัววัดเล่งเน่ยยี่ 2 บางบัวทอง ติดโควิด-19,https://www.khaosod.co.th/covid-19/news_5610412,0
112,patient_has_been_here,2020-12-24,ศูนย์การแพทย์กาญจนาภิเษก อ.พุทธมณฑล,13.786588,100.321233,0,unknown,Thai,Thailand,unknown,ผู้ป่วย  covid-19 นครปฐม รายที่22-29,https://m.facebook.com/story.php?story_fbid=3200886696679973&id=246608695441136&sfnsn=mo,0
113,patient_has_been_here,2020-12-25,JW Condo @Donmuang ,13.924252,100.597945,0,unknown,Thai,Thailand,unknown,คอนโดย่านดอนเมืองพบคนติด ‘โควิด’ ฝึกงานสนามบิน-เดินตลาด,https://www.matichon.co.th/covid19/news_2502106,0
114,sanitized,2020-12-26,ทำเนียบรัฐบาล,13.7636001,100.5114624,0,0,0,0,unknown,ผลตรวจซ้ำเจ้าหน้าที่ในทำเนียบรัฐบาล 6 ราย ไม่พบเชื้อ และได้มีการทำความสะอาดพ่นฆ่าเชื้อในทำเนียบรัฐบาลเรียบร้อยแล้ว,https://www.thairath.co.th/news/politic/2001897,0
115,confirmed,2020-12-26,ร้านนิตยาไก่ย่าง,13.734066,100.5278354,0,0,0,0,0,ปิด “นิตยาไก่ย่าง” 3 วัน ในสามย่านมิตรทาวน์ หลังพบผู้ติดโควิดใช้บริการ,https://www.prachachat.net/marketing/news-582754,0
116,unspecified_location,2020-12-26,บ่อนใน อ.เมืองระยอง และ มาบตาพุด,12.6483736,101.2273679,0,0,0,0,0,ระยองพบติดเชื้อโควิดเพิ่ม 37 ราย จากบ่อนพนันในอ.เมืองระยอง และมาบตาพุด,https://www.prachachat.net/general/news-582764,0
117,unspecified_location,2020-12-27,สถานที่ลักลอบเล่นการพนัน บขส. อ.เมือง จ.ระยอง,12.6844183,101.2742991,0,0,0,0,unknown,สาธารณสุขจังหวัดชลบุรีแฉพื้นที่บ่อนพนัน เชื่อมระยอง เปิด 3 บ่อนจุดเสี่ยงแพร่เชื้อโควิดพุ่ง,https://www.prachachat.net/general/news-582966,0
118,unspecified_location,2020-12-27,สถานที่ลักลอบเล่นการพนันหลัง ร้านนำชัย พัทยาเหนือ อำเภอบางละมุง จังหวัดชลบุรี,12.9730033,100.9029061,0,0,0,0,unknown,สาธารณสุขจังหวัดชลบุรีแฉพื้นที่บ่อนพนัน เชื่อมระยอง เปิด 3 บ่อนจุดเสี่ยงแพร่เชื้อโควิดพุ่ง,https://www.prachachat.net/general/news-582966,0
119,patient_has_been_here,2020-12-27,รัฐสภา,13.7946069,100.5161808,0,0,0,0,unknown,ผลการตรวจออกมายืนยันแล้วว่า ชายที่เข้าร่วมประชุมอนุกรรมาธิการฯ พนันออนไลน์ในสภา ติดโควิด-19,https://www.matichon.co.th/politics/news_2503046,0
