id,status,date,placename,lat,lng,age,gender,nationality,from,patientstatus,note,source,parentcase
139,confirmed,2021-01-18,ตลาดถนอมมิตร,13.85812537,100.6435831,0,0,0,0,0,ปิดตลาดถนอมมิตร หลังพบผู้ค้าติด 'โควิด' ทำความสะอาด-ฆ่าเชื้อ 3 วัน,https://today.line.me/th/v2/article/%E0%B8%9B%E0%B8%B4%E0%B8%94%E0%B8%95%E0%B8%A5%E0%B8%B2%E0%B8%94%E0%B8%96%E0%B8%99%E0%B8%AD%E0%B8%A1%E0%B8%A1%E0%B8%B4%E0%B8%95%E0%B8%A3%20%E0%B8%AB%E0%B8%A5%E0%B8%B1%E0%B8%87%E0%B8%9E%E0%B8%9A%E0%B8%9C%E0%B8%B9%E0%B9%89%E0%B8%84%E0%B9%89%E0%B8%B2%E0%B8%95%E0%B8%B4%E0%B8%94%20%E0%B9%82%E0%B8%84%E0%B8%A7%E0%B8%B4%E0%B8%94%20%E0%B8%97%E0%B8%B3%E0%B8%84%E0%B8%A7%E0%B8%B2%E0%B8%A1%E0%B8%AA%E0%B8%B0%E0%B8%AD%E0%B8%B2%E0%B8%94%E0%B8%86%E0%B9%88%E0%B8%B2%E0%B9%80%E0%B8%8A%E0%B8%B7%E0%B9%89%E0%B8%AD%203%20%E0%B8%A7%E0%B8%B1%E0%B8%99-yGGyQB,0
140,patient_has_been_here,2021-01-18,ร้านกะทิบ้านอาหารไทย และขนม,13.78228014,100.4472507,0,0,0,0,0,ดีเจ/พิธีกรชื่อดัง เปิดไทม์ไลน์ ล่าสุด เข้ารับการรักษาแล้ว หลังพบติดโควิด-19,https://today.line.me/th/v2/article/pp5xe7,0
141,patient_has_been_here,2021-01-18,Fitness First เดอะมอลล์ งามวงศ์วาน,13.85623503,100.5422592,0,0,0,0,0, กทม.เปิดไทม์ไลน์ ผู้ป่วยโควิด  ประจำวันที่  26 มค.,https://web.facebook.com/earthpongsakornk/posts/451507699592464,0
142,patient_has_been_here,2021-01-18,Starbuck Central World ,13.74686141,100.5396628,0,0,0,0,0, กทม.เปิดไทม์ไลน์ ผู้ป่วยโควิด  ประจำวันที่  26 มค.,https://web.facebook.com/earthpongsakornk/posts/451507699592464,0
143,patient_has_been_here,2021-01-18,แหลมเจริญซีฟู้ด Central World ,13.74685295,100.5398749,0,0,0,0,0, กทม.เปิดไทม์ไลน์ ผู้ป่วยโควิด  ประจำวันที่  26 มค.,https://web.facebook.com/earthpongsakornk/posts/451507699592464,0
144,patient_has_been_here,2021-01-18,ฮาเก้นดาส Central World ,13.74622725,100.5394709,0,0,0,0,0, กทม.เปิดไทม์ไลน์ ผู้ป่วยโควิด  ประจำวันที่  26 มค.,https://web.facebook.com/earthpongsakornk/posts/451507699592464,0
145,patient_has_been_here,2021-01-18,ตลาดอินดี้ ดาวคะนอง,13.69105638,100.481004,0,0,0,0,0, กทม.เปิดไทม์ไลน์ ผู้ป่วยโควิด  ประจำวันที่  24 มค.,https://web.facebook.com/earthpongsakornk/posts/450525269690707,0
146,patient_has_been_here,2021-01-19,ตึก GMM Grammy,13.74344039,100.5628862,0,0,0,0,0,ดีเจ/พิธีกรชื่อดัง เปิดไทม์ไลน์ ล่าสุด เข้ารับการรักษาแล้ว หลังพบติดโควิด-19,https://today.line.me/th/v2/article/pp5xe7,0
147,patient_has_been_here,2021-01-19,Central embassy,13.74395671,100.5458681,0,0,0,0,0,ดีเจ/พิธีกรชื่อดัง เปิดไทม์ไลน์ ล่าสุด เข้ารับการรักษาแล้ว หลังพบติดโควิด-19,https://today.line.me/th/v2/article/pp5xe7,0
148,patient_has_been_here,2021-01-19,Foodland Thestreet Rachada,13.77018438,100.5720987,0,0,0,0,0,ดีเจ/พิธีกรชื่อดัง เปิดไทม์ไลน์ ล่าสุด เข้ารับการรักษาแล้ว หลังพบติดโควิด-19,https://today.line.me/th/v2/article/pp5xe7,0
149,patient_has_been_here,2021-01-19,ตลาดปิ่นทอง บางบอน,13.68349666,100.4403141,0,0,0,0,0, กทม.เปิดไทม์ไลน์ ผู้ป่วยโควิด  ประจำวันที่  22 มค.,https://www.facebook.com/earthpongsakornk/posts/449145319828702,0
150,patient_has_been_here,2021-01-19,สวนลุมพินี,13.73137163,100.5413752,0,0,0,0,0, กทม.เปิดไทม์ไลน์ ผู้ป่วยโควิด  ประจำวันที่  27 มค.,https://web.facebook.com/earthpongsakornk/posts/452138166196084,0
151,patient_has_been_here,2021-01-19,BTS  สถานีสุรศักดิ์,13.71923763,100.521516,0,0,0,0,0, กทม.เปิดไทม์ไลน์ ผู้ป่วยโควิด  ประจำวันที่  27 มค.,https://web.facebook.com/earthpongsakornk/posts/452138166196084,0
152,patient_has_been_here,2021-01-19,BTS  สถานีพร้อมพงษ์,13.73037664,100.5697438,0,0,0,0,0, กทม.เปิดไทม์ไลน์ ผู้ป่วยโควิด  ประจำวันที่  27 มค.,https://web.facebook.com/earthpongsakornk/posts/452138166196084,0
153,patient_has_been_here,2021-01-19,Fitness First เดอะมอลล์ งามวงศ์วาน,13.85623413,100.5422377,0,0,0,0,0, กทม.เปิดไทม์ไลน์ ผู้ป่วยโควิด  ประจำวันที่  28 มค.,https://web.facebook.com/earthpongsakornk/posts/452956482780919,0
154,patient_has_been_here,2021-01-19,วัดปริวาสราชสงคราม พระราม3,13.67368844,100.533187,0,0,0,0,0, กทม.เปิดไทม์ไลน์ ผู้ป่วยโควิด  ประจำวันที่  28 มค.,https://web.facebook.com/earthpongsakornk/posts/452956482780919,0
155,patient_has_been_here,2021-01-19,ตลาดรวยยิ่งรวย ท่าข้าม บางขุนเทียน,13.65374287,100.4482713,0,0,0,0,0, กทม.เปิดไทม์ไลน์ ผู้ป่วยโควิด  ประจำวันที่  30 มค.,https://www.facebook.com/earthpongsakornk/posts/454073426002558,0
156,patient_has_been_here,2021-01-20,เซ็นทรัล ลาดพร้าว,13.8162659,100.5609521,0,0,0,0,0, กทม.เปิดไทม์ไลน์ ผู้ป่วยโควิด  ประจำวันที่  27 มค.,https://web.facebook.com/earthpongsakornk/posts/452138166196084,0
157,patient_has_been_here,2021-01-20,ร้านเอ๋ ซีฟู้ด บรรทัดทอง,13.74049535,100.522359,0,0,0,0,0, กทม.เปิดไทม์ไลน์ ผู้ป่วยโควิด  ประจำวันที่  26 มค.,https://web.facebook.com/earthpongsakornk/posts/451507699592464,0
158,patient_has_been_here,2021-01-20,The mall งามวงศ์วาน,13.85569344,100.542084,0,0,0,0,0, กทม.เปิดไทม์ไลน์ ผู้ป่วยโควิด  ประจำวันที่  24 มค.,https://web.facebook.com/earthpongsakornk/posts/450525269690707,0
159,patient_has_been_here,2021-01-21,อาคารวรรณสรณ์ ราชเทวี,13.75823859,100.5350387,0,0,0,0,0, กทม.เปิดไทม์ไลน์ ผู้ป่วยโควิด  ประจำวันที่  27 มค.,https://web.facebook.com/earthpongsakornk/posts/452138166196084,0
160,patient_has_been_here,2021-01-21,กระทรวงศึกษาธิการ เขตดุสิต,13.76561213,100.5089724,0,0,0,0,0, กทม.เปิดไทม์ไลน์ ผู้ป่วยโควิด  ประจำวันที่  27 มค.,https://web.facebook.com/earthpongsakornk/posts/452138166196084,0
161,patient_has_been_here,2021-01-21,คิงพาวเวอร์ ราชเทวี,13.76041719,100.538129,0,0,0,0,0, กทม.เปิดไทม์ไลน์ ผู้ป่วยโควิด  ประจำวันที่  26 มค.,https://web.facebook.com/earthpongsakornk/posts/451507699592464,0
162,patient_has_been_here,2021-01-21,ธนาคารไทยพานิชย์ ตึกเอ็กซ์เชนจ์ทาวเวอร์ คลองเตย,13.7354952,100.5616774,0,0,0,0,0, กทม.เปิดไทม์ไลน์ ผู้ป่วยโควิด  ประจำวันที่  28 มค.,https://web.facebook.com/earthpongsakornk/posts/452956482780919,0
163,patient_has_been_here,2021-01-21,ธนาคารกสิกรไทย ตึกเอ็กซ์เชนจ์ทาวเวอร์ คลองเตย,13.73565939,100.5617249,0,0,0,0,0, กทม.เปิดไทม์ไลน์ ผู้ป่วยโควิด  ประจำวันที่  28 มค.,https://web.facebook.com/earthpongsakornk/posts/452956482780919,0
164,patient_has_been_here,2021-01-21,ธนาคารกรุงศรีอยุธยา ตึกเอ็กซ์เชนจ์ทาวเวอร์ คลองเตย,13.73550438,100.5616711,0,0,0,0,0, กทม.เปิดไทม์ไลน์ ผู้ป่วยโควิด  ประจำวันที่  28 มค.,https://web.facebook.com/earthpongsakornk/posts/452956482780919,0
165,patient_has_been_here,2021-01-21,โรบินสัน สุขุมวิท ,13.73798989,100.559502,0,0,0,0,0, กทม.เปิดไทม์ไลน์ ผู้ป่วยโควิด  ประจำวันที่  28 มค.,https://web.facebook.com/earthpongsakornk/posts/452956482780919,0
166,patient_has_been_here,2021-01-21,แมคโดนัลด์ โรบินสัน สุขุมวิท,13.73816611,100.5594334,0,0,0,0,0, กทม.เปิดไทม์ไลน์ ผู้ป่วยโควิด  ประจำวันที่  28 มค.,https://web.facebook.com/earthpongsakornk/posts/452956482780919,0
167,patient_has_been_here,2021-01-21,ICON SIAM ,13.72659217,100.5098409,0,0,0,0,0, กทม.เปิดไทม์ไลน์ ผู้ป่วยโควิด  ประจำวันที่  28 มค.,https://web.facebook.com/earthpongsakornk/posts/452956482780919,0
168,patient_has_been_here,2021-01-21,ปั๊ม ปตท. ทางลงด่านเก็บค่าผ่านทาง บางละมุง,12.94549134,100.9042851,0,0,0,0,0, กทม.เปิดไทม์ไลน์ ผู้ป่วยโควิด  ประจำวันที่  30 มค.,https://www.facebook.com/earthpongsakornk/posts/454073426002558,0
169,patient_has_been_here,2021-01-21,ตลาดอินดี้ ,13.69101533,100.4809601,0,0,0,0,0, กทม.เปิดไทม์ไลน์ ผู้ป่วยโควิด  ประจำวันที่  30 มค.,https://www.facebook.com/earthpongsakornk/posts/454073426002558,0
170,patient_has_been_here,2021-01-22,เมเจอร์รัชโยธิน ,13.82881268,100.5686601,0,0,0,0,0, กทม.เปิดไทม์ไลน์ ผู้ป่วยโควิด  ประจำวันที่  27 มค.,https://web.facebook.com/earthpongsakornk/posts/452138166196084,0
171,patient_has_been_here,2021-01-22,starbuck คริสตัลปาร์ค ลาดพร้าว,13.81119997,100.6188895,0,0,0,0,0, กทม.เปิดไทม์ไลน์ ผู้ป่วยโควิด  ประจำวันที่  27 มค.,https://web.facebook.com/earthpongsakornk/posts/452138166196084,0
172,patient_has_been_here,2021-01-22,FYI ถนน พระราม 4,13.72039971,100.5600857,0,0,0,0,0, กทม.เปิดไทม์ไลน์ ผู้ป่วยโควิด  ประจำวันที่  28 มค.,https://web.facebook.com/earthpongsakornk/posts/452956482780919,0
173,patient_has_been_here,2021-01-22,ศาล จังหวัด นนทบุรี,13.8622826,100.5170775,0,0,0,0,0, กทม.เปิดไทม์ไลน์ ผู้ป่วยโควิด  ประจำวันที่  30 มค.,https://www.facebook.com/earthpongsakornk/posts/454073426002558,0
174,patient_has_been_here,2021-01-22,ศาลอาญารัชดา,13.816256,100.5749585,0,0,0,0,0, กทม.เปิดไทม์ไลน์ ผู้ป่วยโควิด  ประจำวันที่  30 มค.,https://www.facebook.com/earthpongsakornk/posts/454073426002558,0
175,patient_has_been_here,2021-01-22,ร้านพวงโภชนา,0.0,0.0,0,0,0,0,0, กทม.เปิดไทม์ไลน์ ผู้ป่วยโควิด  ประจำวันที่  30 มค.,https://www.facebook.com/earthpongsakornk/posts/454073426002558,0
176,patient_has_been_here,2021-01-22,Bar B Q Plaza เดอะมอลล์ ท่าพระ,13.71297441,100.4793263,0,0,0,0,0, กทม.เปิดไทม์ไลน์ ผู้ป่วยโควิด  ประจำวันที่  30 มค.,https://www.facebook.com/earthpongsakornk/posts/454073426002558,0
177,patient_has_been_here,2021-01-22,ตลาดวงเวียนใหญ่,13.72520981,100.4938646,0,0,0,0,0, กทม.เปิดไทม์ไลน์ ผู้ป่วยโควิด  ประจำวันที่  30 มค.,https://www.facebook.com/earthpongsakornk/posts/454073426002558,0
178,patient_has_been_here,2021-01-22,ตลาด ซอย กวนอิม บางเขน,0.0,0.0,0,0,0,0,0, กทม.เปิดไทม์ไลน์ ผู้ป่วยโควิด  ประจำวันที่  30 มค.,https://www.facebook.com/earthpongsakornk/posts/454073426002558,0
179,patient_has_been_here,2021-01-22,The Jas Ramintra บางเขน,13.86206011,100.6124696,0,0,0,0,0, กทม.เปิดไทม์ไลน์ ผู้ป่วยโควิด  ประจำวันที่  30 มค.,https://www.facebook.com/earthpongsakornk/posts/454073426002558,0
180,confirmed,2021-01-23,ร้าน cc-oo  icon siam,13.72659978,100.5094696,0,0,0,0,0,ไอคอนสยาม สั่งปิดร้านภายในศูนย์การค้า หลังพบพนักงานติดโควิด,https://today.line.me/th/v2/article/0WaWGl,0
181,confirmed,2021-01-23,ร้าน CP-Hilai Harbour icon siam,13.72689292,100.50937,0,0,0,0,0,ไอคอนสยาม สั่งปิดร้านภายในศูนย์การค้า หลังพบพนักงานติดโควิด,https://today.line.me/th/v2/article/0WaWGl,0
182,patient_has_been_here,2021-01-23,ตลาดเสรี เจริญกรุง 109,13.69402065,100.4952018,0,0,0,0,0, กทม.เปิดไทม์ไลน์ ผู้ป่วยโควิด  ประจำวันที่  30 มค.,https://www.facebook.com/earthpongsakornk/posts/454073426002558,0
183,patient_has_been_here,2021-01-23,ตลาดนัดป้ากิ่ง หน้าหมู่บ้านเอื้ออาทร ซอยคู้บอน 27 ,13.87076529,100.6678502,0,0,0,0,0, กทม.เปิดไทม์ไลน์ ผู้ป่วยโควิด  ประจำวันที่  30 มค.,https://www.facebook.com/earthpongsakornk/posts/454073426002558,0
184,patient_has_been_here,2021-01-23,การไฟฟ้านครหลวง เขตราษฎร์บูรณะ,13.6800885,100.5135323,0,0,0,0,0, กทม.เปิดไทม์ไลน์ ผู้ป่วยโควิด  ประจำวันที่  30 มค.,https://www.facebook.com/earthpongsakornk/posts/454073426002558,0
185,patient_has_been_here,2021-01-23,Big-C พระประแดง,13.65422663,100.52251,0,0,0,0,0, กทม.เปิดไทม์ไลน์ ผู้ป่วยโควิด  ประจำวันที่  30 มค.,https://www.facebook.com/earthpongsakornk/posts/454073426002558,0
186,patient_has_been_here,2021-01-23,Starbuck เซ็นทรัลเวิลด์,13.74687259,100.5396459,0,0,0,0,0, กทม.เปิดไทม์ไลน์ ผู้ป่วยโควิด  ประจำวันที่  30 มค.,https://www.facebook.com/earthpongsakornk/posts/454073426002558,0
187,patient_has_been_here,2021-01-23,ร้านตะลิงปลิง,13.72326345,100.5211869,0,0,0,0,0, กทม.เปิดไทม์ไลน์ ผู้ป่วยโควิด  ประจำวันที่  30 มค.,https://www.facebook.com/earthpongsakornk/posts/454073426002558,0
188,patient_has_been_here,2021-01-23,Max value พระราม 3,13.69129891,100.504769,0,0,0,0,0, กทม.เปิดไทม์ไลน์ ผู้ป่วยโควิด  ประจำวันที่  30 มค.,https://www.facebook.com/earthpongsakornk/posts/454073426002558,0
189,patient_has_been_here,2021-01-23,ศูนย์ Honda พระราม 3,13.68900827,100.5045766,0,0,0,0,0, กทม.เปิดไทม์ไลน์ ผู้ป่วยโควิด  ประจำวันที่  30 มค.,https://www.facebook.com/earthpongsakornk/posts/454073426002558,0
190,patient_has_been_here,2021-01-23,IT City Central พระราม 3,13.69840074,100.537657,0,0,0,0,0, กทม.เปิดไทม์ไลน์ ผู้ป่วยโควิด  ประจำวันที่  30 มค.,https://www.facebook.com/earthpongsakornk/posts/454073426002558,0
191,patient_has_been_here,2021-01-23,Pepper lunch Central พระราม 3,13.69811266,100.5377174,0,0,0,0,0, กทม.เปิดไทม์ไลน์ ผู้ป่วยโควิด  ประจำวันที่  30 มค.,https://www.facebook.com/earthpongsakornk/posts/454073426002558,0
192,patient_has_been_here,2021-01-24,Maria garden restuarant,13.86747225,100.4526443,0,0,0,0,0, กทม.เปิดไทม์ไลน์ ผู้ป่วยโควิด  ประจำวันที่  30 มค.,https://www.facebook.com/earthpongsakornk/posts/454073426002558,0
193,patient_has_been_here,2021-01-24,ท็อปส์มาร์เก็ต แฟชั่นไอส์แลนด์,13.82613606,100.6794717,0,0,0,0,0, กทม.เปิดไทม์ไลน์ ผู้ป่วยโควิด  ประจำวันที่  30 มค.,https://www.facebook.com/earthpongsakornk/posts/454073426002558,0
194,patient_has_been_here,2021-01-28,ตลาดนัดสายไหม,13.92160509,100.6679682,0,0,0,0,0,ตลาดนัดสายไหม​แจ้งผลตรวจเชื้อโควิด-19 ของผู้ค้าในแผง​ ข้าวมันไก่ เป็นบวก 1 ราย,https://web.facebook.com/permalink.php?story_fbid=2793010280917181&id=2007100666174817,0
