id,status,date,placename,lat,lng,age,gender,nationality,from,patientstatus,note,source,parentcase
93,patient_has_been_here,2021-01-29,ตลาดวิชัยพร บางขุนเทียน14,13.6620841,100.425895,0,0,0,0,0, กทม.เปิดไทม์ไลน์ ผู้ป่วยโควิด  ประจำวันที่  10 กพ.,https://www.facebook.com/earthpongsakornk/posts/460994015310499,0
94,patient_has_been_here,2021-01-30,ตลาดบางแค,13.71191258,100.4275328,0,0,0,0,0, กทม.เปิดไทม์ไลน์ ผู้ป่วยโควิด  ประจำวันที่  7 กพ.,https://www.facebook.com/earthpongsakornk/posts/459053292171238,0
95,patient_has_been_here,2021-01-30,ตลาดนัดปากทางหมู่บ้านเศรษฐกิจ,13.70913342,100.3775196,0,0,0,0,0, กทม.เปิดไทม์ไลน์ ผู้ป่วยโควิด  ประจำวันที่  8 กพ.,https://www.facebook.com/earthpongsakornk/posts/459702178773016,0
96,patient_has_been_here,2021-01-30,ตลาดคลองเตย,13.719072,100.5602382,0,0,0,0,0, กทม.เปิดไทม์ไลน์ ผู้ป่วยโควิด  ประจำวันที่  9 กพ.,https://www.facebook.com/earthpongsakornk/posts/460298838713350,0
97,sanitizing,2021-01-31,polli's cafe,13.72654449,100.5997291,0,0,0,0,0,polli's cafe ปิดร้านทำความสะอาด,https://nineentertain.mcot.net/top-story-2477666,0
98,patient_has_been_here,2021-01-31,ข้างสนามเทนนิส จุฬา,13.74056361,100.5257735,0,0,0,0,0, กทม.เปิดไทม์ไลน์ ผู้ป่วยโควิด  ประจำวันที่  10 กพ.,https://www.facebook.com/earthpongsakornk/posts/460994015310499,0
99,patient_has_been_here,2021-01-31,ร้านอาหารบุฟเฟ่ต์เกาหลี ชั้นล่าง สีลมคอมเพล็ก,13.72852672,100.5347806,0,0,0,0,0, กทม.เปิดไทม์ไลน์ ผู้ป่วยโควิด  ประจำวันที่  10 กพ.,https://www.facebook.com/earthpongsakornk/posts/460994015310499,0
100,patient_has_been_here,2021-01-31,ตลาดลาวบางบอน,13.67404317,100.4255933,0,0,0,0,0, กทม.เปิดไทม์ไลน์ ผู้ป่วยโควิด  ประจำวันที่  10 กพ.,https://www.facebook.com/earthpongsakornk/posts/460994015310499,0
101,patient_has_been_here,2021-02-01,ตลาดบางแค,13.71187991,100.4275505,0,0,0,0,0, กทม.เปิดไทม์ไลน์ ผู้ป่วยโควิด  ประจำวันที่  8 กพ.,https://www.facebook.com/earthpongsakornk/posts/459702178773016,0
102,patient_has_been_here,2021-02-01,central eastville,13.8024451,100.6150688,0,0,0,0,0, กทม.เปิดไทม์ไลน์ ผู้ป่วยโควิด  ประจำวันที่  9 กพ.,https://www.facebook.com/earthpongsakornk/posts/460298838713350,0
103,patient_has_been_here,2021-02-01,TOT จามจุรีสแควร์,13.73297,100.5312183,0,0,0,0,0, กทม.เปิดไทม์ไลน์ ผู้ป่วยโควิด  ประจำวันที่  9 กพ.,https://www.facebook.com/earthpongsakornk/posts/460298838713350,0
104,patient_has_been_here,2021-02-01,AIS จามจุรีสแควร์,13.73284921,100.5310277,0,0,0,0,0, กทม.เปิดไทม์ไลน์ ผู้ป่วยโควิด  ประจำวันที่  9 กพ.,https://www.facebook.com/earthpongsakornk/posts/460298838713350,0
105,patient_has_been_here,2021-02-01,DTAC จามจุรีสแควร์,13.73275779,100.5306012,0,0,0,0,0, กทม.เปิดไทม์ไลน์ ผู้ป่วยโควิด  ประจำวันที่  9 กพ.,https://www.facebook.com/earthpongsakornk/posts/460298838713350,0
106,patient_has_been_here,2021-02-01,ยาโยอิ จามจุรีสแควร์,13.73278269,100.5301812,0,0,0,0,0, กทม.เปิดไทม์ไลน์ ผู้ป่วยโควิด  ประจำวันที่  9 กพ.,https://www.facebook.com/earthpongsakornk/posts/460298838713350,0
107,patient_has_been_here,2021-02-01,ตลาดสินรวยดี,13.7111331,100.4158913,0,0,0,0,0, กทม.เปิดไทม์ไลน์ ผู้ป่วยโควิด  ประจำวันที่  9 กพ.,https://www.facebook.com/earthpongsakornk/posts/460298838713350,0
108,patient_has_been_here,2021-02-01,ร้านไผ่ทองโภชนา หลังสำนักงานเขตบางขุนเทียน,13.66197767,100.4351676,0,0,0,0,0, กทม.เปิดไทม์ไลน์ ผู้ป่วยโควิด  ประจำวันที่  10 กพ.,https://www.facebook.com/earthpongsakornk/posts/460994015310499,0
109,patient_has_been_here,2021-02-01,flash express ตรงข้ามซอยบางขุนเทียน 14,13.66606482,100.4313473,0,0,0,0,0, กทม.เปิดไทม์ไลน์ ผู้ป่วยโควิด  ประจำวันที่  10 กพ.,https://www.facebook.com/earthpongsakornk/posts/460994015310499,0
110,patient_has_been_here,2021-02-02,มหาวิทยาลัยเกษตรศาสตร์ กำแพงแสน,14.02205306,99.99050403,0,0,0,0,0,นิสิตม.เกษตร ติด 'โควิด' เผยเดินทางมาจากสมุทรสาคร หลังเปิดเรียนวันแรก,https://today.line.me/th/v2/article/k1kpqJ,0
111,patient_has_been_here,2021-02-02,ลานพระรูปจุฬา,13.7384795,100.5317281,0,0,0,0,0, กทม.เปิดไทม์ไลน์ ผู้ป่วยโควิด  ประจำวันที่  9 กพ.,https://www.facebook.com/earthpongsakornk/posts/460298838713350,0
112,patient_has_been_here,2021-02-03,อาคารจามจุรี 5,13.73818758,100.5288896,0,0,0,0,0, กทม.เปิดไทม์ไลน์ ผู้ป่วยโควิด  ประจำวันที่  10 กพ.,https://www.facebook.com/earthpongsakornk/posts/460994015310499,0
113,patient_has_been_here,2021-02-04,ตลาดสวนหลวง จุฬา,13.74289669,100.5245605,0,0,0,0,0, กทม.เปิดไทม์ไลน์ ผู้ป่วยโควิด  ประจำวันที่  9 กพ.,https://www.facebook.com/earthpongsakornk/posts/460298838713350,0
114,patient_has_been_here,2021-02-04,อาคารบริการ 2 สำนักงานจัดการทรัพย์สิน จุฬา,13.73937658,100.5293983,0,0,0,0,0, กทม.เปิดไทม์ไลน์ ผู้ป่วยโควิด  ประจำวันที่  10 กพ.,https://www.facebook.com/earthpongsakornk/posts/460994015310499,0
115,patient_has_been_here,2021-02-04,วิทยาลัยวิทยาศาสตร์ สาธารณสุข อาคารสถาบัน3,13.74256403,100.5328305,0,0,0,0,0, กทม.เปิดไทม์ไลน์ ผู้ป่วยโควิด  ประจำวันที่  10 กพ.,https://www.facebook.com/earthpongsakornk/posts/460994015310499,0
116,patient_has_been_here,2021-02-05,จุฬา ฝั่งตะวันตก,13.73982463,100.527923,0,0,0,0,0, กทม.เปิดไทม์ไลน์ ผู้ป่วยโควิด  ประจำวันที่  9 กพ.,https://www.facebook.com/earthpongsakornk/posts/460298838713350,0
117,patient_has_been_here,2021-02-05,สถาบันบัณฑิตบริหารธุรกิจศศินทร์,13.74247791,100.5274041,0,0,0,0,0, กทม.เปิดไทม์ไลน์ ผู้ป่วยโควิด  ประจำวันที่  10 กพ.,https://www.facebook.com/earthpongsakornk/posts/460994015310499,0
118,patient_has_been_here,2021-02-05,ธนาคารไทยพาณิชย์ สาขาสยาม,13.74488629,100.5316173,0,0,0,0,0, กทม.เปิดไทม์ไลน์ ผู้ป่วยโควิด  ประจำวันที่  10 กพ.,https://www.facebook.com/earthpongsakornk/posts/460994015310499,0
119,patient_has_been_here,2021-02-06,อาคารจุฬานิวาส,13.74181404,100.5259746,0,0,0,0,0, กทม.เปิดไทม์ไลน์ ผู้ป่วยโควิด  ประจำวันที่  9 กพ.,https://www.facebook.com/earthpongsakornk/posts/460298838713350,0
120,patient_has_been_here,2021-02-06,ตลาดสวนหลวง จุฬา,13.74278916,100.5247178,0,0,0,0,0, กทม.เปิดไทม์ไลน์ ผู้ป่วยโควิด  ประจำวันที่  10 กพ.,https://www.facebook.com/earthpongsakornk/posts/460994015310499,0
121,patient_has_been_here,2021-02-06,ร้านราดหน้านายลภ ถ.เอกชัย 61/2,0.0,0.0,0,0,0,0,0, กทม.เปิดไทม์ไลน์ ผู้ป่วยโควิด  ประจำวันที่  10 กพ.,https://www.facebook.com/earthpongsakornk/posts/460994015310499,0
