no,age,sex,nationality,province_of_isolation,notification_date,announce_date,province_of_onset,district_of_onset,quarantine
4237,27.0,หญิง,Thailand,กทม,2020-12-14,2020-12-14,กรุงเทพมหานคร,,บุคลากรด้านการแพทย์และสาธารณสุข
4240,50.0,ชาย,Switzerland,กทม,2020-12-14,2020-12-15,กรุงเทพมหานคร,จอมทอง,ผู้ที่เดินทางมาจากต่างประเทศ และเข้า ASQ/ALQ
4241,60.0,ชาย,United States of America,กทม,2020-12-14,2021-12-15,กรุงเทพมหานคร,ห้วยขวาง,ผู้ที่เดินทางมาจากต่างประเทศ และเข้า ASQ/ALQ
4242,0.6,ชาย,United Kingdom,กทม,2020-12-14,2020-12-15,กรุงเทพมหานคร,ห้วยขวาง,ผู้ที่เดินทางมาจากต่างประเทศ และเข้า ASQ/ALQ
4243,57.0,หญิง,Switzerland,กทม,2020-12-14,2020-12-15,กรุงเทพมหานคร,ปทุมวัน,ผู้ที่เดินทางมาจากต่างประเทศ และเข้า ASQ/ALQ
4245,44.0,หญิง,Netherlands,กทม,2020-12-14,2020-12-15,กรุงเทพมหานคร,จอมทอง,ผู้ที่เดินทางมาจากต่างประเทศ และเข้า ASQ/ALQ
4246,38.0,ชาย,Netherlands,กทม,2020-12-14,2020-12-15,กรุงเทพมหานคร,ปทุมวัน,ผู้ที่เดินทางมาจากต่างประเทศ และเข้า ASQ/ALQ
4247,29.0,หญิง,Thailand,ชลบุรี,2020-12-14,2020-12-16,ชลบุรี,บางละมุง,State Quarantine
4248,27.0,หญิง,Thailand,กทม,2020-12-15,2020-12-16,กรุงเทพมหานคร,วัฒนา,State Quarantine
4249,32.0,ชาย,Thailand,กทม,2020-12-15,2020-12-16,กรุงเทพมหานคร,บางกะปิ,State Quarantine
4250,28.0,ชาย,Thailand,ชลบุรี,2020-12-14,2020-12-16,ชลบุรี,บางละมุง,State Quarantine
4251,31.0,ชาย,India,กทม,2020-12-15,2020-12-16,กรุงเทพมหานคร,ห้วยขวาง,ผู้ที่เดินทางมาจากต่างประเทศ และเข้า ASQ/ALQ
4252,43.0,ชาย,United Kingdom,กทม,2020-12-15,2020-12-16,กรุงเทพมหานคร,พระนคร,ผู้ที่เดินทางมาจากต่างประเทศ และเข้า ASQ/ALQ
4254,40.0,หญิง,Thailand,ชลบุรี,2020-12-14,2020-12-16,ชลบุรี,บางละมุง,State Quarantine
4255,20.0,ชาย,Thailand,กทม,2020-12-15,2020-12-16,กรุงเทพมหานคร,ห้วยขวาง,ผู้ที่เดินทางมาจากต่างประเทศ และเข้า ASQ/ALQ
4256,42.0,ชาย,Thailand,ชลบุรี,2020-12-14,2020-12-16,ชลบุรี,สัตหีบ,State Quarantine
4257,24.0,หญิง,Thailand,เชียงราย,2020-12-14,2020-12-16,เชียงราย,เมือง,State Quarantine
4258,33.0,หญิง,Thailand,เชียงราย,2020-12-14,2020-12-16,เชียงราย,เมือง,State Quarantine
4259,34.0,หญิง,Thailand,เชียงราย,2020-12-14,2020-12-16,เชียงราย,เมือง,State Quarantine
4260,52.0,หญิง,Thailand,กทม,2020-12-15,2020-12-16,กรุงเทพมหานคร,วัฒนา,State Quarantine
4261,32.0,ชาย,Brazil,กทม,2020-12-15,2020-12-16,กรุงเทพมหานคร,ปทุมวัน,ผู้ที่เดินทางมาจากต่างประเทศ และเข้า ASQ/ALQ
4262,42.0,ชาย,India,กทม,2020-12-15,2020-12-17,กรุงเทพมหานคร,ห้วยขวาง,ผู้ที่เดินทางมาจากต่างประเทศ และเข้า ASQ/ALQ
4263,60.0,ชาย,United Kingdom,กทม,2020-12-15,2020-12-17,กรุงเทพมหานคร,สวนหลวง,ผู้ที่เดินทางมาจากต่างประเทศ และเข้า ASQ/ALQ
4264,49.0,หญิง,Thailand,ชลบุรี,2020-12-15,2020-12-17,ชลบุรี,บางละมุง,State Quarantine
4265,54.0,หญิง,Thailand,กทม,2020-12-15,2020-12-17,กรุงเทพมหานคร,บางรัก,ผู้ที่เดินทางมาจากต่างประเทศ และเข้า ASQ/ALQ
4266,37.0,หญิง,Thailand,กทม,2020-12-16,2020-12-17,กรุงเทพมหานคร,จตุจักร,State Quarantine
4267,45.0,ชาย,France,กทม,2020-12-15,2020-12-17,กรุงเทพมหานคร,สุขุมวิท,ผู้ที่เดินทางมาจากต่างประเทศ และเข้า ASQ/ALQ
4268,79.0,ชาย,Germany,กทม,2020-12-16,2020-12-17,กรุงเทพมหานคร,จตุจักร,ผู้ที่เดินทางมาจากต่างประเทศ และเข้า ASQ/ALQ
4269,17.0,หญิง,United Kingdom,กทม,2020-12-16,2020-12-17,กรุงเทพมหานคร,วัฒนา,ผู้ที่เดินทางมาจากต่างประเทศ และเข้า ASQ/ALQ
4270,30.0,ชาย,Pakistan,กทม,2020-12-16,2020-12-17,กรุงเทพมหานคร,วัฒนา,ผู้ที่เดินทางมาจากต่างประเทศ และเข้า ASQ/ALQ
4271,33.0,ชาย,Thailand,ชลบุรี,2020-12-15,2020-12-17,ชลบุรี,สัตหีบ,State Quarantine
4272,36.0,หญิง,Thailand,กทม,2020-12-16,2020-12-17,กรุงเทพมหานคร,วัฒนา,ผู้ที่เดินทางมาจากต่างประเทศ และเข้า ASQ/ALQ
4273,38.0,ชาย,Thailand,ชลบุรี,2020-12-15,2020-12-17,ชลบุรี,สัตหีบ,State Quarantine
4274,41.0,ชาย,Thailand,ชลบุรี,2020-12-15,2020-12-17,ชลบุรี,สัตหีบ,State Quarantine
4275,42.0,ชาย,Thailand,ชลบุรี,2020-12-15,2020-12-17,ชลบุรี,สัตหีบ,State Quarantine
4276,42.0,ชาย,Thailand,ชลบุรี,2020-12-15,2020-12-17,ชลบุรี,สัตหีบ,State Quarantine
4277,73.0,หญิง,Thailand,ชลบุรี,2020-12-16,2020-12-17,ชลบุรี,บางละมุง,ผู้ที่เดินทางมาจากต่างประเทศ และเข้า ASQ/ALQ
4278,75.0,ชาย,Netherlands,ชลบุรี,2020-12-16,2020-12-17,ชลบุรี,บางละมุง,ผู้ที่เดินทางมาจากต่างประเทศ และเข้า ASQ/ALQ
4279,20.0,หญิง,Thailand,กทม,2020-12-16,2020-12-17,กรุงเทพมหานคร,ดินแดง,State Quarantine
4280,50.0,หญิง,Thailand,กทม,2020-12-16,2020-12-17,กรุงเทพมหานคร,วัฒนา,ผู้ที่เดินทางมาจากต่างประเทศ และเข้า ASQ/ALQ
4281,31.0,ชาย,Thailand,สมุทรปราการ,2020-12-15,2020-12-17,สมุทรปราการ,พระประแดง,State Quarantine
4282,22.0,ชาย,India,กทม,2020-12-17,2020-12-18,นนทบุรี,ปากเกร็ด,ผู้ที่เดินทางมาจากต่างประเทศ และเข้า ASQ/ALQ
4283,36.0,หญิง,Thailand,เชียงราย,2020-12-17,2020-12-18,เชียงราย,เมือง,State Quarantine
4284,41.0,หญิง,Thailand,เชียงราย,2020-12-17,2020-12-18,เชียงราย,เมือง,State Quarantine
4285,25.0,หญิง,Thailand,เชียงราย,2020-12-17,2020-12-18,เชียงราย,เมือง,State Quarantine
4286,25.0,หญิง,Thailand,เชียงราย,2020-12-17,2020-12-18,เชียงราย,เมือง,State Quarantine
4287,63.0,ชาย,Netherlands,กทม,2020-12-16,2020-12-18,กรุงเทพมหานคร,สุขุมวิท,ผู้ที่เดินทางมาจากต่างประเทศ และเข้า ASQ/ALQ
4288,2.0,หญิง,Switzerland,กทม,2020-12-17,2020-12-18,กรุงเทพมหานคร,วัฒนา,ผู้ที่เดินทางมาจากต่างประเทศ และเข้า ASQ/ALQ
4289,61.0,ชาย,Switzerland,กทม,2020-12-16,2020-12-18,กรุงเทพมหานคร,บางรัก,ผู้ที่เดินทางมาจากต่างประเทศ และเข้า ASQ/ALQ
4290,27.0,หญิง,Belarus,กทม,2020-12-17,2020-12-18,กรุงเทพมหานคร,คลองเตยเหนือ,ผู้ที่เดินทางมาจากต่างประเทศ และเข้า ASQ/ALQ
4291,5.0,หญิง,Thailand,ชลบุรี,2020-12-17,2020-12-18,ชลบุรี,บางละมุุง,State Quarantine
4292,9.0,ชาย,Thailand,ชลบุรี,2020-12-17,2020-12-18,ชลบุรี,บางละมุง,State Quarantine
4293,10.0,หญิง,Thailand,ชลบุรี,2020-12-17,2020-12-18,ชลบุรี,บางละมุง,State Quarantine
4294,28.0,หญิง,Thailand,ชลบุรี,2020-12-17,2020-12-18,ชลบุรี,บางละมุง,State Quarantine
4295,39.0,หญิง,Thailand,ชลบุรี,2020-12-17,2020-12-18,ชลบุรี,บางละมุง,State Quarantine
4296,24.0,หญิง,Thailand,กทม,2020-12-17,2020-12-18,กรุงเทพมหานคร,ราชเทวี,State Quarantine
4297,67.0,หญิง,Thailand,สมุทรสาคร,2020-12-17,2020-12-18,สมุทรสาคร,เมือง,อยู่ระหว่างการสอบสวน
4298,48.0,หญิง,Thailand,สมุทรปราการ,2020-12-18,2020-12-19,สมุทรปราการ,บางบ่อ,ผู้ที่เดินทางมาจากต่างประเทศ และเข้า ASQ/ALQ
4299,42.0,ชาย,Thailand,กทม,2020-12-17,2020-12-19,กรุงเทพมหานคร,สุขุมวิท,ผู้ที่เดินทางมาจากต่างประเทศ และเข้า ASQ/ALQ
4300,36.0,ชาย,Germany,กทม,2020-12-18,2020-12-19,กรุงเทพมหานคร,ห้วยขวาง,ผู้ที่เดินทางมาจากต่างประเทศ และเข้า ASQ/ALQ
4301,22.0,หญิง,United States of America,กทม,2020-12-18,2020-12-19,นนทบุรี,ปากเกร็ด,ผู้ที่เดินทางมาจากต่างประเทศ และเข้า ASQ/ALQ
4302,35.0,หญิง,Thailand,ชลบุรี,2020-12-18,2020-12-19,ชลบุรี,บางละมุง,State Quarantine
4303,38.0,ชาย,United Kingdom,กทม,2020-12-17,2020-12-19,กรุงเทพมหานคร,สุขุมวิท,ผู้ที่เดินทางมาจากต่างประเทศ และเข้า ASQ/ALQ
4304,57.0,ชาย,United Kingdom,กทม,2020-12-17,2020-12-19,กรุงเทพมหานคร,ห้วยขวาง,ผู้ที่เดินทางมาจากต่างประเทศ และเข้า ASQ/ALQ
4305,31.0,ชาย,Thailand,กทม,2020-12-17,2020-12-19,กรุงเทพมหานคร,สุขุมวิท,ผู้ที่เดินทางมาจากต่างประเทศ และเข้า ASQ/ALQ
4306,37.0,หญิง,Russia,กทม,2020-12-18,2020-12-19,นนทบุรี,ปากเกร็ด,ผู้ที่เดินทางมาจากต่างประเทศ และเข้า ASQ/ALQ
4307,39.0,หญิง,Canada,กทม,2020-12-18,2020-12-19,กรุงเทพมหานคร,ห้วยขวาง,ผู้ที่เดินทางมาจากต่างประเทศ และเข้า ASQ/ALQ
4308,44.0,ชาย,Argentina,กทม,2020-12-18,2020-12-19,กรุงเทพมหานคร,ห้วยขวาง,ผู้ที่เดินทางมาจากต่างประเทศ และเข้า ASQ/ALQ
4309,50.0,ชาย,United States of America,กทม,2020-12-18,2020-12-19,ชลบุรี,บางพลี,ผู้ที่เดินทางมาจากต่างประเทศ และเข้า ASQ/ALQ
4310,53.0,ชาย,Thailand,ชลบุรี,2020-12-18,2020-12-19,ชลบุรี,บางละมุง,State Quarantine
4311,58.0,หญิง,Bangladesh,กทม,2020-12-18,2020-12-19,นนทบุรี,ปากเกร็ด,ผู้ที่เดินทางมาจากต่างประเทศ และเข้า ASQ/ALQ
4312,59.0,ชาย,Bangladesh,กทม,2020-12-18,2020-12-19,นนทบุรี,ปากเกร็ด,ผู้ที่เดินทางมาจากต่างประเทศ และเข้า ASQ/ALQ
4313,7.0,ชาย,Thailand,ชลบุรี,2020-12-18,2020-12-19,ชลบุรี,บางละมุง,State Quarantine
4314,15.0,หญิง,Thailand,ชลบุรี,2020-12-18,2020-12-19,ชลบุรี,บางละมุง,State Quarantine
4315,44.0,หญิง,India,กทม,2020-12-18,2020-12-19,กรุงเทพมหานคร,คลองเตย,ผู้ที่เดินทางมาจากต่างประเทศ และเข้า ASQ/ALQ
4316,45.0,หญิง,Thailand,สมุทรปราการ,2020-12-18,2020-12-19,สมุทรปราการ,บางบ่อ,State Quarantine
4317,64.0,ชาย,Italy,กทม,2020-12-17,2020-12-19,กรุงเทพมหานคร,คลองเตย,ผู้ที่เดินทางมาจากต่างประเทศ และเข้า ASQ/ALQ
4318,16.0,หญิง,Thailand,กทม,2020-12-17,2020-12-19,กรุงเทพมหานคร,ราชเทวี,State Quarantine
4319,36.0,ชาย,United States of America,กทม,2020-12-18,2020-12-19,กรุงเทพมหานคร,บางรัก,ผู้ที่เดินทางมาจากต่างประเทศ และเข้า ASQ/ALQ
4320,42.0,ชาย,Thailand,สมุทรสาคร,2020-12-18,2020-12-19,สมุทรสาคร,เมือง,อยู่ระหว่างการสอบสวน
4321,73.0,หญิง,Thailand,สมุทรสาคร,2020-12-18,2020-12-19,สมุทรสาคร,เมือง,อยู่ระหว่างการสอบสวน
4322,95.0,หญิง,Thailand,สมุทรสาคร,2020-12-18,2020-12-19,สมุทรสาคร,เมือง,อยู่ระหว่างการสอบสวน
4323,57.0,หญิง,Thailand,สมุทรสาคร,2020-12-18,2020-12-19,สมุทรสาคร,เมือง,อยู่ระหว่างการสอบสวน
4324,40.0,ชาย,Burma,สมุทรสาคร,2020-12-18,2020-12-19,สมุทรสาคร,เมือง,อยู่ระหว่างการสอบสวน
4325,32.0,ชาย,Burma,สมุทรสาคร,2020-12-18,2020-12-19,สมุทรสาคร,เมือง,อยู่ระหว่างการสอบสวน
4326,41.0,หญิง,Burma,สมุทรสาคร,2020-12-18,2020-12-19,สมุทรสาคร,เมือง,อยู่ระหว่างการสอบสวน
4327,24.0,หญิง,Thailand,สมุทรสาคร,2020-12-18,2020-12-19,สมุทรสาคร,เมือง,อยู่ระหว่างการสอบสวน
4328,43.0,หญิง,Burma,สมุทรสาคร,2020-12-18,2020-12-19,สมุทรสาคร,เมือง,อยู่ระหว่างการสอบสวน
4329,20.0,หญิง,Thailand,สมุทรสาคร,2020-12-18,2020-12-19,สมุทรสาคร,เมือง,อยู่ระหว่างการสอบสวน
4330,49.0,หญิง,Thailand,สมุทรสาคร,2020-12-18,2020-12-19,สมุทรสาคร,เมือง,อยู่ระหว่างการสอบสวน
4331,23.0,ชาย,Thailand,สมุทรสาคร,2020-12-18,2020-12-19,สมุทรสาคร,เมือง,อยู่ระหว่างการสอบสวน
4332,31.0,หญิง,Thailand,สมุทรสาคร,2020-12-18,2020-12-20,สมุทรสาคร,เมือง,Cluster ตลาดกลางกุ้ง สมุทรสาคร
4333,20.0,ชาย,Thailand,สมุทรสาคร,2020-12-18,2020-12-20,สมุทรสาคร,เมือง,Cluster ตลาดกลางกุ้ง สมุทรสาคร
4334,47.0,หญิง,Thailand,สมุทรสาคร,2020-12-19,2020-12-20,สมุทรสาคร,เมือง,Cluster ตลาดกลางกุ้ง สมุทรสาคร
4335,42.0,ชาย,Burma,สมุทรสาคร,2020-12-19,2020-12-20,สมุทรสาคร,เมือง,Cluster ตลาดกลางกุ้ง สมุทรสาคร
4336,57.0,ชาย,Thailand,สมุทรสาคร,2020-12-18,2020-12-20,สมุทรสาคร,เมือง,Cluster ตลาดกลางกุ้ง สมุทรสาคร
4337,56.0,หญิง,Thailand,สมุทรสาคร,2020-12-18,2020-12-20,สมุทรสาคร,เมือง,Cluster ตลาดกลางกุ้ง สมุทรสาคร
4338,42.0,หญิง,Thailand,สมุทรสาคร,2020-12-20,2020-12-20,สมุทรสาคร,เมือง,Cluster ตลาดกลางกุ้ง สมุทรสาคร
4339,45.0,หญิง,Thailand,ชลบุรี,2020-12-19,2020-12-20,ชลบุรี,บางละมุง,State Quarantine
4340,45.0,หญิง,Thailand,ชลบุรี,2020-12-19,2020-12-20,ชลบุรี,บางละมุง,State Quarantine
4341,29.0,หญิง,Thailand,เชียงราย,2020-12-19,2020-12-20,เชียงราย,เมือง,State Quarantine
4342,31.0,หญิง,Thailand,เชียงราย,2020-12-19,2020-12-20,เชียงราย,เมือง,State Quarantine
4343,59.0,หญิง,Qatar,กทม,2020-12-17,2020-12-20,กรุงเทพมหานคร,บางกะปิ,ผู้ที่เดินทางมาจากต่างประเทศ และเข้า HQ/AHQ
4344,33.0,หญิง,Thailand,กทม,2020-12-19,2020-12-20,กรุงเทพมหานคร,คลองสามวา,Cluster ตลาดกลางกุ้ง สมุทรสาคร
4345,78.0,หญิง,Thailand,กทม,2020-12-19,2020-12-20,กรุงเทพมหานคร,บางซื่อ,Cluster ตลาดกลางกุ้ง สมุทรสาคร
4346,31.0,ชาย,Afghanistan,กทม,2020-12-19,2020-12-20,กรุงเทพมหานคร,ห้วยขวาง,ผู้ที่เดินทางมาจากต่างประเทศ และเข้า ASQ/ALQ
4347,51.0,ชาย,United Kingdom,กทม,2020-12-19,2020-12-20,กรุงเทพมหานคร,จอมทอง,ผู้ที่เดินทางมาจากต่างประเทศ และเข้า ASQ/ALQ
4348,26.0,ชาย,Thailand,ชลบุรี,2020-12-19,2020-12-20,ชลบุรี,บางละมุง,State Quarantine
4349,58.0,หญิง,Thailand,ชลบุรี,2020-12-19,2020-12-20,ชลบุรี,บางละมุง,State Quarantine
4350,27.0,หญิง,Thailand,กทม,2020-12-19,2020-12-20,สมุทรปราการ,บางพลี,ผู้ที่เดินทางมาจากต่างประเทศ และเข้า ASQ/ALQ
4351,41.0,หญิง,Thailand,สมุทรปราการ,2020-12-19,2020-12-20,สมุทรปราการ,บางพลี,ผู้ที่เดินทางมาจากต่างประเทศ และเข้า ASQ/ALQ
4352,30.0,หญิง,Thailand,ชลบุรี,2020-12-19,2020-12-20,ชลบุรี,บางละมุง,State Quarantine
4353,24.0,หญิง,Thailand,ชลบุรี,2020-12-19,2020-12-20,ชลบุรี,บางละมุง,State Quarantine
4354,34.0,หญิง,Thailand,ชลบุรี,2020-12-19,2020-12-20,ชลบุรี,บางละมุง,State Quarantine
4355,30.0,หญิง,Thailand,ชลบุรี,2020-12-19,2020-12-20,ชลบุรี,บางละมุง,State Quarantine
4356,38.0,หญิง,Thailand,ชลบุรี,2020-12-19,2020-12-20,ชลบุรี,บางละมุง,State Quarantine
4357,48.0,หญิง,Thailand,ชลบุรี,2020-12-19,2020-12-20,ชลบุรี,บางละมุง,State Quarantine
4358,45.0,หญิง,Thailand,ชลบุรี,2020-12-19,2020-12-20,ชลบุรี,บางละมุง,State Quarantine
4359,26.0,หญิง,Thailand,ชลบุรี,2020-12-19,2020-12-20,ชลบุรี,บางละมุง,State Quarantine
4360,46.0,หญิง,Thailand,ชลบุรี,2020-12-19,2020-12-20,ชลบุรี,บางละมุง,State Quarantine
4361,44.0,หญิง,Thailand,ชลบุรี,2020-12-19,2020-12-20,ชลบุรี,บางละมุง,State Quarantine
4362,29.0,หญิง,Thailand,ชลบุรี,2020-12-19,2020-12-20,ชลบุรี,บางละมุง,State Quarantine
4363,22.0,หญิง,Thailand,ชลบุรี,2020-12-19,2020-12-20,ชลบุรี,บางละมุง,State Quarantine
4364,33.0,หญิง,Thailand,ชลบุรี,2020-12-19,2020-12-20,ชลบุรี,บางละมุง,State Quarantine
4365,22.0,หญิง,Thailand,ชลบุรี,2020-12-19,2020-12-20,ชลบุรี,บางละมุง,State Quarantine
4366,35.0,หญิง,Thailand,ชลบุรี,2020-12-19,2020-12-20,ชลบุรี,บางละมุง,State Quarantine
4367,24.0,หญิง,Thailand,ชลบุรี,2020-12-19,2020-12-20,ชลบุรี,บางละมุง,State Quarantine
4368,28.0,หญิง,Thailand,ชลบุรี,2020-12-19,2020-12-20,ชลบุรี,บางละมุง,State Quarantine
4369,29.0,หญิง,Thailand,ชลบุรี,2020-12-19,2020-12-20,ชลบุรี,บางละมุง,State Quarantine
4370,35.0,หญิง,Thailand,ชลบุรี,2020-12-19,2020-12-20,ชลบุรี,บางละมุง,State Quarantine
4371,42.0,หญิง,Thailand,ชลบุรี,2020-12-19,2020-12-20,ชลบุรี,บางละมุง,State Quarantine
4372,40.0,หญิง,Thailand,ชลบุรี,2020-12-19,2020-12-20,ชลบุรี,บางละมุง,State Quarantine
4373,28.0,หญิง,Thailand,ชลบุรี,2020-12-19,2020-12-20,ชลบุรี,บางละมุง,State Quarantine
4374,37.0,หญิง,Thailand,ชลบุรี,2020-12-19,2020-12-20,ชลบุรี,บางละมุง,State Quarantine
4375,42.0,หญิง,Thailand,ชลบุรี,2020-12-19,2020-12-20,ชลบุรี,บางละมุง,State Quarantine
4376,28.0,หญิง,Thailand,ชลบุรี,2020-12-19,2020-12-20,ชลบุรี,บางละมุง,State Quarantine
4377,30.0,หญิง,Thailand,ชลบุรี,2020-12-19,2020-12-20,ชลบุรี,บางละมุง,State Quarantine
4378,27.0,หญิง,Thailand,ชลบุรี,2020-12-19,2020-12-20,ชลบุรี,บางละมุง,State Quarantine
4379,26.0,หญิง,Thailand,ชลบุรี,2020-12-19,2020-12-20,ชลบุรี,บางละมุง,State Quarantine
4380,28.0,หญิง,Thailand,ชลบุรี,2020-12-19,2020-12-20,ชลบุรี,บางละมุง,State Quarantine
4381,27.0,หญิง,Thailand,ชลบุรี,2020-12-19,2020-12-20,ชลบุรี,บางละมุง,State Quarantine
4382,38.0,ชาย,Thailand,สมุทรสาคร,2020-12-19,2020-12-20,สมุทรสาคร,เมือง,Cluster ตลาดกลางกุ้ง สมุทรสาคร
4383,44.0,หญิง,Thailand,สมุทรสาคร,2020-12-19,2020-12-20,สมุทรสาคร,เมือง,Cluster ตลาดกลางกุ้ง สมุทรสาคร
4384,22.0,หญิง,Thailand,สมุทรสาคร,2020-12-19,2020-12-20,สมุทรสาคร,เมือง,Cluster ตลาดกลางกุ้ง สมุทรสาคร
4385,13.0,หญิง,Thailand,สมุทรสาคร,2020-12-19,2020-12-20,สมุทรสาคร,เมือง,Cluster ตลาดกลางกุ้ง สมุทรสาคร
4386,64.0,หญิง,Thailand,สมุทรสาคร,2020-12-19,2020-12-20,สมุทรสาคร,เมือง,Cluster ตลาดกลางกุ้ง สมุทรสาคร
4387,47.0,หญิง,Thailand,สมุทรสาคร,2020-12-19,2020-12-20,สมุทรสาคร,เมือง,Cluster ตลาดกลางกุ้ง สมุทรสาคร
4388,40.0,หญิง,Thailand,สมุทรสาคร,2020-12-19,2020-12-20,สมุทรสาคร,เมือง,Cluster ตลาดกลางกุ้ง สมุทรสาคร
4389,64.0,ชาย,Thailand,สมุทรสาคร,2020-12-19,2020-12-20,สมุทรสาคร,เมือง,Cluster ตลาดกลางกุ้ง สมุทรสาคร
4390,65.0,ชาย,Thailand,สมุทรสาคร,2020-12-19,2020-12-20,สมุทรสาคร,เมือง,Cluster ตลาดกลางกุ้ง สมุทรสาคร
4391,46.0,ชาย,Thailand,สมุทรสาคร,2020-12-19,2020-12-20,สมุทรสาคร,เมือง,Cluster ตลาดกลางกุ้ง สมุทรสาคร
4392,44.0,ชาย,Thailand,นนทบุรี,2020-12-19,2020-12-21,กรุงเทพมหานคร,คลองเตย,ผู้ที่เดินทางมาจากต่างประเทศ และเข้า ASQ/ALQ
4393,32.0,ชาย,Thailand,สมุทรปราการ,2020-12-19,2020-12-21,สมุทรปราการ,พระประแดง,State Quarantine
4394,48.0,หญิง,Thailand,นครปฐม,2020-12-19,2020-12-21,นครปฐม,นครชัยศรี,Cluster ตลาดกลางกุ้ง สมุทรสาคร
4395,21.0,ชาย,Thailand,นครปฐม,2020-12-19,2020-12-21,นครปฐม,กำแพงแสน,Cluster ตลาดกลางกุ้ง สมุทรสาคร
4396,29.0,หญิง,Thailand,พระนครศรีอยุธยา,2020-12-19,2020-12-21,พระนครศรีอยุธยา,บางปะอิน,อยู่ระหว่างการสอบสวน
4397,42.0,หญิง,Thailand,สมุทรสาคร,2020-12-19,2020-12-21,สมุทรสาคร,เมือง,Cluster ตลาดกลางกุ้ง สมุทรสาคร
4398,28.0,หญิง,Thailand,สมุทรสาคร,2020-12-20,2020-12-21,สมุทรสาคร,เมือง,Cluster ตลาดกลางกุ้ง สมุทรสาคร
4399,42.0,หญิง,Thailand,กทม,2020-12-20,2020-12-21,กรุงเทพมหานคร,วัฒนา,ผู้ที่เดินทางมาจากต่างประเทศ และเข้า ASQ/ALQ
4400,43.0,ชาย,Thailand,สมุทรสาคร,2020-12-20,2020-12-21,สมุทรสาคร,เมือง,Cluster ตลาดกลางกุ้ง สมุทรสาคร
4401,59.0,หญิง,Thailand,สมุทรสาคร,2020-12-20,2020-12-21,สมุทรสาคร,เมือง,Cluster ตลาดกลางกุ้ง สมุทรสาคร
4402,12.0,ชาย,Thailand,กทม,2020-12-20,2020-12-21,กรุงเทพมหานคร,บางกะปิ,ผู้ที่เดินทางมาจากต่างประเทศ และเข้า ASQ/ALQ
4403,32.0,หญิง,Thailand,กทม,2020-12-17,2020-12-21,กรุงเทพมหานคร,วัฒนา,ผู้ที่เดินทางมาจากต่างประเทศ และเข้า ASQ/ALQ
4404,25.0,ชาย,Thailand,สมุทรสาคร,2020-12-20,2020-12-21,สมุทรสาคร,เมือง,Cluster ตลาดกลางกุ้ง สมุทรสาคร
4405,65.0,ชาย,Thailand,ชลบุรี,2020-12-20,2020-12-21,ชลบุรี,บางละมุง,State Quarantine
4406,30.0,ชาย,Thailand,สมุทรสาคร,2020-12-20,2020-12-21,ปทุมธานี,เมือง,Cluster ตลาดกลางกุ้ง สมุทรสาคร
4407,23.0,หญิง,Sudan,กทม,2020-12-20,2020-12-21,กรุงเทพมหานคร,บึงกุ่ม,ผู้ที่เดินทางมาจากต่างประเทศ และเข้า HQ/AHQ
4408,61.0,ชาย,Thailand,ชลบุรี,2020-12-20,2020-12-21,ชลบุรี,บางละมุง,State Quarantine
4409,37.0,ชาย,Thailand,สมุทรปราการ,2020-12-19,2020-12-21,สมุทรปราการ,เมือง,Cluster ตลาดกลางกุ้ง สมุทรสาคร
4410,31.0,ชาย,Laos,สมุทรปราการ,2020-12-19,2020-12-21,สมุทรปราการ,เมือง,Cluster ตลาดกลางกุ้ง สมุทรสาคร
4411,39.0,หญิง,Thailand,สมุทรปราการ,2020-12-19,2020-12-21,สมุทรปราการ,เมือง,Cluster ตลาดกลางกุ้ง สมุทรสาคร
4412,48.0,หญิง,Thailand,สมุทรสาคร,2020-12-20,2020-12-21,ปทุมธานี,ลำลูกกา,Cluster ตลาดกลางกุ้ง สมุทรสาคร
4413,42.0,หญิง,Burma,ตาก,2020-12-20,2020-12-21,ตาก,แม่สอด,อยู่ระหว่างการสอบสวน
4414,41.0,ชาย,Thailand,สระบุรี,2020-12-22,2020-12-21,สระบุรี,เมือง,Cluster ตลาดกลางกุ้ง สมุทรสาคร
4415,45.0,หญิง,Thailand,สระบุรี,2020-12-22,2020-12-21,สระบุรี,เมือง,สัมผัสใกล้ชิดกับผู้ป่วยยืนยันรายก่อนหน้านี้
4416,21.0,หญิง,Thailand,สระบุรี,2020-12-22,2020-12-21,สระบุรี,เมือง,Cluster ตลาดกลางกุ้ง สมุทรสาคร
4417,24.0,หญิง,Thailand,ฉะเชิงเทรา,2020-12-22,2020-12-21,ฉะเชิงเทรา,บางประกง,Cluster ตลาดกลางกุ้ง สมุทรสาคร
4418,42.0,ชาย,Thailand,ปทุมธานี,2020-12-22,2020-12-21,ปทุมธานี,ธัญบุรี,Cluster ตลาดกลางกุ้ง สมุทรสาคร
4419,37.0,หญิง,Thailand,ปทุมธานี,2020-12-22,2020-12-21,ปทุมธานี,ธัญบุรี,Cluster ตลาดกลางกุ้ง สมุทรสาคร
4420,57.0,หญิง,Thailand,นครปฐม,2020-12-22,2020-12-21,นครปฐม,บางเลน,Cluster ตลาดกลางกุ้ง สมุทรสาคร
4421,51.0,ชาย,Italy,กทม,2020-12-22,2020-12-21,กรุงเทพมหานคร,ปทุุมวัน,ผู้ที่เดินทางมาจากต่างประเทศ และเข้า ASQ/ALQ
4422,26.0,ชาย,Thailand,ปทุมธานี,2020-12-22,2020-12-21,ปทุมธานี,คลองหลวง,ไปสถานที่ชุมชน เช่น ตลาดนัด สถานที่ท่องเที่ยว
4423,42.0,ชาย,France,นนทบุรี,2020-12-22,2020-12-21,กรุงเทพมหานคร,วัฒนา,ผู้ที่เดินทางมาจากต่างประเทศ และเข้า ASQ/ALQ
4424,36.0,หญิง,Thailand,ชลบุรี,2020-12-22,2020-12-21,ชลบุรี,บางละมุง,State Quarantine
4425,61.0,หญิง,Thailand,ชลบุรี,2020-12-22,2020-12-21,ชลบุรี,บางละมุง,State Quarantine
4426,33.0,ชาย,Pakistan,กทม,2020-12-22,2020-12-21,กรุงเทพมหานคร,พระนคร,ผู้ที่เดินทางมาจากต่างประเทศ และเข้า ASQ/ALQ
4427,35.0,ชาย,Thailand,ชลบุรี,2020-12-22,2020-12-21,ชลบุรี,บางละมุง,State Quarantine
4428,50.0,หญิง,Thailand,เพชรบุรี,2020-12-22,2020-12-21,เพชรบุรี,บ้านแหลม,Cluster ตลาดกลางกุ้ง สมุทรสาคร
4429,54.0,ชาย,Thailand,ชลบุรี,2020-12-22,2020-12-21,ชลบุรี,บางละมุง,State Quarantine
4430,37.0,หญิง,Thailand,ชลบุรี,2020-12-22,2020-12-21,ชลบุรี,บางละมุง,State Quarantine
4431,35.0,ชาย,Thailand,ชลบุรี,2020-12-22,2020-12-21,ชลบุรี,บางละมุง,State Quarantine
4432,47.0,ชาย,Thailand,ชลบุรี,2020-12-22,2020-12-21,ชลบุรี,บางละมุง,State Quarantine
4433,22.0,ชาย,Thailand,ชลบุรี,2020-12-22,2020-12-21,ชลบุรี,บางละมุง,State Quarantine
4434,49.0,หญิง,Thailand,กทม,2020-12-22,2020-12-22,กรุงเทพมหานคร,หนองแขม,สัมผัสใกล้ชิดกับผู้ป่วยยืนยันรายก่อนหน้านี้
4435,37.0,ชาย,Thailand,กทม,2020-12-22,2020-12-21,กรุงเทพมหานคร,คลองสามวา,สัมผัสใกล้ชิดกับผู้ป่วยยืนยันรายก่อนหน้านี้
4436,15.0,ชาย,Sudan,กทม,2020-12-22,2020-12-21,กรุงเทพมหานคร,จอมทอง,ผู้ที่เดินทางมาจากต่างประเทศ และเข้า ASQ/ALQ
4437,28.0,ชาย,Thailand,กทม,2020-12-22,2020-12-21,ฉะเชิงเทรา,บางประกง,Cluster ตลาดกลางกุ้ง สมุทรสาคร
4438,48.0,หญิง,Thailand,อุตรดิตถ์,2020-12-22,2020-12-21,อุตรดิตถ์,,Cluster ตลาดกลางกุ้ง สมุทรสาคร
4439,36.0,หญิง,Thailand,กทม,2020-12-22,2020-12-21,กรุงเทพมหานคร,มีนบุรี,สัมผัสใกล้ชิดกับผู้ป่วยยืนยันรายก่อนหน้านี้
4440,17.0,ชาย,Sudan,กทม,2020-12-22,2020-12-21,กรุงเทพมหานคร,จอมทอง,ผู้ที่เดินทางมาจากต่างประเทศ และเข้า ASQ/ALQ
4441,54.0,หญิง,Thailand,กทม,2020-12-22,2020-12-21,กรุงเทพมหานคร,บางกะปิ,สัมผัสใกล้ชิดกับผู้ป่วยยืนยันรายก่อนหน้านี้
4442,66.0,หญิง,Thailand,กทม,2020-12-22,2020-12-21,กรุงเทพมหานคร,ดอนเมือง,สัมผัสใกล้ชิดกับผู้ป่วยยืนยันรายก่อนหน้านี้
4443,41.0,หญิง,Russia,กทม,2020-12-22,2020-12-21,กรุงเทพมหานคร,บางรัก,ผู้ที่เดินทางมาจากต่างประเทศ และเข้า ASQ/ALQ
4444,52.0,หญิง,Thailand,กทม,2020-12-22,2020-12-21,สมุทรสาคร,เมือง,Cluster ตลาดกลางกุ้ง สมุทรสาคร
4445,28.0,ชาย,China,กทม,2020-12-22,2020-12-21,กรุงเทพมหานคร,คลองเตย,อื่นๆ
4446,53.0,หญิง,Thailand,ชลบุรี,2020-12-23,2020-12-21,ชลบุรี,บางละมุง,State Quarantine
4447,38.0,หญิง,Thailand,ชลบุรี,2020-12-23,2020-12-21,ชลบุรี,บางละมุง,State Quarantine
4448,34.0,ชาย,Thailand,นครปฐม,2020-12-23,2020-12-22,นครปฐม,บางเลน,Cluster ตลาดกลางกุ้ง สมุทรสาคร
4449,37.0,ชาย,Thailand,นครปฐม,2020-12-23,2020-12-22,นครปฐม,บางเลน,Cluster ตลาดกลางกุ้ง สมุทรสาคร
4450,46.0,ชาย,Thailand,นครปฐม,2020-12-23,2020-12-22,นครปฐม,บางเลน,Cluster ตลาดกลางกุ้ง สมุทรสาคร
4451,32.0,ชาย,Thailand,กทม,2020-12-23,2020-12-22,นครปฐม,กำแพงแสน,Cluster ตลาดกลางกุ้ง สมุทรสาคร
4452,63.0,ชาย,Thailand,นนทบุรี,2020-12-23,2020-12-22,นนทบุรี,เมือง,ไปสถานที่ชุมชน เช่น ตลาดนัด สถานที่ท่องเที่ยว
4453,35.0,หญิง,Thailand,สุพรรณบุรี,2020-12-23,2020-12-22,สุพรรณบุรี,สองพี่น้อง,Cluster ตลาดกลางกุ้ง สมุทรสาคร
4454,55.0,ชาย,Pakistan,กทม,2020-12-23,2020-12-22,กรุงเทพมหานคร,วัฒนา,ผู้ที่เดินทางมาจากต่างประเทศ และเข้า HQ/AHQ
4455,29.0,หญิง,Thailand,เชียงราย,2020-12-23,2020-12-22,เชียงราย,เมือง,State Quarantine
4456,64.0,ชาย,Thailand,เพชรบูรณ์,2020-12-23,2020-12-22,เพชรบูรณ์,หนองไผ่,Cluster ตลาดกลางกุ้ง สมุทรสาคร
4457,52.0,ชาย,Thailand,สมุทรปราการ,2020-12-23,2020-12-22,สมุทรปราการ,เมือง,Cluster ตลาดกลางกุ้ง สมุทรสาคร
4458,57.0,ชาย,Thailand,นครราชสีมา,2020-12-23,2020-12-22,นครราชสีมา,พิมาย,Cluster ตลาดกลางกุ้ง สมุทรสาคร
4459,41.0,ชาย,Thailand,กทม,2020-12-23,2020-12-22,กรุงเทพมหานคร,ลาดพร้าว,สัมผัสใกล้ชิดกับผู้ป่วยยืนยันรายก่อนหน้านี้
4460,23.0,ชาย,Thailand,ปราจีนบุรี,2020-12-23,2020-12-22,ปราจีนบุรี,บ้านสร้าง,Cluster ตลาดกลางกุ้ง สมุทรสาคร
4461,49.0,ชาย,Thailand,ปราจีนบุรี,2020-12-23,2020-12-22,ปราจีนบุรี,บ้านสร้าง,Cluster ตลาดกลางกุ้ง สมุทรสาคร
4462,43.0,หญิง,Thailand,ชลบุรี,2020-12-23,2020-12-22,ชลบุรี,บางละมุง,State Quarantine
4463,65.0,หญิง,Thailand,กทม,2020-12-23,2020-12-22,กรุงเทพมหานคร,วัฒนา,Cluster ตลาดกลางกุ้ง สมุทรสาคร
4464,28.0,ชาย,Thailand,กทม,2020-12-23,2020-12-22,กรุงเทพมหานคร,บางพลัด,ไปสถานที่ชุมชน เช่น ตลาดนัด สถานที่ท่องเที่ยว
4465,40.0,ชาย,Thailand,ภูเก็ต,2020-12-23,2020-12-22,ภูเก็ต,กระทู้,สัมผัสใกล้ชิดกับผู้ป่วยยืนยันรายก่อนหน้านี้
4466,46.0,หญิง,Thailand,สระบุรี,2020-12-23,2020-12-22,สระบุรี,หนองแค,สัมผัสใกล้ชิดกับผู้ป่วยยืนยันรายก่อนหน้านี้
4467,36.0,หญิง,Thailand,สระบุรี,2020-12-23,2020-12-22,สระบุรี,เมือง,สัมผัสใกล้ชิดกับผู้ป่วยยืนยันรายก่อนหน้านี้
4468,48.0,หญิง,Burma,กระบี่,2020-12-23,2020-12-22,กระบี่,เมือง,ไปสถานที่ชุมชน เช่น ตลาดนัด สถานที่ท่องเที่ยว
4469,17.0,หญิง,Thailand,ฉะเชิงเทรา,2020-12-23,2020-12-22,ฉะเชิงเทรา,บ้านโพธิ์,Cluster ตลาดกลางกุ้ง สมุทรสาคร
4470,43.0,ชาย,Thailand,ฉะเชิงเทรา,2020-12-23,2020-12-22,ฉะเชิงเทรา,บ้านโพธิ์,Cluster ตลาดกลางกุ้ง สมุทรสาคร
4471,39.0,ชาย,Thailand,ฉะเชิงเทรา,2020-12-23,2020-12-22,ฉะเชิงเทรา,บ้านโพธิ์,Cluster ตลาดกลางกุ้ง สมุทรสาคร
4472,50.0,หญิง,Russia,สมุทรปราการ,2020-12-23,2020-12-22,สมุทรปราการ,บางพลี,ผู้ที่เดินทางมาจากต่างประเทศ และเข้า ASQ/ALQ
4473,52.0,หญิง,Thailand,ฉะเชิงเทรา,2020-12-23,2020-12-22,ฉะเชิงเทรา,บางประกง,สัมผัสใกล้ชิดกับผู้ป่วยยืนยันรายก่อนหน้านี้
4474,36.0,ชาย,Thailand,สมุทรปราการ,2020-12-23,2020-12-22,สมุทรปราการ,เมือง,Cluster ตลาดกลางกุ้ง สมุทรสาคร
4475,51.0,ชาย,United Kingdom,ชลบุรี,2020-12-23,2020-12-22,ชลบุรี,บางละมุง,ผู้ที่เดินทางมาจากต่างประเทศ และเข้า ASQ/ALQ
4476,80.0,หญิง,Thailand,ฉะเชิงเทรา,2020-12-23,2020-12-22,ฉะเชิงเทรา,บางปะกง,สัมผัสใกล้ชิดกับผู้ป่วยยืนยันรายก่อนหน้านี้
4477,59.0,หญิง,Thailand,กทม,2020-12-23,2020-12-22,กรุงเทพมหานคร,บางขุนเทียน,Cluster ตลาดกลางกุ้ง สมุทรสาคร
4478,48.0,หญิง,Thailand,กทม,2020-12-23,2020-12-22,กรุงเทพมหานคร,บางแค,Cluster ตลาดกลางกุ้ง สมุทรสาคร
4479,37.0,หญิง,Thailand,กทม,2020-12-23,2020-12-22,กรุงเทพมหานคร,บางบอน,Cluster ตลาดกลางกุ้ง สมุทรสาคร
4480,51.0,ชาย,china,กทม,2020-12-23,2020-12-22,กรุงเทพมหานคร,บางกะปิ,Cluster ตลาดกลางกุ้ง สมุทรสาคร
4481,48.0,ชาย,Thailand,กทม,2020-12-23,2020-12-22,กรุงเทพมหานคร,หนองแขม,สัมผัสใกล้ชิดกับผู้ป่วยยืนยันรายก่อนหน้านี้
4482,29.0,หญิง,Thailand,พระนครศรีอยุธยา,2020-12-23,2020-12-22,พระนครศรีอยุธยา,ภาชี,Cluster ตลาดกลางกุ้ง สมุทรสาคร
4483,32.0,หญิง,Thailand,พระนครศรีอยุธยา,2020-12-23,2020-12-22,พระนครศรีอยุธยา,ภาชี,Cluster ตลาดกลางกุ้ง สมุทรสาคร
4484,43.0,ชาย,Thailand,กำแพงเพชร,2020-12-23,2020-12-22,กำแพงเพชร,ขาณุวรลักษบุรี,Cluster ตลาดกลางกุ้ง สมุทรสาคร
4485,43.0,ชาย,Thailand,กำแพงเพชร,2020-12-23,2020-12-22,สมุทรสาคร,เมือง,Cluster ตลาดกลางกุ้ง สมุทรสาคร
4486,37.0,ชาย,Burma,กทม,2020-12-23,2020-12-22,กรุงเทพมหานคร,บางขุนเทียน,ไปสถานที่แออัด เช่น งานแฟร์ คอนเสิร์ต
4487,28.0,หญิง,Thailand,ตาก,2020-12-23,2020-12-22,ตาก,แม่สอด,สัมผัสใกล้ชิดกับผู้ป่วยยืนยันรายก่อนหน้านี้
4488,31.0,หญิง,Burma,ตาก,2020-12-23,2020-12-22,ตาก,แม่สอด,สัมผัสใกล้ชิดกับผู้ป่วยยืนยันรายก่อนหน้านี้
4489,24.0,หญิง,Thailand,ขอนแก่น,2020-12-23,2020-12-22,สมุทรสาคร,เมือง,อยู่ระหว่างการสอบสวน
4490,38.0,ชาย,Thailand,,2020-12-24,2020-12-21,สมุทรสาคร,เมือง,Cluster สมุทรสาคร
4491,34.0,หญิง,Thailand,สมุทรสาคร,2020-12-24,2020-12-21,สมุทรสาคร,เมือง,Cluster สมุทรสาคร
4492,19.0,หญิง,Thailand,สมุทรสาคร,2020-12-24,2020-12-21,สมุทรสาคร,เมือง,Cluster สมุทรสาคร
4493,45.0,หญิง,Thailand,สมุทรสาคร,2020-12-24,2020-12-21,สมุทรสาคร,บ้านเเพ้ว,Cluster สมุทรสาคร
4494,20.0,หญิง,Thailand,สมุทรสาคร,2020-12-24,2020-12-21,สมุทรสาคร,เมือง,Cluster สมุทรสาคร
4495,25.0,หญิง,Thailand,สมุทรสาคร,2020-12-24,2020-12-21,สมุทรสาคร,,Cluster สมุทรสาคร
4496,27.0,หญิง,Thailand,สมุทรสาคร,2020-12-24,2020-12-21,สมุทรสาคร,เมือง,Cluster สมุทรสาคร
4497,28.0,หญิง,Thailand,สมุทรสาคร,2020-12-24,2020-12-21,สมุทรสาคร,เมือง,Cluster สมุทรสาคร
4498,55.0,ชาย,Thailand,กทม,2020-12-24,2020-12-23,กรุงเทพมหานคร,สายไหม,Cluster สมุทรสาคร
4499,53.0,ชาย,Thailand,สุราษฎร์ธานี,2020-12-24,2020-12-23,สุราษฎร์ธานี,พุนพิน,Cluster สมุทรสาคร
4500,42.0,หญิง,Thailand,นครศรีธรรมราช,2020-12-24,2020-12-23,นครศรีธรรมราช,ท่าศาลา,Cluster สมุทรสาคร
4501,45.0,ชาย,Thailand,กทม,2020-12-24,2020-12-23,กรุงเทพมหานคร,บางขุนเทียน,Cluster สมุทรสาคร
4502,35.0,ชาย,Thailand,ชัยนาท,2020-12-24,2020-12-23,ชัยนาท,เมือง,Cluster สมุทรสาคร
4503,50.0,หญิง,Burma,พิจิตร,2020-12-24,2020-12-23,พิจิตร,วชิรบารมี,Cluster สมุทรสาคร
4504,37.0,หญิง,Thailand,อุตรดิตถ์,2020-12-24,2020-12-23,อุตรดิตถ์,น้ำปาด,Cluster สมุทรสาคร
4505,44.0,ชาย,Burma,พิจิตร,2020-12-24,2020-12-23,พิจิตร,วชิรบารมี,Cluster สมุทรสาคร
4506,34.0,ชาย,Burma,พิจิตร,2020-12-24,2020-12-23,พิจิตร,วชิรบารมี,Cluster สมุทรสาคร
4507,32.0,ชาย,Thailand,สมุทรสาคร,2020-12-24,2020-12-23,สมุทรสาคร,เมือง,Cluster สมุทรสาคร
4508,59.0,ชาย,Thailand,ปทุมธานี,2020-12-24,2020-12-23,ปทุมธานี,ธัญบุรี,Cluster สมุทรสาคร
4509,61.0,ชาย,Thailand,สมุทรสาคร,2020-12-24,2020-12-23,สมุทรสาคร,เมือง,Cluster สมุทรสาคร
4510,55.0,ชาย,Thailand,สมุทรสาคร,2020-12-24,2020-12-23,สมุทรสาคร,เมือง,Cluster สมุทรสาคร
4511,45.0,ชาย,Thailand,สมุทรสาคร,2020-12-24,2020-12-23,สมุทรสาคร,โกรกกราก,Cluster สมุทรสาคร
4512,52.0,ชาย,Thailand,กทม,2020-12-24,2020-12-23,สมุทรสาคร,เมือง,Cluster สมุทรสาคร
4513,31.0,หญิง,Thailand,กทม,2020-12-24,2020-12-23,กรุงเทพมหานคร,บางขุนเทียน,Cluster สมุทรสาคร
4514,31.0,หญิง,Thailand,กทม,2020-12-24,2020-12-23,สมุทรสาคร,เมือง,Cluster สมุทรสาคร
4515,57.0,ชาย,Thailand,สมุทรสาคร,2020-12-24,2020-12-23,สมุทรสาคร,เมือง,Cluster สมุทรสาคร
4516,28.0,หญิง,United States of America,กทม,2020-12-24,2020-12-23,กรุงเทพมหานคร,สุรวงค์,ผู้ที่เดินทางมาจากต่างประเทศ และเข้า ASQ/ALQ
4517,46.0,หญิง,Thailand,นนทบุรี,2020-12-24,2020-12-23,กรุงเทพมหานคร,บางขุนเทียน,Cluster สมุทรสาคร
4518,19.0,หญิง,Cambodia,ชลบุรี,2020-12-24,2020-12-23,ชลบุรี,พานทอง,คนต่างชาติเดินทางมาจากต่างประเทศ
4519,28.0,ชาย,United States of America,กทม,2020-12-24,2020-12-23,กรุงเทพมหานคร,บางรัก,ผู้ที่เดินทางมาจากต่างประเทศ และเข้า ASQ/ALQ
4520,23.0,หญิง,Thailand,สมุทรปราการ,2020-12-24,2020-12-23,สมุทรปราการ,พระสมุทรเจดีย์,Cluster สมุทรสาคร
4521,69.0,ชาย,Thailand,กทม,2020-12-24,2020-12-23,สมุทรสาคร,เมือง,Cluster สมุทรสาคร
4522,28.0,ชาย,Thailand,ชลบุรี,2020-12-24,2020-12-23,ชลบุรี,บางละมุง,State Quarantine
4523,55.0,หญิง,Thailand,สมุทรปราการ,2020-12-24,2020-12-23,สมุทรปราการ,เมือง,Cluster สมุทรสาคร
4524,43.0,ชาย,Thailand,นครราชสีมา,2020-12-24,2020-12-23,นครราชสีมา,บัวใหญ่,Cluster สมุทรสาคร
4525,55.0,หญิง,Thailand,กทม,2020-12-24,2020-12-23,ระยอง,,ไปสถานที่ชุมชน เช่น ตลาดนัด สถานที่ท่องเที่ยว
4526,41.0,ชาย,Thailand,ชัยภูมิ,2020-12-24,2020-12-23,ชัยภูมิ,ภูเขียว,Cluster สมุทรสาคร
4527,46.0,ชาย,Thailand,ฉะเชิงเทรา,2020-12-24,2020-12-23,ฉะเชิงเทรา,บางปะกง,Cluster สมุทรสาคร
4528,51.0,ชาย,Thailand,ฉะเชิงเทรา,2020-12-24,2020-12-23,ฉะเชิงเทรา,บางปะกง,Cluster สมุทรสาคร
4529,58.0,หญิง,Thailand,ปทุมธานี,2020-12-24,2020-12-23,ปทุมธานี,ลาดหลุมแก้ว,Cluster สมุทรสาคร
4530,28.0,หญิง,Thailand,กทม,2020-12-24,2020-12-23,กรุงเทพมหานคร,บางพลัด,Cluster สมุทรสาคร
4531,47.0,ชาย,Thailand,กทม,2020-12-24,2020-12-23,กรุงเทพมหานคร,,Cluster สมุทรสาคร
4532,37.0,ชาย,Burma,ตาก,2020-12-24,2020-12-23,ตาก,แม่สอด,สัมผัสใกล้ชิดกับผู้ป่วยยืนยันรายก่อนหน้านี้
4533,15.0,หญิง,Thailand,ชัยภูมิ,2020-12-24,2020-12-23,ชัยภูมิ,ภูเขียว,สัมผัสใกล้ชิดกับผู้ป่วยยืนยันรายก่อนหน้านี้
4534,23.0,ชาย,Thailand,ชัยภูมิ,2020-12-24,2020-12-23,ชัยภูมิ,เมือง,Cluster สมุทรสาคร
4535,44.0,หญิง,Thailand,อ่างทอง,2020-12-24,2020-12-23,อ่างทอง,เมือง,Cluster สมุทรสาคร
4536,39.0,ชาย,Thailand,กทม,2020-12-24,2020-12-23,กรุงเทพมหานคร,คลองเตย,คนไทยเดินทางกลับจากต่างประเทศ
4537,46.0,ชาย,Thailand,กทม,2020-12-24,2020-12-23,กรุงเทพมหานคร,คลองเตย,ผู้ที่เดินทางมาจากต่างประเทศ และเข้า ASQ/ALQ
4538,30.0,ชาย,Thailand,อุดรธานี,2020-12-24,2020-12-23,อุดรธานี,เมือง,Cluster สมุทรสาคร
4539,47.0,หญิง,Thailand,นครราชสีมา,2020-12-24,2020-12-23,นครราชสีมา,สีคิ้ว,Cluster สมุทรสาคร
4540,23.0,หญิง,Thailand,สมุทรปราการ,2020-12-24,2020-12-23,สมุทรปราการ,บางเสาธง,State Quarantine
4541,53.0,ชาย,Thailand,สมุทรสงคราม,2020-12-24,2020-12-23,สมุทรปราการ,พระสมุทรเจดีย์,Cluster สมุทรสาคร
4542,26.0,หญิง,Thailand,กทม,2020-12-24,2020-12-23,สมุทรสาคร,เมือง,Cluster สมุทรสาคร
4543,29.0,หญิง,Thailand,กทม,2020-12-24,2020-12-23,กรุงเทพมหานคร,พระราม2,Cluster สมุทรสาคร
4544,54.0,หญิง,Thailand,กทม,2020-12-24,2020-12-23,สมุทรสาคร,บางหญ้าเเพรก,Cluster สมุทรสาคร
4545,61.0,ชาย,United States of America,กทม,2020-12-24,2020-12-23,กรุงเทพมหานคร,คลองเตย,ผู้ที่เดินทางมาจากต่างประเทศ และเข้า ASQ/ALQ
4546,66.0,หญิง,Thailand,สมุทรสาคร,2020-12-24,2020-12-23,สมุทรสาคร,เมือง,Cluster สมุทรสาคร
4547,57.0,หญิง,Thailand,กทม,2020-12-24,2020-12-23,กรุงเทพมหานคร,หนองแขม,Cluster สมุทรสาคร
4548,33.0,หญิง,Thailand,กทม,2020-12-24,2020-12-23,สมุทรสาคร,เมือง,Cluster สมุทรสาคร
4549,34.0,หญิง,Thailand,สมุทรสาคร,2020-12-24,2020-12-23,สมุทรสาคร,เมือง,Cluster สมุทรสาคร
4550,35.0,ชาย,Thailand,นนทบุรี,2020-12-24,2020-12-23,นนทบุรี,เมือง,ไปสถานที่ชุมชน เช่น ตลาดนัด สถานที่ท่องเที่ยว
4551,27.0,หญิง,Thailand,นนทบุรี,2020-12-24,2020-12-23,นนทบุรี,บางกรวย,Cluster สมุทรสาคร
4552,59.0,ชาย,Thailand,นครสวรรค์,2020-12-24,2020-12-23,นครสวรรค์,เมือง,Cluster สมุทรสาคร
4553,24.0,ชาย,Thailand,นนทบุรี,2020-12-24,2020-12-23,นนทบุรี,บางใหญ่,Cluster สมุทรสาคร
4554,35.0,หญิง,Thailand,เชียงราย,2020-12-24,2020-12-23,เชียงราย,เมือง,State Quarantine
4555,39.0,ชาย,Thailand,สมุทรปราการ,2020-12-24,2020-12-23,นนทบุรี,บางใหญ่่,Cluster สมุทรสาคร
4556,30.0,หญิง,Thailand,นนทบุรี,2020-12-24,2020-12-23,นนทบุรี,บางบัวทอง,Cluster สมุทรสาคร
4557,27.0,ชาย,Thailand,สงขลา,2020-12-25,2020-12-24,สงขลา,หาดใหญ่,อยู่ระหว่างการสอบสวน
4558,13.0,ชาย,Thailand,ภูเก็ต,2020-12-25,2020-12-24,ภูเก็ต,กะทู้,สัมผัสใกล้ชิดกับผู้ป่วยยืนยันรายก่อนหน้านี้
4559,9.0,ชาย,Thailand,ภูเก็ต,2020-12-25,2020-12-24,ภูเก็ต,กะทู้,สัมผัสใกล้ชิดกับผู้ป่วยยืนยันรายก่อนหน้านี้
4560,35.0,ชาย,Thailand,กระบี่,2020-12-25,2020-12-24,กระบี่,อ่าวนาง,อยู่ระหว่างการสอบสวน
4561,34.0,หญิง,Thailand,กระบี่,2020-12-25,2020-12-24,กระบี่,เมือง,สัมผัสใกล้ชิดกับผู้ป่วยยืนยันรายก่อนหน้านี้
4562,23.0,ชาย,Thailand,กระบี่,2020-12-25,2020-12-24,กระบี่,คลองท่อม,Cluster สมุทรสาคร
4563,24.0,ชาย,Thailand,ราชบุรี,2020-12-25,2020-12-24,ราชบุรี,ปากท่อ,Cluster สมุทรสาคร
4564,34.0,หญิง,Thailand,ชัยภูมิ,2020-12-25,2020-12-24,ชัยภูมิ,เมือง,Cluster สมุทรสาคร
4565,33.0,ชาย,Thailand,เชียงราย,2020-12-25,2020-12-24,พม่า,ท่าขี้เหล็ก,ผู้ที่เดินทางมาจากต่างประเทศ และเข้า ASQ/ALQ
4566,28.0,ชาย,Thailand,ปทุมธานี,2020-12-25,2020-12-24,ปทุมธานี,หนองเสือ,สัมผัสใกล้ชิดกับผู้ป่วยยืนยันรายก่อนหน้านี้
4567,42.0,หญิง,Thailand,เลย,2020-12-25,2020-12-24,เลย,ด่านซ้าย,Cluster สมุทรสาคร
4568,40.0,หญิง,Thailand,กทม,2020-12-25,2020-12-24,ชลบุรี,บางบ่อ,ผู้ที่เดินทางมาจากต่างประเทศ และเข้า ASQ/ALQ
4569,60.0,ชาย,Thailand,ปทุมธานี,2020-12-25,2020-12-24,ปทุมธานี,เมือง,Cluster สมุทรสาคร
4570,64.0,ชาย,Germany,กทม,2020-12-25,2020-12-24,กรุงเทพมหานคร,พระโขนง,ผู้ที่เดินทางมาจากต่างประเทศ และเข้า ASQ/ALQ
4571,48.0,ชาย,Thailand,นนทบุรี,2020-12-25,2020-12-24,กรุงเทพมหานคร,ดุสิต,อยู่ระหว่างการสอบสวน
4572,62.0,ชาย,Thailand,สมุทรปราการ,2020-12-25,2020-12-24,สมุทรปราการ,เมือง,Cluster สมุทรสาคร
4573,33.0,หญิง,Thailand,นนทบุรี,2020-12-25,2020-12-24,นนทบุรี,เมือง,Cluster สมุทรสาคร
4574,57.0,หญิง,Thailand,กทม,2020-12-25,2020-12-24,กรุงเทพมหานคร,บางกะปิ,สัมผัสใกล้ชิดกับผู้ป่วยยืนยันรายก่อนหน้านี้
4575,25.0,ชาย,Thailand,ชัยภูมิ,2020-12-25,2020-12-24,ชัยภูมิ,หนองบัวแดง,Cluster สมุทรสาคร
4576,46.0,ชาย,Thailand,นนทบุรี,2020-12-25,2020-12-24,นนทบุรี,บางใหญ่,Cluster สมุทรสาคร
4577,37.0,ชาย,Thailand,ชลบุรี,2020-12-25,2020-12-24,ชลบุรี,บางละมุง,Cluster สมุทรสาคร
4578,28.0,ชาย,Thailand,ชลบุรี,2020-12-25,2020-12-24,ชลบุรี,เมือง,Cluster สมุทรสาคร
4579,58.0,ชาย,Thailand,กทม,2020-12-25,2020-12-24,กรุงเทพมหานคร,ราชเทวี,ผู้ที่เดินทางมาจากต่างประเทศ และเข้า ASQ/ALQ
4580,17.0,ชาย,Russia,กทม,2020-12-25,2020-12-24,กรุงเทพมหานคร,วัฒนา,ผู้ที่เดินทางมาจากต่างประเทศ และเข้า ASQ/ALQ
4581,54.0,ชาย,Thailand,กทม,2020-12-25,2020-12-24,กรุงเทพมหานคร,หนองแขม,สัมผัสใกล้ชิดกับผู้ป่วยยืนยันรายก่อนหน้านี้
4582,37.0,ชาย,Russia,กทม,2020-12-25,2020-12-24,กรุงเทพมหานคร,มีนบุรี,ผู้ที่เดินทางมาจากต่างประเทศ และเข้า ASQ/ALQ
4583,23.0,ชาย,Thailand,นครปฐม,2020-12-25,2020-12-24,สมุทรสาคร,เมือง,Cluster สมุทรสาคร
4584,37.0,หญิง,Thailand,กทม,2020-12-25,2020-12-24,กรุงเทพมหานคร,ทุ่งครุ,Cluster สมุทรสาคร
4585,37.0,หญิง,Thailand,กทม,2020-12-25,2020-12-24,กรุงเทพมหานคร,ทุ่งครุ,Cluster สมุทรสาคร
4586,71.0,หญิง,Thailand,ชลบุรี,2020-12-25,2020-12-24,ชลบุรี,บางละมุุง,State Quarantine
4587,41.0,ชาย,Thailand,กทม,2020-12-25,2020-12-24,กรุงเทพมหานคร,ลาดพร้าว,Cluster สมุทรสาคร
4588,39.0,หญิง,Thailand,ชลบุรี,2020-12-25,2020-12-24,ชลบุรี,บางละมุง,ผู้ที่เดินทางมาจากต่างประเทศ และเข้า ASQ/ALQ
4589,49.0,หญิง,Thailand,สมุทรปราการ,2020-12-25,2020-12-24,สมุทรปราการ,พระประเเดง,Cluster สมุทรสาคร
4590,40.0,หญิง,Thailand,สมุทรปราการ,2020-12-25,2020-12-24,กรุงเทพมหานคร,ทุ่งครุ,Cluster สมุทรสาคร
4591,47.0,หญิง,Thailand,ชลบุรี,2020-12-25,2020-12-24,ชลบุรี,บางละมุง,State Quarantine
4592,35.0,ชาย,Thailand,ฉะเชิงเทรา,2020-12-25,2020-12-24,ฉะเชิงเทรา,บ้านโพธิ์,Cluster สมุทรสาคร
4593,51.0,หญิง,Thailand,กทม,2020-12-25,2020-12-24,สมุทรสาคร,เมือง,Cluster สมุทรสาคร
4594,27.0,หญิง,Thailand,สมุทรสงคราม,2020-12-25,2020-12-24,สมุทรสงคราม,อัมพวา,Cluster สมุทรสาคร
4595,46.0,ชาย,Thailand,สมุทรสงคราม,2020-12-25,2020-12-24,สมุทรสงคราม,เมือง,Cluster สมุทรสาคร
4596,,หญิง,Thailand,สมุทรสงคราม,2020-12-25,2020-12-24,สมุทรสงคราม,เมือง,Cluster สมุทรสาคร
4597,52.0,ชาย,Thailand,สมุทรสงคราม,2020-12-25,2020-12-24,สมุทรสงคราม,เมือง,Cluster สมุทรสาคร
4598,32.0,,Thailand,สมุทรสงคราม,2020-12-25,2020-12-24,สมุทรสงคราม,เมือง,Cluster สมุทรสาคร
4599,33.0,ชาย,Thailand,สมุทรสงคราม,2020-12-25,2020-12-24,สมุทรสงคราม,เมือง,Cluster สมุทรสาคร
4600,55.0,ชาย,Thailand,สมุทรสงคราม,2020-12-25,2020-12-24,สมุทรสงคราม,เมือง,Cluster สมุทรสาคร
4601,45.0,ชาย,Thailand,สมุทรสงคราม,2020-12-25,2020-12-24,สมุทรสงคราม,เมือง,Cluster สมุทรสาคร
4602,47.0,ชาย,Thailand,อุบลราชธานี,2020-12-25,2020-12-25,อุบลราชธานี,วารินชำราบ,Cluster สมุทรสาคร
4603,40.0,หญิง,Thailand,สมุทรปราการ,2020-12-26,2020-12-24,นนทบุรี,บางใหญ่,Cluster สมุทรสาคร
4604,61.0,หญิง,Thailand,กทม,2020-12-26,2020-12-24,กรุงเทพมหานคร,บางขุนเทียน,Cluster สมุทรสาคร
4605,38.0,หญิง,Thailand,สระบุรี,2020-12-26,2020-12-24,สระบุรี,พรุะพุทธบาท,Cluster สมุทรสาคร
4606,59.0,หญิง,Thailand,สระบุรี,2020-12-26,2020-12-25,สระบุรี,พรุะพุทธบาท,Cluster สมุทรสาคร
4607,44.0,หญิง,Thailand,พระนครศรีอยุธยา,2020-12-26,2020-12-25,พระนครศรีอยุธยา,ผักไห่,Cluster สมุทรสาคร
4608,41.0,หญิง,Thailand,ชัยนาท,2020-12-26,2020-12-25,ชัยนาท,เมือง,Cluster สมุทรสาคร
4609,48.0,หญิง,Thailand,สงขลา,2020-12-26,2020-12-25,สงขลา,หาดใหญ่,สัมผัสใกล้ชิดกับผู้ป่วยยืนยันรายก่อนหน้านี้
4610,5.0,ชาย,Thailand,ชัยนาท,2020-12-26,2020-12-25,ชัยนาท,เมือง,Cluster สมุทรสาคร
4611,34.0,ชาย,Thailand,ชัยนาท,2020-12-26,2020-12-25,ชัยนาท,หันคา,Cluster สมุทรสาคร
4612,31.0,หญิง,Thailand,ชัยนาท,2020-12-26,2020-12-25,ชัยนาท,หันคา,Cluster สมุทรสาคร
4613,47.0,หญิง,Thailand,ชัยนาท,2020-12-26,2020-12-25,ชัยนาท,หันคา,Cluster สมุทรสาคร
4614,48.0,หญิง,Thailand,เพชรบุรี,2020-12-26,2020-12-25,เพชรบุรี,บ้านแหลม,Cluster สมุทรสาคร
4615,45.0,ชาย,Thailand,เพชรบุรี,2020-12-26,2020-12-25,เพชรบุรี,บ้านเเหลม,Cluster สมุทรสาคร
4616,40.0,ชาย,Thailand,เพชรบุรี,2020-12-26,2020-12-25,เพชรบุรี,บ้านเเหลม,Cluster สมุทรสาคร
4617,60.0,หญิง,Thailand,เพชรบุรี,2020-12-26,2020-12-25,เพชรบุรี,เมือง,Cluster สมุทรสาคร
4618,64.0,หญิง,Thailand,เพชรบุรี,2020-12-26,2020-12-25,เพชรบุรี,บ้านแหลม,Cluster สมุทรสาคร
4619,43.0,หญิง,Thailand,เพชรบุรี,2020-12-26,2020-12-25,เพชรบุรี,บ้านลาด,Cluster สมุทรสาคร
4620,35.0,หญิง,Russia,กทม,2020-12-26,2020-12-25,กรุงเทพมหานคร,วัฒนะ,ผู้ที่เดินทางมาจากต่างประเทศ และเข้า ASQ/ALQ
4621,53.0,หญิง,Thailand,เพชรบุรี,2020-12-26,2020-12-25,เพชรบุรี,เมือง,Cluster สมุทรสาคร
4622,54.0,หญิง,Thailand,เพชรบุรี,2020-12-26,2020-12-25,เพชรบุรี,ชะอำ,Cluster สมุทรสาคร
4623,37.0,ชาย,Thailand,ปทุมธานี,2020-12-26,2020-12-25,ปทุมธานี,,Cluster สมุทรสาคร
4624,26.0,ชาย,Ireland,กทม,2020-12-26,2020-12-25,กรุงเทพมหานคร,บางกะปิ,ผู้ที่เดินทางมาจากต่างประเทศ และเข้า ASQ/ALQ
4625,35.0,หญิง,Thailand,กทม,2020-12-26,2020-12-25,สมุทรสาคร,เมือง,Cluster สมุทรสาคร
4626,75.0,ชาย,Thailand,เพชรบุรี,2020-12-26,2020-12-25,เพชรบุรี,บ้านแหลม,Cluster สมุทรสาคร
4627,26.0,หญิง,Thailand,ชลบุรี,2020-12-26,2020-12-25,ชลบุรี,บางละมุง,State Quarantine
4628,45.0,ชาย,Thailand,กทม,2020-12-26,2020-12-25,สมุทรสาคร,เมือง,Cluster สมุทรสาคร
4629,27.0,ชาย,Burma,กทม,2020-12-26,2020-12-25,กรุงเทพมหานคร,บางขุนเทียน,สัมผัสใกล้ชิดกับผู้ป่วยยืนยันรายก่อนหน้านี้
4630,52.0,หญิง,Thailand,กทม,2020-12-26,2020-12-25,สมุทรปราการ,เมือง,Cluster สมุทรสาคร
4631,33.0,ชาย,Thailand,กทม,2020-12-26,2020-12-25,กรุงเทพมหานคร,บางขุนเทียน,สัมผัสใกล้ชิดกับผู้ป่วยยืนยันรายก่อนหน้านี้
4632,79.0,ชาย,Germany,กทม,2020-12-26,2020-12-25,กรุงเทพมหานคร,วังทองหลาง,ผู้ที่เดินทางมาจากต่างประเทศ และเข้า ASQ/ALQ
4633,59.0,ชาย,Ireland,กทม,2020-12-26,2020-12-25,กรุงเทพมหานคร,บางกะปิ,ผู้ที่เดินทางมาจากต่างประเทศ และเข้า ASQ/ALQ
4634,62.0,ชาย,Thailand,กทม,2020-12-26,2020-12-25,กรุงเทพมหานคร,ราชเทวี,ผู้ที่เดินทางมาจากต่างประเทศ และเข้า ASQ/ALQ
4635,48.0,ชาย,Thailand,กทม,2020-12-26,2020-12-25,กรุงเทพมหานคร,คลองเตย,ผู้ที่เดินทางมาจากต่างประเทศ และเข้า ASQ/ALQ
4636,26.0,หญิง,Thailand,กทม,2020-12-26,2020-12-25,สมุทรสาคร,เมือง,Cluster สมุทรสาคร
4637,56.0,ชาย,Thailand,กทม,2020-12-26,2020-12-25,กรุงเทพมหานคร,บางขุุนเทียน,Cluster สมุทรสาคร
4638,51.0,หญิง,Thailand,กทม,2020-12-26,2020-12-25,สมุทรปราการ,เมือง,Cluster สมุทรสาคร
4639,25.0,ชาย,Thailand,กทม,2020-12-26,2020-12-25,สมุทรสาคร,เมือง,Cluster สมุทรสาคร
4640,31.0,หญิง,Thailand,ตรัง,2020-12-26,2020-12-25,ตรัง,เมือง,Cluster สมุทรสาคร
4641,32.0,หญิง,Thailand,ขอนแก่น,2020-12-26,2020-12-25,ขอนแก่น,แวงใหญ่,Cluster สมุทรสาคร
4642,25.0,หญิง,Russia,กทม,2020-12-26,2020-12-25,กรุงเทพมหานคร,วัฒนา,ผู้ที่เดินทางมาจากต่างประเทศ และเข้า ASQ/ALQ
4643,67.0,ชาย,Thailand,พิจิตร,2020-12-26,2020-12-25,สมุทรสาคร,เมือง,Cluster สมุทรสาคร
4644,26.0,ชาย,Burma,กทม,2020-12-26,2020-12-25,กรุงเทพมหานคร,บางขุนเทียน,Cluster สมุทรสาคร
4645,32.0,ชาย,Thailand,เพชรบุรี,2020-12-26,2020-12-25,เพชรบุรี,บ้านลาด,อยู่ระหว่างการสอบสวน
4646,46.0,หญิง,Thailand,นครราชสีมา,2020-12-26,2020-12-25,นครราชสีมา,บัวใหญ่,Cluster สมุทรสาคร
4647,52.0,ชาย,Thailand,นครราชสีมา,2020-12-26,2020-12-25,นครราชสีมา,บัวใหญ่,Cluster สมุทรสาคร
4648,60.0,ชาย,Thailand,สมุทรปราการ,2020-12-26,2020-12-25,สมุทรปราการ,เมือง,Cluster สมุทรสาคร
4649,11.0,หญิง,Thailand,สมุทรปราการ,2020-12-26,2020-12-25,สมุทรปราการ,พระประแดง,Cluster สมุทรสาคร
4650,43.0,ชาย,Thailand,ชัยภูมิ,2020-12-26,2020-12-25,ชัยภูมิ,เมือง,Cluster สมุทรสาคร
4651,17.0,หญิง,Thailand,ชัยภูมิ,2020-12-26,2020-12-25,ชัยภูมิ,เมือง,Cluster สมุทรสาคร
4652,25.0,ชาย,Thailand,สมุทรปราการ,2020-12-26,2020-12-25,สมุทรปราการ,พระสมุทรเจดีย์,Cluster สมุทรสาคร
4653,64.0,ชาย,Thailand,ฉะเชิงเทรา,2020-12-26,2020-12-25,ฉะเชิงเทรา,บางปะกง,Cluster สมุทรสาคร
4654,26.0,ชาย,Thailand,สมุทรปราการ,2020-12-26,2020-12-25,สมุทรปราการ,บางบ่อ,Cluster สมุทรสาคร
4655,55.0,ชาย,Thailand,ชลบุรี,2020-12-26,2020-12-25,ชลบุรี,บางละมุง,State Quarantine
4656,31.0,ชาย,Thailand,สมุทรปราการ,2020-12-26,2020-12-25,สมุทรปราการ,บางพลี,Cluster สมุทรสาคร
4657,31.0,ชาย,Thailand,สมุทรปราการ,2020-12-26,2020-12-25,สมุทรปราการ,พระสมุทรเจดีย์,Cluster สมุทรสาคร
4658,51.0,หญิง,Thailand,ระยอง,2020-12-26,2020-12-25,ระยอง,เมือง,สัมผัสใกล้ชิดกับผู้ป่วยยืนยันรายก่อนหน้านี้
4659,22.0,หญิง,Thailand,ชลบุรี,2020-12-26,2020-12-25,ชลบุรี,,State Quarantine
4660,22.0,หญิง,Thailand,ชลบุรี,2020-12-26,2020-12-25,ชลบุรี,,State Quarantine
4661,3.0,ชาย,Thailand,ชลบุรี,2020-12-26,2020-12-25,ชลบุรี,บางละมุง,State Quarantine
4662,57.0,ชาย,Thailand,สมุทรปราการ,2020-12-26,2020-12-25,สมุทรปราการ,พระประเเดง,Cluster สมุทรสาคร
4663,30.0,ชาย,Thailand,ชลบุรี,2020-12-26,2020-12-25,ชลบุรี,,State Quarantine
4664,41.0,ชาย,Thailand,ชลบุรี,2020-12-26,2020-12-25,ชลบุรี,,State Quarantine
4665,23.0,หญิง,Thailand,สตูล,2020-12-26,2020-12-25,สตูล,ทุ่งหว้า,Cluster สมุทรสาคร
4666,15.0,ชาย,Thailand,สมุทรปราการ,2020-12-26,2020-12-25,สมุทรปราการ,บางพลี,State Quarantine
4667,28.0,หญิง,Thailand,สมุทรปราการ,2020-12-26,2020-12-25,สมุทรปราการ,พระประแดง,Cluster สมุทรสาคร
4668,64.0,หญิง,Thailand,กทม,2020-12-26,2020-12-25,กรุงเทพมหานคร,บางขุนเทียน,Cluster สมุทรสาคร
4669,17.0,หญิง,Thailand,ฉะเชิงเทรา,2020-12-26,2020-12-25,ฉะเชิงเทรา,บางปะกง,Cluster สมุทรสาคร
4670,37.0,ชาย,Thailand,สตูล,2020-12-26,2020-12-25,สตูล,ทุ่งหว้า,Cluster สมุทรสาคร
4671,48.0,หญิง,Thailand,ราชบุรี,2020-12-26,2020-12-25,ราชบุรี,ดำเนินสะดวก,Cluster สมุทรสาคร
4672,56.0,ชาย,Thailand,สมุทรปราการ,2020-12-26,2020-12-25,สมุทรปราการ,พระประแดง,Cluster สมุทรสาคร
4673,51.0,หญิง,Thailand,กทม,2020-12-26,2020-12-25,สมุทรสาคร,เมือง,Cluster สมุทรสาคร
4674,49.0,ชาย,Thailand,ราชบุรี,2020-12-26,2020-12-25,ราชบุรี,บางแพ,Cluster สมุทรสาคร
4675,33.0,ชาย,ไทใหญ่,กทม,2020-12-26,2020-12-25,สมุทรสาคร,เมือง,Cluster สมุทรสาคร
4676,55.0,ชาย,Thailand,กทม,2020-12-26,2020-12-25,สมุทรสาคร,เมือง,Cluster สมุทรสาคร
4677,45.0,หญิง,Thailand,กทม,2020-12-26,2020-12-25,กรุงเทพมหานคร,บางขุนเทียน,Cluster สมุทรสาคร
4678,24.0,ชาย,Thailand,นครราชสีมา,2020-12-26,2020-12-25,นครราชสีมา,เมือง,Cluster สมุทรสาคร
4679,10.0,ชาย,Thailand,ราชบุรี,2020-12-26,2020-12-25,ราชบุรี,บางแพ,Cluster สมุทรสาคร
4680,46.0,ชาย,Thailand,ชลบุรี,2020-12-26,2020-12-25,ชลบุรี,,State Quarantine
4681,58.0,หญิง,Thailand,กทม,2020-12-26,2020-12-25,สมุทรปราการ,พระประแดง,Cluster สมุทรสาคร
4682,49.0,ชาย,Thailand,ราชบุรี,2020-12-26,2020-12-25,ราชบุรี,ดำเนินสะดวก,Cluster สมุทรสาคร
