Date,Time,Detail,Location,Recommend,AnnounceBy,Province,ProvinceEn,Update
27 มีนาคม - 10 เมษายน 2563,,,ซอยบางลา ต.ป่าตอง อ.กะทู้,,สำนักงานสาธารณสุขจังหวัดภูเก็ต 27 มีนาคม 2563,ภูเก็ต,Phuket,2020-04-12 10:47:44
30 มีนาคม 2563,14.30 น.,,ผู้โดยสารรถตู้ คันที่ 17 ทะเบียน 10-0251 จากสถานีขนส่งอุบลราชธานี - อำนาจเจริญ (ทุกคน),,คณะกรรมการโรคติดต่อจังหวัดอำนาจเจริญ 1 เมษายน 2563,อำนาจเจริญ,Amnat Charoen,2020-04-03 13:38:42
30 มีนาคม 2563,12.20 น.,,ผู้ที่เดินทางสายการบิน ไทยสไมล์ เที่ยวบิน WE024 เส้นทาง สุวรรณภูมิ - อุบลราชธานี แถวที่ 46-50,,คณะกรรมการโรคติดต่อจังหวัดอำนาจเจริญ 1 เมษายน 2563,อำนาจเจริญ,Amnat Charoen,2020-04-03 13:36:39
30 มีนาคม 2563,12.20 น.,,ผู้ที่เดินทางสายการบิน ไทยสไมล์ เที่ยวบิน WE024 เส้นทาง สุวรรณภูมิ - อุบลราชธานี ทุกแถว (ยกเว้นแถวที่ 46-50),,ศูนย์ปฏิบัติการตอบโต้ภาวะฉุกเฉิน โรคติดเชื้อไวรัสโคโรนา 2019 จังหวัดอุบลราชธานี 1 เมษายน 2563,อุบลราชธานี,Ubon Ratchathani,2020-04-03 13:29:12
