status,date,placename,lat,lng,age,gender,nationality,from,patientstatus,note,source,id
confirmed,2020-07-08,สนามบินอู่ตะเภา,12.674583,100.998227,0,0,0,0,unknown,ชาย อายุ 43 ปี ลูกเรือเครื่องบินทหาร บินจากอียิปต์ถึงอู่ตะเภา 8 ก.ค. พักโรงแรมแห่งหนึ่งที่ระยอง มีประวัติเดินทางไปสถานที่ต่างๆ เช่นห้างสรรพสินค้า ก่อนบินไปจีนเช้าเย็นกลับในวันที่ 9 ก.ค. ตรวจพบติดเชื้อโควิด-19 และบินกลับประเทศต้นทางไปแล้วเมื่อ 11 กค.,https://www.facebook.com/onenews31/posts/3330353970386388,0
confirmed,2020-07-10,คอนโด One X ซอยสุขุมวิท 26 กทม. ,13.7250712,100.5687866,0,0,0,0,unknown,(เคสเด็กหญิง 9 ขวบ ในคณะทูตจากซูดาน) มีประกาศ อ้างว่าเป็นของคอนโดวัน เอ็กซ์ สุขุมวิท 26 ชี้แจงว่า ตามที่ตรวจพบผู้ติดเชื้อโควิด-19 เข้าพักอาศัยในโครงการชั้น 19 นั้น ผู้อาศัยไม่ได้มีการใช้พื้นที่ส่วนกลาง มีเพียงใช้ลิฟต์โดยสาร ผ่านล็อบบี้ และสำนักงานนิติบุคคลเท่านั้น,https://www.thairath.co.th/news/local/bangkok/1888648,1
confirmed,2020-07-10,ห้างแหลมทอง จ.ระยอง,12.6838253,101.2497744,0,0,0,0,unknown,ผู้ป่วยเคสทหารอียิปต์เดินทางมาที่นี่ เวลาประมาณ 11-15น.,https://www.thairath.co.th/news/politic/1888488?cx_testId=0&cx_testVariant=cx_0&cx_artPos=4#cxrecs_s,2
confirmed,2020-07-10,ห้างเซ็นทรัล พลาซ่า จ.ระยอง,12.6959971,101.2678732,0,0,0,0,unknown,ทางศูนย์การค้ายืนยันว่าไม่มีผู้ป่วยมาใช้บริการที่ห้างแต่อย่างใด  แต่ ศบค.แจ้งว่า คณะที่มาพร้อมกับผู้ป่วยได้เดินทางมาที่นี่,https://www.matichon.co.th/economy/news_2265316,3
confirmed,2020-07-10,โรงแรม  D Varee Diva จ.ระยอง,12.6833042,101.2512378,0,0,0,0,unknown,ลูกเรือทหารอียิปต์พักที่โรงแรมแห่งนี้,https://www.khaosod.co.th/covid-19/news_4498005,4
confirmed,2020-09-03,คอนโดบ้านสวนธน พุทธบูชา บางมด,13.653942,100.489527,0,male,0,0,unknown,ราชทัณฑ์แจง นักโทษใหม่ ติดโควิดผู้ป่วยมีอาชีพดีเจ ที่สถานบันเทิง ไม่มีประวัติเดินทางต่างประเทศ พักอาศักที่คอนโดมิเนียมบ้านสวนธนย่านพุทธบูชาบางมด,https://www.pptvhd36.com/news/%E0%B8%9B%E0%B8%A3%E0%B8%B0%E0%B9%80%E0%B8%94%E0%B9%87%E0%B8%99%E0%B8%A3%E0%B9%89%E0%B8%AD%E0%B8%99/132594,5
patient_has_been_here,2020-09-03,สามวันสองคืน พระราม 3,13.700916,100.515067,0,male,0,0,unknown,ราชทัณฑ์แจง นักโทษใหม่ ติดโควิดผู้ป่วยทำงานที่ร้านสามวันสองคืน สาขาพระราม 3 วันจันทร์ พฤหัสบดีและเสาร์,https://www.pptvhd36.com/news/%E0%B8%9B%E0%B8%A3%E0%B8%B0%E0%B9%80%E0%B8%94%E0%B9%87%E0%B8%99%E0%B8%A3%E0%B9%89%E0%B8%AD%E0%B8%99/132594,6
patient_has_been_here,2020-09-03,สามวันสองคืน พระราม 5,13.829441,100.490071,0,male,0,0,unknown,ราชทัณฑ์แจง นักโทษใหม่ ติดโควิดผู้ป่วยทำงานที่ร้านสามวันสองคืน สาขาพระราม 5 วันศุกร์และอาทิตย์,https://www.pptvhd36.com/news/%E0%B8%9B%E0%B8%A3%E0%B8%B0%E0%B9%80%E0%B8%94%E0%B9%87%E0%B8%99%E0%B8%A3%E0%B9%89%E0%B8%AD%E0%B8%99/132594,7
patient_has_been_here,2020-09-03,Cafe แห่งหนึ่งที่ถนนข้าวสาร,13.759791,100.49578,0,male,0,0,unknown,ราชทัณฑ์แจง นักโทษใหม่ ติดโควิดผู้ป่วยมีอาชีพดีเจ ทำงาน cafe แห่งหนึ่งในถนนข้าวสาร. (วันที่ 18 สิงหาคม),https://www.pptvhd36.com/news/%E0%B8%9B%E0%B8%A3%E0%B8%B0%E0%B9%80%E0%B8%94%E0%B9%87%E0%B8%99%E0%B8%A3%E0%B9%89%E0%B8%AD%E0%B8%99/132594,8
confirmed,2020-09-03,ทัณฑสถานบำบัดพิเศษกลาง,13.845817,100.552914,0,male,0,0,unknown,ราชทัณฑ์แจง นักโทษใหม่ ติดโควิดผู้ป่วยมีอาชีพดีเจ ที่สถานบันเทิง ไม่มีประวัติเดินทางต่างประเทศ อยู่บริเวณกักกันก่อนเข้าแดนปกติในเรือนจำ,https://www.pptvhd36.com/news/%E0%B8%9B%E0%B8%A3%E0%B8%B0%E0%B9%80%E0%B8%94%E0%B9%87%E0%B8%99%E0%B8%A3%E0%B9%89%E0%B8%AD%E0%B8%99/132594,9
