status,date,placename,lat,lng,age,gender,nationality,from,patientstatus,note,source,id
confirmed,2020-07-08,สนามบินอู่ตะเภา,12.674583,100.998227,0,0,0,0,unknown,ชาย อายุ 43 ปี ลูกเรือเครื่องบินทหาร บินจากอียิปต์ถึงอู่ตะเภา 8 ก.ค. พักโรงแรมแห่งหนึ่งที่ระยอง มีประวัติเดินทางไปสถานที่ต่างๆ เช่นห้างสรรพสินค้า ก่อนบินไปจีนเช้าเย็นกลับในวันที่ 9 ก.ค. ตรวจพบติดเชื้อโควิด-19 และบินกลับประเทศต้นทางไปแล้วเมื่อ 11 กค.,https://www.facebook.com/onenews31/posts/3330353970386388,0
confirmed,2020-07-10,คอนโด One X ซอยสุขุมวิท 26 กทม. ,13.7250712,100.5687866,0,0,0,0,unknown,(เคสเด็กหญิง 9 ขวบ ในคณะทูตจากซูดาน) มีประกาศ อ้างว่าเป็นของคอนโดวัน เอ็กซ์ สุขุมวิท 26 ชี้แจงว่า ตามที่ตรวจพบผู้ติดเชื้อโควิด-19 เข้าพักอาศัยในโครงการชั้น 19 นั้น ผู้อาศัยไม่ได้มีการใช้พื้นที่ส่วนกลาง มีเพียงใช้ลิฟต์โดยสาร ผ่านล็อบบี้ และสำนักงานนิติบุคคลเท่านั้น,https://www.thairath.co.th/news/local/bangkok/1888648,1
confirmed,2020-07-10,ห้างแหลมทอง จ.ระยอง,12.6838253,101.2497744,0,0,0,0,unknown,ผู้ป่วยเคสทหารอียิปต์เดินทางมาที่นี่ เวลาประมาณ 11-15น.,https://www.thairath.co.th/news/politic/1888488?cx_testId=0&cx_testVariant=cx_0&cx_artPos=4#cxrecs_s,2
confirmed,2020-07-10,ห้างเซ็นทรัล พลาซ่า จ.ระยอง,12.6959971,101.2678732,0,0,0,0,unknown,ทางศูนย์การค้ายืนยันว่าไม่มีผู้ป่วยมาใช้บริการที่ห้างแต่อย่างใด  แต่ ศบค.แจ้งว่า คณะที่มาพร้อมกับผู้ป่วยได้เดินทางมาที่นี่,https://www.matichon.co.th/economy/news_2265316,3
confirmed,2020-07-10,โรงแรม  D Varee Diva จ.ระยอง,12.6833042,101.2512378,0,0,0,0,unknown,ลูกเรือทหารอียิปต์พักที่โรงแรมแห่งนี้,https://www.khaosod.co.th/covid-19/news_4498005,4
confirmed,2020-09-03,คอนโดบ้านสวนธน พุทธบูชา บางมด,13.653942,100.489527,37,male,Thai,Thailand,unknown,ราชทัณฑ์แจง นักโทษใหม่ ติดโควิดผู้ป่วยมีอาชีพดีเจ ที่สถานบันเทิง ไม่มีประวัติเดินทางต่างประเทศ พักอาศักที่คอนโดมิเนียมบ้านสวนธนย่านพุทธบูชาบางมด,https://www.pptvhd36.com/news/%E0%B8%9B%E0%B8%A3%E0%B8%B0%E0%B9%80%E0%B8%94%E0%B9%87%E0%B8%99%E0%B8%A3%E0%B9%89%E0%B8%AD%E0%B8%99/132594,5
patient_has_been_here,2020-09-03,สามวันสองคืน พระราม 3,13.700916,100.515067,37,male,Thai,Thailand,unknown,ราชทัณฑ์แจง นักโทษใหม่ ติดโควิดผู้ป่วยทำงานที่ร้านสามวันสองคืน สาขาพระราม 3 วันจันทร์ พฤหัสบดีและเสาร์,https://www.pptvhd36.com/news/%E0%B8%9B%E0%B8%A3%E0%B8%B0%E0%B9%80%E0%B8%94%E0%B9%87%E0%B8%99%E0%B8%A3%E0%B9%89%E0%B8%AD%E0%B8%99/132594,6
patient_has_been_here,2020-09-03,สามวันสองคืน พระราม 5,13.829441,100.490071,37,male,Thai,Thailand,unknown,ราชทัณฑ์แจง นักโทษใหม่ ติดโควิดผู้ป่วยทำงานที่ร้านสามวันสองคืน สาขาพระราม 5 วันศุกร์และอาทิตย์,https://www.pptvhd36.com/news/%E0%B8%9B%E0%B8%A3%E0%B8%B0%E0%B9%80%E0%B8%94%E0%B9%87%E0%B8%99%E0%B8%A3%E0%B9%89%E0%B8%AD%E0%B8%99/132594,7
patient_has_been_here,2020-09-03,Cafe แห่งหนึ่งที่ถนนข้าวสาร,13.759791,100.49578,37,male,Thai,Thailand,unknown,ราชทัณฑ์แจง นักโทษใหม่ ติดโควิดผู้ป่วยมีอาชีพดีเจ ทำงาน cafe แห่งหนึ่งในถนนข้าวสาร. (วันที่ 18 สิงหาคม),https://www.pptvhd36.com/news/%E0%B8%9B%E0%B8%A3%E0%B8%B0%E0%B9%80%E0%B8%94%E0%B9%87%E0%B8%99%E0%B8%A3%E0%B9%89%E0%B8%AD%E0%B8%99/132594,8
confirmed,2020-09-03,ทัณฑสถานบำบัดพิเศษกลาง,13.845817,100.552914,37,male,Thai,Thailand,unknown,ราชทัณฑ์แจง นักโทษใหม่ ติดโควิดผู้ป่วยมีอาชีพดีเจ ที่สถานบันเทิง ไม่มีประวัติเดินทางต่างประเทศ อยู่บริเวณกักกันก่อนเข้าแดนปกติในเรือนจำ,https://www.pptvhd36.com/news/%E0%B8%9B%E0%B8%A3%E0%B8%B0%E0%B9%80%E0%B8%94%E0%B9%87%E0%B8%99%E0%B8%A3%E0%B9%89%E0%B8%AD%E0%B8%99/132594,9
patient_has_been_here,2020-11-24,ดีคอนโดพิงค์,18.81089258,99.01628599,29,female,Thai,Thailand,unknown,เป็นหญิงไทย อายุ 29 ปี ไปทำงานที่ประเทศเมียนมา ก่อนหลบหนีเข้าประเทศมายังจังหวัดเชียงใหม่ ไม่มีการกักตัว,https://mthai.com/news/94609.html,10
sanitized,2020-11-24,ร้านคิงส์เวย์ โฮสต์แอนด์คาราโอเกะ,18.80951974,98.98020564,29,female,Thai,Thailand,unknown,เคสหญิงไทยจากเมียนมา ในเบื้องต้น ทางร้านยังปิดบริการเพื่อปรับปรุงแก้ไข ภายในร้าน โดยทีมแพทย์ และสาธารณสุขจังหวัดเชียงใหม่ และจะปิดให้ครบ 14 วัน  แม้ผลตรวจพนักงานทั้งหมดจะออกมาเป็นลบและไม่ติดเชื้อ ,https://www.facebook.com/kingswayclub,11
patient_has_been_here,2020-11-24,วีดีคอนโดมิเนียม,18.80401814,98.9727482,29,female,Thai,Thailand,unknown,เคสหญิงไทยจากเมียนมา มาที่คอนโดเพื่อนเพื่อสังสรรค์ต่อ,https://mthai.com/news/94609.html,12
sanitized,2020-11-25,เซนทรัลเฟสติวัล (เข้าประตู KFC),18.80732484,99.01812167,29,female,Thai,Thailand,unknown,เคสหญิงไทยจากเมียนมาเดินทางมายังห้างเซนทรัลเฟสติวัล โดยเข้าทางประตูด้านร้าน KFC,https://mthai.com/news/94609.html,13
sanitized,2020-11-25,ร้าน H&M เซนทรัลเฟสติวัล ,18.80709567,99.01903569,29,female,Thai,Thailand,unknown,เคสหญิงไทยจากเมียนมาเดินดูสินค้าที่ H&M 15.26 – 15.29 น.,https://mthai.com/news/94609.html,14
sanitized,2020-11-25,ATM ที่ตู้ธนาคาร SCB ชั้น 3 (หน้าธนาคารกรุงเทพ) เซนทรัลเฟสติวัล ,18.80650918,99.0178741,29,female,Thai,Thailand,unknown,เคสหญิงไทยจากเมียนมากด ATM ที่ตู้ธนาคาร SCB ชั้น 3 (หน้าธนาคารกรุงเทพ),https://mthai.com/news/94609.html,15
sanitized,2020-11-25,ร้านชาบูชิ เซนทรัลเฟสติวัล ,18.80657601,99.01785162,29,female,Thai,Thailand,unknown,เคสหญิงไทยจากเมียนมารับประทานอาหารที่ร้านชาบูชิ,https://mthai.com/news/94609.html,16
sanitized,2020-11-25,Major Cineplex โรงที่ 6 เซนทรัลเฟสติวัล ,18.80658294,99.01805909,29,female,Thai,Thailand,unknown,เคสหญิงไทยจากเมียนมาชมภาพยนตร์ที่เมเจอร์ซีนีเพล็กซ์ โรงที่ 6,https://mthai.com/news/94609.html,17
sanitized,2020-11-25,วัตสันชั้น 4 เซนทรัลเฟสติวัล ,18.80675924,99.01763,29,female,Thai,Thailand,unknown,เคสหญิงไทยจากเมียนมาไปวัตสัน,https://mthai.com/news/94609.html,18
sanitized,2020-11-25,Food Hall เซนทรัลเฟสติวัล ,18.80629446,99.01807715,29,female,Thai,Thailand,unknown,เคสหญิงไทยจากเมียนมาไป Food Hall,https://mthai.com/news/94609.html,19
sanitized,2020-11-29,สิงห์ปาร์คเชียงราย,19.85327262,99.74303213,28,female,Thai,Thailand,unknown,เคสหญิงไทยอายุ 28 ปี ชาวพะเยากลับจากเมียนมา แฟนขับรถส่วนตัวมารับไปเที่ยวงานสิงห์ปาร์ค,https://thestandard.co/timeline-6-covid-19-addicts-phayao-phichit-bangkok-ratchaburi/,20
patient_has_been_here,2020-11-30,โรงแรม Hop Inn เชียงราย,19.90661769,99.82937135,28,female,Thai,Thailand,unknown,เคสหญิงไทยอายุ 28 ปี ชาวพะเยากลับจากเมียนมา พักที่โรงแรม 1 คืน,https://thestandard.co/timeline-6-covid-19-addicts-phayao-phichit-bangkok-ratchaburi/,21
patient_has_been_here,2020-11-30,7-Eleven ปั๊มปตท. อำเภอแม่สรวย,19.6476693,99.53219522,28,female,Thai,Thailand,unknown,เคสหญิงไทยอายุ 28 ปี ชาวพะเยากลับจากเมียนมา แวะ 7-Eleven ปั๊มปตท. อำเภอแม่สรวย,https://thestandard.co/timeline-6-covid-19-addicts-phayao-phichit-bangkok-ratchaburi/,22
patient_has_been_here,2020-12-02,BTS,13.7238495,100.5292931,26,female,Thai,Thailand,unknown,เคสพยาบาลทำงานที่สถานกักกันโรค พบเดินทางด้วย BTS เวลา 14:00 - 14:15 ใส่แมสก์ตลอดการเดินทาง,https://www.bangkokbiznews.com/news/detail/911869,23
patient_has_been_here,2020-12-02,BTS,13.7285268,100.5343257,26,female,Thai,Thailand,unknown,เคสพยาบาลทำงานที่สถานกักกันโรค พบเดินทางด้วย BTS เวลา 14:00 - 14:15 ใส่แมสก์ตลอดการเดินทาง,https://www.bangkokbiznews.com/news/detail/911869,24
patient_has_been_here,2020-12-02,MRT,13.7292718,100.5365002,26,female,Thai,Thailand,unknown,เคสพยาบาลทำงานที่สถานกักกันโรค พบเดินทางด้วย MRT เวลา 10:00 - 10:14 ใส่แมสก์ตลอดการเดินทาง,https://www.bangkokbiznews.com/news/detail/911869,25
unspecified_location,2020-12-05,จ.สิงห์บุรี,14.896466,100.3976077,51,female,Thai,Thailand,unknown,เคสโควิด 51 ปีเดินทางสายการบินเดียวกับผู้ป่วยโควิดลอบเข้าปท. ส่วนสาเหตุติดจากไหนขอรอสอบสวนเพิ่ม ล่าสุดพบผู้สัมผัสใกล้ชิด 4 ราย ได้ดำเนินการกักตัวอยู่แล้ว,https://www.hfocus.org/content/2020/12/20559,26
