[{"no":4298,"age":48.0,"sex":"\u0e2b\u0e0d\u0e34\u0e07","nationality":"Thailand","province_of_isolation":"\u0e2a\u0e21\u0e38\u0e17\u0e23\u0e1b\u0e23\u0e32\u0e01\u0e32\u0e23","notification_date":1608249600000,"announce_date":1608336000000,"province_of_onset":"\u0e2a\u0e21\u0e38\u0e17\u0e23\u0e1b\u0e23\u0e32\u0e01\u0e32\u0e23","district_of_onset":"\u0e1a\u0e32\u0e07\u0e1a\u0e48\u0e2d","quarantine":"\u0e1c\u0e39\u0e49\u0e17\u0e35\u0e48\u0e40\u0e14\u0e34\u0e19\u0e17\u0e32\u0e07\u0e21\u0e32\u0e08\u0e32\u0e01\u0e15\u0e48\u0e32\u0e07\u0e1b\u0e23\u0e30\u0e40\u0e17\u0e28 \u0e41\u0e25\u0e30\u0e40\u0e02\u0e49\u0e32 ASQ\/ALQ"},{"no":4300,"age":36.0,"sex":"\u0e0a\u0e32\u0e22","nationality":"Germany","province_of_isolation":"\u0e01\u0e17\u0e21","notification_date":1608249600000,"announce_date":1608336000000,"province_of_onset":"\u0e01\u0e23\u0e38\u0e07\u0e40\u0e17\u0e1e\u0e21\u0e2b\u0e32\u0e19\u0e04\u0e23","district_of_onset":"\u0e2b\u0e49\u0e27\u0e22\u0e02\u0e27\u0e32\u0e07","quarantine":"\u0e1c\u0e39\u0e49\u0e17\u0e35\u0e48\u0e40\u0e14\u0e34\u0e19\u0e17\u0e32\u0e07\u0e21\u0e32\u0e08\u0e32\u0e01\u0e15\u0e48\u0e32\u0e07\u0e1b\u0e23\u0e30\u0e40\u0e17\u0e28 \u0e41\u0e25\u0e30\u0e40\u0e02\u0e49\u0e32 ASQ\/ALQ"},{"no":4301,"age":22.0,"sex":"\u0e2b\u0e0d\u0e34\u0e07","nationality":"United States of America","province_of_isolation":"\u0e01\u0e17\u0e21","notification_date":1608249600000,"announce_date":1608336000000,"province_of_onset":"\u0e19\u0e19\u0e17\u0e1a\u0e38\u0e23\u0e35","district_of_onset":"\u0e1b\u0e32\u0e01\u0e40\u0e01\u0e23\u0e47\u0e14","quarantine":"\u0e1c\u0e39\u0e49\u0e17\u0e35\u0e48\u0e40\u0e14\u0e34\u0e19\u0e17\u0e32\u0e07\u0e21\u0e32\u0e08\u0e32\u0e01\u0e15\u0e48\u0e32\u0e07\u0e1b\u0e23\u0e30\u0e40\u0e17\u0e28 \u0e41\u0e25\u0e30\u0e40\u0e02\u0e49\u0e32 ASQ\/ALQ"},{"no":4302,"age":35.0,"sex":"\u0e2b\u0e0d\u0e34\u0e07","nationality":"Thailand","province_of_isolation":"\u0e0a\u0e25\u0e1a\u0e38\u0e23\u0e35","notification_date":1608249600000,"announce_date":1608336000000,"province_of_onset":"\u0e0a\u0e25\u0e1a\u0e38\u0e23\u0e35","district_of_onset":"\u0e1a\u0e32\u0e07\u0e25\u0e30\u0e21\u0e38\u0e07","quarantine":"State Quarantine"},{"no":4306,"age":37.0,"sex":"\u0e2b\u0e0d\u0e34\u0e07","nationality":"Russia","province_of_isolation":"\u0e01\u0e17\u0e21","notification_date":1608249600000,"announce_date":1608336000000,"province_of_onset":"\u0e19\u0e19\u0e17\u0e1a\u0e38\u0e23\u0e35","district_of_onset":"\u0e1b\u0e32\u0e01\u0e40\u0e01\u0e23\u0e47\u0e14","quarantine":"\u0e1c\u0e39\u0e49\u0e17\u0e35\u0e48\u0e40\u0e14\u0e34\u0e19\u0e17\u0e32\u0e07\u0e21\u0e32\u0e08\u0e32\u0e01\u0e15\u0e48\u0e32\u0e07\u0e1b\u0e23\u0e30\u0e40\u0e17\u0e28 \u0e41\u0e25\u0e30\u0e40\u0e02\u0e49\u0e32 ASQ\/ALQ"},{"no":4307,"age":39.0,"sex":"\u0e2b\u0e0d\u0e34\u0e07","nationality":"Canada","province_of_isolation":"\u0e01\u0e17\u0e21","notification_date":1608249600000,"announce_date":1608336000000,"province_of_onset":"\u0e01\u0e23\u0e38\u0e07\u0e40\u0e17\u0e1e\u0e21\u0e2b\u0e32\u0e19\u0e04\u0e23","district_of_onset":"\u0e2b\u0e49\u0e27\u0e22\u0e02\u0e27\u0e32\u0e07","quarantine":"\u0e1c\u0e39\u0e49\u0e17\u0e35\u0e48\u0e40\u0e14\u0e34\u0e19\u0e17\u0e32\u0e07\u0e21\u0e32\u0e08\u0e32\u0e01\u0e15\u0e48\u0e32\u0e07\u0e1b\u0e23\u0e30\u0e40\u0e17\u0e28 \u0e41\u0e25\u0e30\u0e40\u0e02\u0e49\u0e32 ASQ\/ALQ"},{"no":4308,"age":44.0,"sex":"\u0e0a\u0e32\u0e22","nationality":"Argentina","province_of_isolation":"\u0e01\u0e17\u0e21","notification_date":1608249600000,"announce_date":1608336000000,"province_of_onset":"\u0e01\u0e23\u0e38\u0e07\u0e40\u0e17\u0e1e\u0e21\u0e2b\u0e32\u0e19\u0e04\u0e23","district_of_onset":"\u0e2b\u0e49\u0e27\u0e22\u0e02\u0e27\u0e32\u0e07","quarantine":"\u0e1c\u0e39\u0e49\u0e17\u0e35\u0e48\u0e40\u0e14\u0e34\u0e19\u0e17\u0e32\u0e07\u0e21\u0e32\u0e08\u0e32\u0e01\u0e15\u0e48\u0e32\u0e07\u0e1b\u0e23\u0e30\u0e40\u0e17\u0e28 \u0e41\u0e25\u0e30\u0e40\u0e02\u0e49\u0e32 ASQ\/ALQ"},{"no":4309,"age":50.0,"sex":"\u0e0a\u0e32\u0e22","nationality":"United States of America","province_of_isolation":"\u0e01\u0e17\u0e21","notification_date":1608249600000,"announce_date":1608336000000,"province_of_onset":"\u0e0a\u0e25\u0e1a\u0e38\u0e23\u0e35","district_of_onset":"\u0e1a\u0e32\u0e07\u0e1e\u0e25\u0e35","quarantine":"\u0e1c\u0e39\u0e49\u0e17\u0e35\u0e48\u0e40\u0e14\u0e34\u0e19\u0e17\u0e32\u0e07\u0e21\u0e32\u0e08\u0e32\u0e01\u0e15\u0e48\u0e32\u0e07\u0e1b\u0e23\u0e30\u0e40\u0e17\u0e28 \u0e41\u0e25\u0e30\u0e40\u0e02\u0e49\u0e32 ASQ\/ALQ"},{"no":4310,"age":53.0,"sex":"\u0e0a\u0e32\u0e22","nationality":"Thailand","province_of_isolation":"\u0e0a\u0e25\u0e1a\u0e38\u0e23\u0e35","notification_date":1608249600000,"announce_date":1608336000000,"province_of_onset":"\u0e0a\u0e25\u0e1a\u0e38\u0e23\u0e35","district_of_onset":"\u0e1a\u0e32\u0e07\u0e25\u0e30\u0e21\u0e38\u0e07","quarantine":"State Quarantine"},{"no":4311,"age":58.0,"sex":"\u0e2b\u0e0d\u0e34\u0e07","nationality":"Bangladesh","province_of_isolation":"\u0e01\u0e17\u0e21","notification_date":1608249600000,"announce_date":1608336000000,"province_of_onset":"\u0e19\u0e19\u0e17\u0e1a\u0e38\u0e23\u0e35","district_of_onset":"\u0e1b\u0e32\u0e01\u0e40\u0e01\u0e23\u0e47\u0e14","quarantine":"\u0e1c\u0e39\u0e49\u0e17\u0e35\u0e48\u0e40\u0e14\u0e34\u0e19\u0e17\u0e32\u0e07\u0e21\u0e32\u0e08\u0e32\u0e01\u0e15\u0e48\u0e32\u0e07\u0e1b\u0e23\u0e30\u0e40\u0e17\u0e28 \u0e41\u0e25\u0e30\u0e40\u0e02\u0e49\u0e32 ASQ\/ALQ"},{"no":4312,"age":59.0,"sex":"\u0e0a\u0e32\u0e22","nationality":"Bangladesh","province_of_isolation":"\u0e01\u0e17\u0e21","notification_date":1608249600000,"announce_date":1608336000000,"province_of_onset":"\u0e19\u0e19\u0e17\u0e1a\u0e38\u0e23\u0e35","district_of_onset":"\u0e1b\u0e32\u0e01\u0e40\u0e01\u0e23\u0e47\u0e14","quarantine":"\u0e1c\u0e39\u0e49\u0e17\u0e35\u0e48\u0e40\u0e14\u0e34\u0e19\u0e17\u0e32\u0e07\u0e21\u0e32\u0e08\u0e32\u0e01\u0e15\u0e48\u0e32\u0e07\u0e1b\u0e23\u0e30\u0e40\u0e17\u0e28 \u0e41\u0e25\u0e30\u0e40\u0e02\u0e49\u0e32 ASQ\/ALQ"},{"no":4313,"age":7.0,"sex":"\u0e0a\u0e32\u0e22","nationality":"Thailand","province_of_isolation":"\u0e0a\u0e25\u0e1a\u0e38\u0e23\u0e35","notification_date":1608249600000,"announce_date":1608336000000,"province_of_onset":"\u0e0a\u0e25\u0e1a\u0e38\u0e23\u0e35","district_of_onset":"\u0e1a\u0e32\u0e07\u0e25\u0e30\u0e21\u0e38\u0e07","quarantine":"State Quarantine"},{"no":4314,"age":15.0,"sex":"\u0e2b\u0e0d\u0e34\u0e07","nationality":"Thailand","province_of_isolation":"\u0e0a\u0e25\u0e1a\u0e38\u0e23\u0e35","notification_date":1608249600000,"announce_date":1608336000000,"province_of_onset":"\u0e0a\u0e25\u0e1a\u0e38\u0e23\u0e35","district_of_onset":"\u0e1a\u0e32\u0e07\u0e25\u0e30\u0e21\u0e38\u0e07","quarantine":"State Quarantine"},{"no":4315,"age":44.0,"sex":"\u0e2b\u0e0d\u0e34\u0e07","nationality":"India","province_of_isolation":"\u0e01\u0e17\u0e21","notification_date":1608249600000,"announce_date":1608336000000,"province_of_onset":"\u0e01\u0e23\u0e38\u0e07\u0e40\u0e17\u0e1e\u0e21\u0e2b\u0e32\u0e19\u0e04\u0e23","district_of_onset":"\u0e04\u0e25\u0e2d\u0e07\u0e40\u0e15\u0e22","quarantine":"\u0e1c\u0e39\u0e49\u0e17\u0e35\u0e48\u0e40\u0e14\u0e34\u0e19\u0e17\u0e32\u0e07\u0e21\u0e32\u0e08\u0e32\u0e01\u0e15\u0e48\u0e32\u0e07\u0e1b\u0e23\u0e30\u0e40\u0e17\u0e28 \u0e41\u0e25\u0e30\u0e40\u0e02\u0e49\u0e32 ASQ\/ALQ"},{"no":4316,"age":45.0,"sex":"\u0e2b\u0e0d\u0e34\u0e07","nationality":"Thailand","province_of_isolation":"\u0e2a\u0e21\u0e38\u0e17\u0e23\u0e1b\u0e23\u0e32\u0e01\u0e32\u0e23","notification_date":1608249600000,"announce_date":1608336000000,"province_of_onset":"\u0e2a\u0e21\u0e38\u0e17\u0e23\u0e1b\u0e23\u0e32\u0e01\u0e32\u0e23","district_of_onset":"\u0e1a\u0e32\u0e07\u0e1a\u0e48\u0e2d","quarantine":"State Quarantine"},{"no":4319,"age":36.0,"sex":"\u0e0a\u0e32\u0e22","nationality":"United States of America","province_of_isolation":"\u0e01\u0e17\u0e21","notification_date":1608249600000,"announce_date":1608336000000,"province_of_onset":"\u0e01\u0e23\u0e38\u0e07\u0e40\u0e17\u0e1e\u0e21\u0e2b\u0e32\u0e19\u0e04\u0e23","district_of_onset":"\u0e1a\u0e32\u0e07\u0e23\u0e31\u0e01","quarantine":"\u0e1c\u0e39\u0e49\u0e17\u0e35\u0e48\u0e40\u0e14\u0e34\u0e19\u0e17\u0e32\u0e07\u0e21\u0e32\u0e08\u0e32\u0e01\u0e15\u0e48\u0e32\u0e07\u0e1b\u0e23\u0e30\u0e40\u0e17\u0e28 \u0e41\u0e25\u0e30\u0e40\u0e02\u0e49\u0e32 ASQ\/ALQ"},{"no":4320,"age":42.0,"sex":"\u0e0a\u0e32\u0e22","nationality":"Thailand","province_of_isolation":"\u0e2a\u0e21\u0e38\u0e17\u0e23\u0e2a\u0e32\u0e04\u0e23","notification_date":1608249600000,"announce_date":1608336000000,"province_of_onset":"\u0e2a\u0e21\u0e38\u0e17\u0e23\u0e2a\u0e32\u0e04\u0e23","district_of_onset":"\u0e40\u0e21\u0e37\u0e2d\u0e07","quarantine":"\u0e2d\u0e22\u0e39\u0e48\u0e23\u0e30\u0e2b\u0e27\u0e48\u0e32\u0e07\u0e01\u0e32\u0e23\u0e2a\u0e2d\u0e1a\u0e2a\u0e27\u0e19"},{"no":4321,"age":73.0,"sex":"\u0e2b\u0e0d\u0e34\u0e07","nationality":"Thailand","province_of_isolation":"\u0e2a\u0e21\u0e38\u0e17\u0e23\u0e2a\u0e32\u0e04\u0e23","notification_date":1608249600000,"announce_date":1608336000000,"province_of_onset":"\u0e2a\u0e21\u0e38\u0e17\u0e23\u0e2a\u0e32\u0e04\u0e23","district_of_onset":"\u0e40\u0e21\u0e37\u0e2d\u0e07","quarantine":"\u0e2d\u0e22\u0e39\u0e48\u0e23\u0e30\u0e2b\u0e27\u0e48\u0e32\u0e07\u0e01\u0e32\u0e23\u0e2a\u0e2d\u0e1a\u0e2a\u0e27\u0e19"},{"no":4322,"age":95.0,"sex":"\u0e2b\u0e0d\u0e34\u0e07","nationality":"Thailand","province_of_isolation":"\u0e2a\u0e21\u0e38\u0e17\u0e23\u0e2a\u0e32\u0e04\u0e23","notification_date":1608249600000,"announce_date":1608336000000,"province_of_onset":"\u0e2a\u0e21\u0e38\u0e17\u0e23\u0e2a\u0e32\u0e04\u0e23","district_of_onset":"\u0e40\u0e21\u0e37\u0e2d\u0e07","quarantine":"\u0e2d\u0e22\u0e39\u0e48\u0e23\u0e30\u0e2b\u0e27\u0e48\u0e32\u0e07\u0e01\u0e32\u0e23\u0e2a\u0e2d\u0e1a\u0e2a\u0e27\u0e19"},{"no":4323,"age":57.0,"sex":"\u0e2b\u0e0d\u0e34\u0e07","nationality":"Thailand","province_of_isolation":"\u0e2a\u0e21\u0e38\u0e17\u0e23\u0e2a\u0e32\u0e04\u0e23","notification_date":1608249600000,"announce_date":1608336000000,"province_of_onset":"\u0e2a\u0e21\u0e38\u0e17\u0e23\u0e2a\u0e32\u0e04\u0e23","district_of_onset":"\u0e40\u0e21\u0e37\u0e2d\u0e07","quarantine":"\u0e2d\u0e22\u0e39\u0e48\u0e23\u0e30\u0e2b\u0e27\u0e48\u0e32\u0e07\u0e01\u0e32\u0e23\u0e2a\u0e2d\u0e1a\u0e2a\u0e27\u0e19"},{"no":4324,"age":40.0,"sex":"\u0e0a\u0e32\u0e22","nationality":"Burma","province_of_isolation":"\u0e2a\u0e21\u0e38\u0e17\u0e23\u0e2a\u0e32\u0e04\u0e23","notification_date":1608249600000,"announce_date":1608336000000,"province_of_onset":"\u0e2a\u0e21\u0e38\u0e17\u0e23\u0e2a\u0e32\u0e04\u0e23","district_of_onset":"\u0e40\u0e21\u0e37\u0e2d\u0e07","quarantine":"\u0e2d\u0e22\u0e39\u0e48\u0e23\u0e30\u0e2b\u0e27\u0e48\u0e32\u0e07\u0e01\u0e32\u0e23\u0e2a\u0e2d\u0e1a\u0e2a\u0e27\u0e19"},{"no":4325,"age":32.0,"sex":"\u0e0a\u0e32\u0e22","nationality":"Burma","province_of_isolation":"\u0e2a\u0e21\u0e38\u0e17\u0e23\u0e2a\u0e32\u0e04\u0e23","notification_date":1608249600000,"announce_date":1608336000000,"province_of_onset":"\u0e2a\u0e21\u0e38\u0e17\u0e23\u0e2a\u0e32\u0e04\u0e23","district_of_onset":"\u0e40\u0e21\u0e37\u0e2d\u0e07","quarantine":"\u0e2d\u0e22\u0e39\u0e48\u0e23\u0e30\u0e2b\u0e27\u0e48\u0e32\u0e07\u0e01\u0e32\u0e23\u0e2a\u0e2d\u0e1a\u0e2a\u0e27\u0e19"},{"no":4326,"age":41.0,"sex":"\u0e2b\u0e0d\u0e34\u0e07","nationality":"Burma","province_of_isolation":"\u0e2a\u0e21\u0e38\u0e17\u0e23\u0e2a\u0e32\u0e04\u0e23","notification_date":1608249600000,"announce_date":1608336000000,"province_of_onset":"\u0e2a\u0e21\u0e38\u0e17\u0e23\u0e2a\u0e32\u0e04\u0e23","district_of_onset":"\u0e40\u0e21\u0e37\u0e2d\u0e07","quarantine":"\u0e2d\u0e22\u0e39\u0e48\u0e23\u0e30\u0e2b\u0e27\u0e48\u0e32\u0e07\u0e01\u0e32\u0e23\u0e2a\u0e2d\u0e1a\u0e2a\u0e27\u0e19"},{"no":4327,"age":24.0,"sex":"\u0e2b\u0e0d\u0e34\u0e07","nationality":"Thailand","province_of_isolation":"\u0e2a\u0e21\u0e38\u0e17\u0e23\u0e2a\u0e32\u0e04\u0e23","notification_date":1608249600000,"announce_date":1608336000000,"province_of_onset":"\u0e2a\u0e21\u0e38\u0e17\u0e23\u0e2a\u0e32\u0e04\u0e23","district_of_onset":"\u0e40\u0e21\u0e37\u0e2d\u0e07","quarantine":"\u0e2d\u0e22\u0e39\u0e48\u0e23\u0e30\u0e2b\u0e27\u0e48\u0e32\u0e07\u0e01\u0e32\u0e23\u0e2a\u0e2d\u0e1a\u0e2a\u0e27\u0e19"},{"no":4328,"age":43.0,"sex":"\u0e2b\u0e0d\u0e34\u0e07","nationality":"Burma","province_of_isolation":"\u0e2a\u0e21\u0e38\u0e17\u0e23\u0e2a\u0e32\u0e04\u0e23","notification_date":1608249600000,"announce_date":1608336000000,"province_of_onset":"\u0e2a\u0e21\u0e38\u0e17\u0e23\u0e2a\u0e32\u0e04\u0e23","district_of_onset":"\u0e40\u0e21\u0e37\u0e2d\u0e07","quarantine":"\u0e2d\u0e22\u0e39\u0e48\u0e23\u0e30\u0e2b\u0e27\u0e48\u0e32\u0e07\u0e01\u0e32\u0e23\u0e2a\u0e2d\u0e1a\u0e2a\u0e27\u0e19"},{"no":4329,"age":20.0,"sex":"\u0e2b\u0e0d\u0e34\u0e07","nationality":"Thailand","province_of_isolation":"\u0e2a\u0e21\u0e38\u0e17\u0e23\u0e2a\u0e32\u0e04\u0e23","notification_date":1608249600000,"announce_date":1608336000000,"province_of_onset":"\u0e2a\u0e21\u0e38\u0e17\u0e23\u0e2a\u0e32\u0e04\u0e23","district_of_onset":"\u0e40\u0e21\u0e37\u0e2d\u0e07","quarantine":"\u0e2d\u0e22\u0e39\u0e48\u0e23\u0e30\u0e2b\u0e27\u0e48\u0e32\u0e07\u0e01\u0e32\u0e23\u0e2a\u0e2d\u0e1a\u0e2a\u0e27\u0e19"},{"no":4330,"age":49.0,"sex":"\u0e2b\u0e0d\u0e34\u0e07","nationality":"Thailand","province_of_isolation":"\u0e2a\u0e21\u0e38\u0e17\u0e23\u0e2a\u0e32\u0e04\u0e23","notification_date":1608249600000,"announce_date":1608336000000,"province_of_onset":"\u0e2a\u0e21\u0e38\u0e17\u0e23\u0e2a\u0e32\u0e04\u0e23","district_of_onset":"\u0e40\u0e21\u0e37\u0e2d\u0e07","quarantine":"\u0e2d\u0e22\u0e39\u0e48\u0e23\u0e30\u0e2b\u0e27\u0e48\u0e32\u0e07\u0e01\u0e32\u0e23\u0e2a\u0e2d\u0e1a\u0e2a\u0e27\u0e19"},{"no":4331,"age":23.0,"sex":"\u0e0a\u0e32\u0e22","nationality":"Thailand","province_of_isolation":"\u0e2a\u0e21\u0e38\u0e17\u0e23\u0e2a\u0e32\u0e04\u0e23","notification_date":1608249600000,"announce_date":1608336000000,"province_of_onset":"\u0e2a\u0e21\u0e38\u0e17\u0e23\u0e2a\u0e32\u0e04\u0e23","district_of_onset":"\u0e40\u0e21\u0e37\u0e2d\u0e07","quarantine":"\u0e2d\u0e22\u0e39\u0e48\u0e23\u0e30\u0e2b\u0e27\u0e48\u0e32\u0e07\u0e01\u0e32\u0e23\u0e2a\u0e2d\u0e1a\u0e2a\u0e27\u0e19"},{"no":4332,"age":31.0,"sex":"\u0e2b\u0e0d\u0e34\u0e07","nationality":"Thailand","province_of_isolation":"\u0e2a\u0e21\u0e38\u0e17\u0e23\u0e2a\u0e32\u0e04\u0e23","notification_date":1608249600000,"announce_date":1608422400000,"province_of_onset":"\u0e2a\u0e21\u0e38\u0e17\u0e23\u0e2a\u0e32\u0e04\u0e23","district_of_onset":"\u0e40\u0e21\u0e37\u0e2d\u0e07","quarantine":"Cluster \u0e15\u0e25\u0e32\u0e14\u0e01\u0e25\u0e32\u0e07\u0e01\u0e38\u0e49\u0e07 \u0e2a\u0e21\u0e38\u0e17\u0e23\u0e2a\u0e32\u0e04\u0e23"},{"no":4333,"age":20.0,"sex":"\u0e0a\u0e32\u0e22","nationality":"Thailand","province_of_isolation":"\u0e2a\u0e21\u0e38\u0e17\u0e23\u0e2a\u0e32\u0e04\u0e23","notification_date":1608249600000,"announce_date":1608422400000,"province_of_onset":"\u0e2a\u0e21\u0e38\u0e17\u0e23\u0e2a\u0e32\u0e04\u0e23","district_of_onset":"\u0e40\u0e21\u0e37\u0e2d\u0e07","quarantine":"Cluster \u0e15\u0e25\u0e32\u0e14\u0e01\u0e25\u0e32\u0e07\u0e01\u0e38\u0e49\u0e07 \u0e2a\u0e21\u0e38\u0e17\u0e23\u0e2a\u0e32\u0e04\u0e23"},{"no":4334,"age":47.0,"sex":"\u0e2b\u0e0d\u0e34\u0e07","nationality":"Thailand","province_of_isolation":"\u0e2a\u0e21\u0e38\u0e17\u0e23\u0e2a\u0e32\u0e04\u0e23","notification_date":1608336000000,"announce_date":1608422400000,"province_of_onset":"\u0e2a\u0e21\u0e38\u0e17\u0e23\u0e2a\u0e32\u0e04\u0e23","district_of_onset":"\u0e40\u0e21\u0e37\u0e2d\u0e07","quarantine":"Cluster \u0e15\u0e25\u0e32\u0e14\u0e01\u0e25\u0e32\u0e07\u0e01\u0e38\u0e49\u0e07 \u0e2a\u0e21\u0e38\u0e17\u0e23\u0e2a\u0e32\u0e04\u0e23"},{"no":4335,"age":42.0,"sex":"\u0e0a\u0e32\u0e22","nationality":"Burma","province_of_isolation":"\u0e2a\u0e21\u0e38\u0e17\u0e23\u0e2a\u0e32\u0e04\u0e23","notification_date":1608336000000,"announce_date":1608422400000,"province_of_onset":"\u0e2a\u0e21\u0e38\u0e17\u0e23\u0e2a\u0e32\u0e04\u0e23","district_of_onset":"\u0e40\u0e21\u0e37\u0e2d\u0e07","quarantine":"Cluster \u0e15\u0e25\u0e32\u0e14\u0e01\u0e25\u0e32\u0e07\u0e01\u0e38\u0e49\u0e07 \u0e2a\u0e21\u0e38\u0e17\u0e23\u0e2a\u0e32\u0e04\u0e23"},{"no":4336,"age":57.0,"sex":"\u0e0a\u0e32\u0e22","nationality":"Thailand","province_of_isolation":"\u0e2a\u0e21\u0e38\u0e17\u0e23\u0e2a\u0e32\u0e04\u0e23","notification_date":1608249600000,"announce_date":1608422400000,"province_of_onset":"\u0e2a\u0e21\u0e38\u0e17\u0e23\u0e2a\u0e32\u0e04\u0e23","district_of_onset":"\u0e40\u0e21\u0e37\u0e2d\u0e07","quarantine":"Cluster \u0e15\u0e25\u0e32\u0e14\u0e01\u0e25\u0e32\u0e07\u0e01\u0e38\u0e49\u0e07 \u0e2a\u0e21\u0e38\u0e17\u0e23\u0e2a\u0e32\u0e04\u0e23"},{"no":4337,"age":56.0,"sex":"\u0e2b\u0e0d\u0e34\u0e07","nationality":"Thailand","province_of_isolation":"\u0e2a\u0e21\u0e38\u0e17\u0e23\u0e2a\u0e32\u0e04\u0e23","notification_date":1608249600000,"announce_date":1608422400000,"province_of_onset":"\u0e2a\u0e21\u0e38\u0e17\u0e23\u0e2a\u0e32\u0e04\u0e23","district_of_onset":"\u0e40\u0e21\u0e37\u0e2d\u0e07","quarantine":"Cluster \u0e15\u0e25\u0e32\u0e14\u0e01\u0e25\u0e32\u0e07\u0e01\u0e38\u0e49\u0e07 \u0e2a\u0e21\u0e38\u0e17\u0e23\u0e2a\u0e32\u0e04\u0e23"},{"no":4338,"age":42.0,"sex":"\u0e2b\u0e0d\u0e34\u0e07","nationality":"Thailand","province_of_isolation":"\u0e2a\u0e21\u0e38\u0e17\u0e23\u0e2a\u0e32\u0e04\u0e23","notification_date":1608422400000,"announce_date":1608422400000,"province_of_onset":"\u0e2a\u0e21\u0e38\u0e17\u0e23\u0e2a\u0e32\u0e04\u0e23","district_of_onset":"\u0e40\u0e21\u0e37\u0e2d\u0e07","quarantine":"Cluster \u0e15\u0e25\u0e32\u0e14\u0e01\u0e25\u0e32\u0e07\u0e01\u0e38\u0e49\u0e07 \u0e2a\u0e21\u0e38\u0e17\u0e23\u0e2a\u0e32\u0e04\u0e23"},{"no":4339,"age":45.0,"sex":"\u0e2b\u0e0d\u0e34\u0e07","nationality":"Thailand","province_of_isolation":"\u0e0a\u0e25\u0e1a\u0e38\u0e23\u0e35","notification_date":1608336000000,"announce_date":1608422400000,"province_of_onset":"\u0e0a\u0e25\u0e1a\u0e38\u0e23\u0e35","district_of_onset":"\u0e1a\u0e32\u0e07\u0e25\u0e30\u0e21\u0e38\u0e07","quarantine":"State Quarantine"},{"no":4340,"age":45.0,"sex":"\u0e2b\u0e0d\u0e34\u0e07","nationality":"Thailand","province_of_isolation":"\u0e0a\u0e25\u0e1a\u0e38\u0e23\u0e35","notification_date":1608336000000,"announce_date":1608422400000,"province_of_onset":"\u0e0a\u0e25\u0e1a\u0e38\u0e23\u0e35","district_of_onset":"\u0e1a\u0e32\u0e07\u0e25\u0e30\u0e21\u0e38\u0e07","quarantine":"State Quarantine"},{"no":4341,"age":29.0,"sex":"\u0e2b\u0e0d\u0e34\u0e07","nationality":"Thailand","province_of_isolation":"\u0e40\u0e0a\u0e35\u0e22\u0e07\u0e23\u0e32\u0e22","notification_date":1608336000000,"announce_date":1608422400000,"province_of_onset":"\u0e40\u0e0a\u0e35\u0e22\u0e07\u0e23\u0e32\u0e22","district_of_onset":"\u0e40\u0e21\u0e37\u0e2d\u0e07","quarantine":"State Quarantine"},{"no":4342,"age":31.0,"sex":"\u0e2b\u0e0d\u0e34\u0e07","nationality":"Thailand","province_of_isolation":"\u0e40\u0e0a\u0e35\u0e22\u0e07\u0e23\u0e32\u0e22","notification_date":1608336000000,"announce_date":1608422400000,"province_of_onset":"\u0e40\u0e0a\u0e35\u0e22\u0e07\u0e23\u0e32\u0e22","district_of_onset":"\u0e40\u0e21\u0e37\u0e2d\u0e07","quarantine":"State Quarantine"},{"no":4344,"age":33.0,"sex":"\u0e2b\u0e0d\u0e34\u0e07","nationality":"Thailand","province_of_isolation":"\u0e01\u0e17\u0e21","notification_date":1608336000000,"announce_date":1608422400000,"province_of_onset":"\u0e01\u0e23\u0e38\u0e07\u0e40\u0e17\u0e1e\u0e21\u0e2b\u0e32\u0e19\u0e04\u0e23","district_of_onset":"\u0e04\u0e25\u0e2d\u0e07\u0e2a\u0e32\u0e21\u0e27\u0e32","quarantine":"Cluster \u0e15\u0e25\u0e32\u0e14\u0e01\u0e25\u0e32\u0e07\u0e01\u0e38\u0e49\u0e07 \u0e2a\u0e21\u0e38\u0e17\u0e23\u0e2a\u0e32\u0e04\u0e23"},{"no":4345,"age":78.0,"sex":"\u0e2b\u0e0d\u0e34\u0e07","nationality":"Thailand","province_of_isolation":"\u0e01\u0e17\u0e21","notification_date":1608336000000,"announce_date":1608422400000,"province_of_onset":"\u0e01\u0e23\u0e38\u0e07\u0e40\u0e17\u0e1e\u0e21\u0e2b\u0e32\u0e19\u0e04\u0e23","district_of_onset":"\u0e1a\u0e32\u0e07\u0e0b\u0e37\u0e48\u0e2d","quarantine":"Cluster \u0e15\u0e25\u0e32\u0e14\u0e01\u0e25\u0e32\u0e07\u0e01\u0e38\u0e49\u0e07 \u0e2a\u0e21\u0e38\u0e17\u0e23\u0e2a\u0e32\u0e04\u0e23"},{"no":4346,"age":31.0,"sex":"\u0e0a\u0e32\u0e22","nationality":"Afghanistan","province_of_isolation":"\u0e01\u0e17\u0e21","notification_date":1608336000000,"announce_date":1608422400000,"province_of_onset":"\u0e01\u0e23\u0e38\u0e07\u0e40\u0e17\u0e1e\u0e21\u0e2b\u0e32\u0e19\u0e04\u0e23","district_of_onset":"\u0e2b\u0e49\u0e27\u0e22\u0e02\u0e27\u0e32\u0e07","quarantine":"\u0e1c\u0e39\u0e49\u0e17\u0e35\u0e48\u0e40\u0e14\u0e34\u0e19\u0e17\u0e32\u0e07\u0e21\u0e32\u0e08\u0e32\u0e01\u0e15\u0e48\u0e32\u0e07\u0e1b\u0e23\u0e30\u0e40\u0e17\u0e28 \u0e41\u0e25\u0e30\u0e40\u0e02\u0e49\u0e32 ASQ\/ALQ"},{"no":4347,"age":51.0,"sex":"\u0e0a\u0e32\u0e22","nationality":"United Kingdom","province_of_isolation":"\u0e01\u0e17\u0e21","notification_date":1608336000000,"announce_date":1608422400000,"province_of_onset":"\u0e01\u0e23\u0e38\u0e07\u0e40\u0e17\u0e1e\u0e21\u0e2b\u0e32\u0e19\u0e04\u0e23","district_of_onset":"\u0e08\u0e2d\u0e21\u0e17\u0e2d\u0e07","quarantine":"\u0e1c\u0e39\u0e49\u0e17\u0e35\u0e48\u0e40\u0e14\u0e34\u0e19\u0e17\u0e32\u0e07\u0e21\u0e32\u0e08\u0e32\u0e01\u0e15\u0e48\u0e32\u0e07\u0e1b\u0e23\u0e30\u0e40\u0e17\u0e28 \u0e41\u0e25\u0e30\u0e40\u0e02\u0e49\u0e32 ASQ\/ALQ"},{"no":4348,"age":26.0,"sex":"\u0e0a\u0e32\u0e22","nationality":"Thailand","province_of_isolation":"\u0e0a\u0e25\u0e1a\u0e38\u0e23\u0e35","notification_date":1608336000000,"announce_date":1608422400000,"province_of_onset":"\u0e0a\u0e25\u0e1a\u0e38\u0e23\u0e35","district_of_onset":"\u0e1a\u0e32\u0e07\u0e25\u0e30\u0e21\u0e38\u0e07","quarantine":"State Quarantine"},{"no":4349,"age":58.0,"sex":"\u0e2b\u0e0d\u0e34\u0e07","nationality":"Thailand","province_of_isolation":"\u0e0a\u0e25\u0e1a\u0e38\u0e23\u0e35","notification_date":1608336000000,"announce_date":1608422400000,"province_of_onset":"\u0e0a\u0e25\u0e1a\u0e38\u0e23\u0e35","district_of_onset":"\u0e1a\u0e32\u0e07\u0e25\u0e30\u0e21\u0e38\u0e07","quarantine":"State Quarantine"},{"no":4350,"age":27.0,"sex":"\u0e2b\u0e0d\u0e34\u0e07","nationality":"Thailand","province_of_isolation":"\u0e01\u0e17\u0e21","notification_date":1608336000000,"announce_date":1608422400000,"province_of_onset":"\u0e2a\u0e21\u0e38\u0e17\u0e23\u0e1b\u0e23\u0e32\u0e01\u0e32\u0e23","district_of_onset":"\u0e1a\u0e32\u0e07\u0e1e\u0e25\u0e35","quarantine":"\u0e1c\u0e39\u0e49\u0e17\u0e35\u0e48\u0e40\u0e14\u0e34\u0e19\u0e17\u0e32\u0e07\u0e21\u0e32\u0e08\u0e32\u0e01\u0e15\u0e48\u0e32\u0e07\u0e1b\u0e23\u0e30\u0e40\u0e17\u0e28 \u0e41\u0e25\u0e30\u0e40\u0e02\u0e49\u0e32 ASQ\/ALQ"},{"no":4351,"age":41.0,"sex":"\u0e2b\u0e0d\u0e34\u0e07","nationality":"Thailand","province_of_isolation":"\u0e2a\u0e21\u0e38\u0e17\u0e23\u0e1b\u0e23\u0e32\u0e01\u0e32\u0e23","notification_date":1608336000000,"announce_date":1608422400000,"province_of_onset":"\u0e2a\u0e21\u0e38\u0e17\u0e23\u0e1b\u0e23\u0e32\u0e01\u0e32\u0e23","district_of_onset":"\u0e1a\u0e32\u0e07\u0e1e\u0e25\u0e35","quarantine":"\u0e1c\u0e39\u0e49\u0e17\u0e35\u0e48\u0e40\u0e14\u0e34\u0e19\u0e17\u0e32\u0e07\u0e21\u0e32\u0e08\u0e32\u0e01\u0e15\u0e48\u0e32\u0e07\u0e1b\u0e23\u0e30\u0e40\u0e17\u0e28 \u0e41\u0e25\u0e30\u0e40\u0e02\u0e49\u0e32 ASQ\/ALQ"},{"no":4352,"age":30.0,"sex":"\u0e2b\u0e0d\u0e34\u0e07","nationality":"Thailand","province_of_isolation":"\u0e0a\u0e25\u0e1a\u0e38\u0e23\u0e35","notification_date":1608336000000,"announce_date":1608422400000,"province_of_onset":"\u0e0a\u0e25\u0e1a\u0e38\u0e23\u0e35","district_of_onset":"\u0e1a\u0e32\u0e07\u0e25\u0e30\u0e21\u0e38\u0e07","quarantine":"State Quarantine"},{"no":4353,"age":24.0,"sex":"\u0e2b\u0e0d\u0e34\u0e07","nationality":"Thailand","province_of_isolation":"\u0e0a\u0e25\u0e1a\u0e38\u0e23\u0e35","notification_date":1608336000000,"announce_date":1608422400000,"province_of_onset":"\u0e0a\u0e25\u0e1a\u0e38\u0e23\u0e35","district_of_onset":"\u0e1a\u0e32\u0e07\u0e25\u0e30\u0e21\u0e38\u0e07","quarantine":"State Quarantine"},{"no":4354,"age":34.0,"sex":"\u0e2b\u0e0d\u0e34\u0e07","nationality":"Thailand","province_of_isolation":"\u0e0a\u0e25\u0e1a\u0e38\u0e23\u0e35","notification_date":1608336000000,"announce_date":1608422400000,"province_of_onset":"\u0e0a\u0e25\u0e1a\u0e38\u0e23\u0e35","district_of_onset":"\u0e1a\u0e32\u0e07\u0e25\u0e30\u0e21\u0e38\u0e07","quarantine":"State Quarantine"},{"no":4355,"age":30.0,"sex":"\u0e2b\u0e0d\u0e34\u0e07","nationality":"Thailand","province_of_isolation":"\u0e0a\u0e25\u0e1a\u0e38\u0e23\u0e35","notification_date":1608336000000,"announce_date":1608422400000,"province_of_onset":"\u0e0a\u0e25\u0e1a\u0e38\u0e23\u0e35","district_of_onset":"\u0e1a\u0e32\u0e07\u0e25\u0e30\u0e21\u0e38\u0e07","quarantine":"State Quarantine"},{"no":4356,"age":38.0,"sex":"\u0e2b\u0e0d\u0e34\u0e07","nationality":"Thailand","province_of_isolation":"\u0e0a\u0e25\u0e1a\u0e38\u0e23\u0e35","notification_date":1608336000000,"announce_date":1608422400000,"province_of_onset":"\u0e0a\u0e25\u0e1a\u0e38\u0e23\u0e35","district_of_onset":"\u0e1a\u0e32\u0e07\u0e25\u0e30\u0e21\u0e38\u0e07","quarantine":"State Quarantine"},{"no":4357,"age":48.0,"sex":"\u0e2b\u0e0d\u0e34\u0e07","nationality":"Thailand","province_of_isolation":"\u0e0a\u0e25\u0e1a\u0e38\u0e23\u0e35","notification_date":1608336000000,"announce_date":1608422400000,"province_of_onset":"\u0e0a\u0e25\u0e1a\u0e38\u0e23\u0e35","district_of_onset":"\u0e1a\u0e32\u0e07\u0e25\u0e30\u0e21\u0e38\u0e07","quarantine":"State Quarantine"},{"no":4358,"age":45.0,"sex":"\u0e2b\u0e0d\u0e34\u0e07","nationality":"Thailand","province_of_isolation":"\u0e0a\u0e25\u0e1a\u0e38\u0e23\u0e35","notification_date":1608336000000,"announce_date":1608422400000,"province_of_onset":"\u0e0a\u0e25\u0e1a\u0e38\u0e23\u0e35","district_of_onset":"\u0e1a\u0e32\u0e07\u0e25\u0e30\u0e21\u0e38\u0e07","quarantine":"State Quarantine"},{"no":4359,"age":26.0,"sex":"\u0e2b\u0e0d\u0e34\u0e07","nationality":"Thailand","province_of_isolation":"\u0e0a\u0e25\u0e1a\u0e38\u0e23\u0e35","notification_date":1608336000000,"announce_date":1608422400000,"province_of_onset":"\u0e0a\u0e25\u0e1a\u0e38\u0e23\u0e35","district_of_onset":"\u0e1a\u0e32\u0e07\u0e25\u0e30\u0e21\u0e38\u0e07","quarantine":"State Quarantine"},{"no":4360,"age":46.0,"sex":"\u0e2b\u0e0d\u0e34\u0e07","nationality":"Thailand","province_of_isolation":"\u0e0a\u0e25\u0e1a\u0e38\u0e23\u0e35","notification_date":1608336000000,"announce_date":1608422400000,"province_of_onset":"\u0e0a\u0e25\u0e1a\u0e38\u0e23\u0e35","district_of_onset":"\u0e1a\u0e32\u0e07\u0e25\u0e30\u0e21\u0e38\u0e07","quarantine":"State Quarantine"},{"no":4361,"age":44.0,"sex":"\u0e2b\u0e0d\u0e34\u0e07","nationality":"Thailand","province_of_isolation":"\u0e0a\u0e25\u0e1a\u0e38\u0e23\u0e35","notification_date":1608336000000,"announce_date":1608422400000,"province_of_onset":"\u0e0a\u0e25\u0e1a\u0e38\u0e23\u0e35","district_of_onset":"\u0e1a\u0e32\u0e07\u0e25\u0e30\u0e21\u0e38\u0e07","quarantine":"State Quarantine"},{"no":4362,"age":29.0,"sex":"\u0e2b\u0e0d\u0e34\u0e07","nationality":"Thailand","province_of_isolation":"\u0e0a\u0e25\u0e1a\u0e38\u0e23\u0e35","notification_date":1608336000000,"announce_date":1608422400000,"province_of_onset":"\u0e0a\u0e25\u0e1a\u0e38\u0e23\u0e35","district_of_onset":"\u0e1a\u0e32\u0e07\u0e25\u0e30\u0e21\u0e38\u0e07","quarantine":"State Quarantine"},{"no":4363,"age":22.0,"sex":"\u0e2b\u0e0d\u0e34\u0e07","nationality":"Thailand","province_of_isolation":"\u0e0a\u0e25\u0e1a\u0e38\u0e23\u0e35","notification_date":1608336000000,"announce_date":1608422400000,"province_of_onset":"\u0e0a\u0e25\u0e1a\u0e38\u0e23\u0e35","district_of_onset":"\u0e1a\u0e32\u0e07\u0e25\u0e30\u0e21\u0e38\u0e07","quarantine":"State Quarantine"},{"no":4364,"age":33.0,"sex":"\u0e2b\u0e0d\u0e34\u0e07","nationality":"Thailand","province_of_isolation":"\u0e0a\u0e25\u0e1a\u0e38\u0e23\u0e35","notification_date":1608336000000,"announce_date":1608422400000,"province_of_onset":"\u0e0a\u0e25\u0e1a\u0e38\u0e23\u0e35","district_of_onset":"\u0e1a\u0e32\u0e07\u0e25\u0e30\u0e21\u0e38\u0e07","quarantine":"State Quarantine"},{"no":4365,"age":22.0,"sex":"\u0e2b\u0e0d\u0e34\u0e07","nationality":"Thailand","province_of_isolation":"\u0e0a\u0e25\u0e1a\u0e38\u0e23\u0e35","notification_date":1608336000000,"announce_date":1608422400000,"province_of_onset":"\u0e0a\u0e25\u0e1a\u0e38\u0e23\u0e35","district_of_onset":"\u0e1a\u0e32\u0e07\u0e25\u0e30\u0e21\u0e38\u0e07","quarantine":"State Quarantine"},{"no":4366,"age":35.0,"sex":"\u0e2b\u0e0d\u0e34\u0e07","nationality":"Thailand","province_of_isolation":"\u0e0a\u0e25\u0e1a\u0e38\u0e23\u0e35","notification_date":1608336000000,"announce_date":1608422400000,"province_of_onset":"\u0e0a\u0e25\u0e1a\u0e38\u0e23\u0e35","district_of_onset":"\u0e1a\u0e32\u0e07\u0e25\u0e30\u0e21\u0e38\u0e07","quarantine":"State Quarantine"},{"no":4367,"age":24.0,"sex":"\u0e2b\u0e0d\u0e34\u0e07","nationality":"Thailand","province_of_isolation":"\u0e0a\u0e25\u0e1a\u0e38\u0e23\u0e35","notification_date":1608336000000,"announce_date":1608422400000,"province_of_onset":"\u0e0a\u0e25\u0e1a\u0e38\u0e23\u0e35","district_of_onset":"\u0e1a\u0e32\u0e07\u0e25\u0e30\u0e21\u0e38\u0e07","quarantine":"State Quarantine"},{"no":4368,"age":28.0,"sex":"\u0e2b\u0e0d\u0e34\u0e07","nationality":"Thailand","province_of_isolation":"\u0e0a\u0e25\u0e1a\u0e38\u0e23\u0e35","notification_date":1608336000000,"announce_date":1608422400000,"province_of_onset":"\u0e0a\u0e25\u0e1a\u0e38\u0e23\u0e35","district_of_onset":"\u0e1a\u0e32\u0e07\u0e25\u0e30\u0e21\u0e38\u0e07","quarantine":"State Quarantine"},{"no":4369,"age":29.0,"sex":"\u0e2b\u0e0d\u0e34\u0e07","nationality":"Thailand","province_of_isolation":"\u0e0a\u0e25\u0e1a\u0e38\u0e23\u0e35","notification_date":1608336000000,"announce_date":1608422400000,"province_of_onset":"\u0e0a\u0e25\u0e1a\u0e38\u0e23\u0e35","district_of_onset":"\u0e1a\u0e32\u0e07\u0e25\u0e30\u0e21\u0e38\u0e07","quarantine":"State Quarantine"},{"no":4370,"age":35.0,"sex":"\u0e2b\u0e0d\u0e34\u0e07","nationality":"Thailand","province_of_isolation":"\u0e0a\u0e25\u0e1a\u0e38\u0e23\u0e35","notification_date":1608336000000,"announce_date":1608422400000,"province_of_onset":"\u0e0a\u0e25\u0e1a\u0e38\u0e23\u0e35","district_of_onset":"\u0e1a\u0e32\u0e07\u0e25\u0e30\u0e21\u0e38\u0e07","quarantine":"State Quarantine"},{"no":4371,"age":42.0,"sex":"\u0e2b\u0e0d\u0e34\u0e07","nationality":"Thailand","province_of_isolation":"\u0e0a\u0e25\u0e1a\u0e38\u0e23\u0e35","notification_date":1608336000000,"announce_date":1608422400000,"province_of_onset":"\u0e0a\u0e25\u0e1a\u0e38\u0e23\u0e35","district_of_onset":"\u0e1a\u0e32\u0e07\u0e25\u0e30\u0e21\u0e38\u0e07","quarantine":"State Quarantine"},{"no":4372,"age":40.0,"sex":"\u0e2b\u0e0d\u0e34\u0e07","nationality":"Thailand","province_of_isolation":"\u0e0a\u0e25\u0e1a\u0e38\u0e23\u0e35","notification_date":1608336000000,"announce_date":1608422400000,"province_of_onset":"\u0e0a\u0e25\u0e1a\u0e38\u0e23\u0e35","district_of_onset":"\u0e1a\u0e32\u0e07\u0e25\u0e30\u0e21\u0e38\u0e07","quarantine":"State Quarantine"},{"no":4373,"age":28.0,"sex":"\u0e2b\u0e0d\u0e34\u0e07","nationality":"Thailand","province_of_isolation":"\u0e0a\u0e25\u0e1a\u0e38\u0e23\u0e35","notification_date":1608336000000,"announce_date":1608422400000,"province_of_onset":"\u0e0a\u0e25\u0e1a\u0e38\u0e23\u0e35","district_of_onset":"\u0e1a\u0e32\u0e07\u0e25\u0e30\u0e21\u0e38\u0e07","quarantine":"State Quarantine"},{"no":4374,"age":37.0,"sex":"\u0e2b\u0e0d\u0e34\u0e07","nationality":"Thailand","province_of_isolation":"\u0e0a\u0e25\u0e1a\u0e38\u0e23\u0e35","notification_date":1608336000000,"announce_date":1608422400000,"province_of_onset":"\u0e0a\u0e25\u0e1a\u0e38\u0e23\u0e35","district_of_onset":"\u0e1a\u0e32\u0e07\u0e25\u0e30\u0e21\u0e38\u0e07","quarantine":"State Quarantine"},{"no":4375,"age":42.0,"sex":"\u0e2b\u0e0d\u0e34\u0e07","nationality":"Thailand","province_of_isolation":"\u0e0a\u0e25\u0e1a\u0e38\u0e23\u0e35","notification_date":1608336000000,"announce_date":1608422400000,"province_of_onset":"\u0e0a\u0e25\u0e1a\u0e38\u0e23\u0e35","district_of_onset":"\u0e1a\u0e32\u0e07\u0e25\u0e30\u0e21\u0e38\u0e07","quarantine":"State Quarantine"},{"no":4376,"age":28.0,"sex":"\u0e2b\u0e0d\u0e34\u0e07","nationality":"Thailand","province_of_isolation":"\u0e0a\u0e25\u0e1a\u0e38\u0e23\u0e35","notification_date":1608336000000,"announce_date":1608422400000,"province_of_onset":"\u0e0a\u0e25\u0e1a\u0e38\u0e23\u0e35","district_of_onset":"\u0e1a\u0e32\u0e07\u0e25\u0e30\u0e21\u0e38\u0e07","quarantine":"State Quarantine"},{"no":4377,"age":30.0,"sex":"\u0e2b\u0e0d\u0e34\u0e07","nationality":"Thailand","province_of_isolation":"\u0e0a\u0e25\u0e1a\u0e38\u0e23\u0e35","notification_date":1608336000000,"announce_date":1608422400000,"province_of_onset":"\u0e0a\u0e25\u0e1a\u0e38\u0e23\u0e35","district_of_onset":"\u0e1a\u0e32\u0e07\u0e25\u0e30\u0e21\u0e38\u0e07","quarantine":"State Quarantine"},{"no":4378,"age":27.0,"sex":"\u0e2b\u0e0d\u0e34\u0e07","nationality":"Thailand","province_of_isolation":"\u0e0a\u0e25\u0e1a\u0e38\u0e23\u0e35","notification_date":1608336000000,"announce_date":1608422400000,"province_of_onset":"\u0e0a\u0e25\u0e1a\u0e38\u0e23\u0e35","district_of_onset":"\u0e1a\u0e32\u0e07\u0e25\u0e30\u0e21\u0e38\u0e07","quarantine":"State Quarantine"},{"no":4379,"age":26.0,"sex":"\u0e2b\u0e0d\u0e34\u0e07","nationality":"Thailand","province_of_isolation":"\u0e0a\u0e25\u0e1a\u0e38\u0e23\u0e35","notification_date":1608336000000,"announce_date":1608422400000,"province_of_onset":"\u0e0a\u0e25\u0e1a\u0e38\u0e23\u0e35","district_of_onset":"\u0e1a\u0e32\u0e07\u0e25\u0e30\u0e21\u0e38\u0e07","quarantine":"State Quarantine"},{"no":4380,"age":28.0,"sex":"\u0e2b\u0e0d\u0e34\u0e07","nationality":"Thailand","province_of_isolation":"\u0e0a\u0e25\u0e1a\u0e38\u0e23\u0e35","notification_date":1608336000000,"announce_date":1608422400000,"province_of_onset":"\u0e0a\u0e25\u0e1a\u0e38\u0e23\u0e35","district_of_onset":"\u0e1a\u0e32\u0e07\u0e25\u0e30\u0e21\u0e38\u0e07","quarantine":"State Quarantine"},{"no":4381,"age":27.0,"sex":"\u0e2b\u0e0d\u0e34\u0e07","nationality":"Thailand","province_of_isolation":"\u0e0a\u0e25\u0e1a\u0e38\u0e23\u0e35","notification_date":1608336000000,"announce_date":1608422400000,"province_of_onset":"\u0e0a\u0e25\u0e1a\u0e38\u0e23\u0e35","district_of_onset":"\u0e1a\u0e32\u0e07\u0e25\u0e30\u0e21\u0e38\u0e07","quarantine":"State Quarantine"},{"no":4382,"age":38.0,"sex":"\u0e0a\u0e32\u0e22","nationality":"Thailand","province_of_isolation":"\u0e2a\u0e21\u0e38\u0e17\u0e23\u0e2a\u0e32\u0e04\u0e23","notification_date":1608336000000,"announce_date":1608422400000,"province_of_onset":"\u0e2a\u0e21\u0e38\u0e17\u0e23\u0e2a\u0e32\u0e04\u0e23","district_of_onset":"\u0e40\u0e21\u0e37\u0e2d\u0e07","quarantine":"Cluster \u0e15\u0e25\u0e32\u0e14\u0e01\u0e25\u0e32\u0e07\u0e01\u0e38\u0e49\u0e07 \u0e2a\u0e21\u0e38\u0e17\u0e23\u0e2a\u0e32\u0e04\u0e23"},{"no":4383,"age":44.0,"sex":"\u0e2b\u0e0d\u0e34\u0e07","nationality":"Thailand","province_of_isolation":"\u0e2a\u0e21\u0e38\u0e17\u0e23\u0e2a\u0e32\u0e04\u0e23","notification_date":1608336000000,"announce_date":1608422400000,"province_of_onset":"\u0e2a\u0e21\u0e38\u0e17\u0e23\u0e2a\u0e32\u0e04\u0e23","district_of_onset":"\u0e40\u0e21\u0e37\u0e2d\u0e07","quarantine":"Cluster \u0e15\u0e25\u0e32\u0e14\u0e01\u0e25\u0e32\u0e07\u0e01\u0e38\u0e49\u0e07 \u0e2a\u0e21\u0e38\u0e17\u0e23\u0e2a\u0e32\u0e04\u0e23"},{"no":4384,"age":22.0,"sex":"\u0e2b\u0e0d\u0e34\u0e07","nationality":"Thailand","province_of_isolation":"\u0e2a\u0e21\u0e38\u0e17\u0e23\u0e2a\u0e32\u0e04\u0e23","notification_date":1608336000000,"announce_date":1608422400000,"province_of_onset":"\u0e2a\u0e21\u0e38\u0e17\u0e23\u0e2a\u0e32\u0e04\u0e23","district_of_onset":"\u0e40\u0e21\u0e37\u0e2d\u0e07","quarantine":"Cluster \u0e15\u0e25\u0e32\u0e14\u0e01\u0e25\u0e32\u0e07\u0e01\u0e38\u0e49\u0e07 \u0e2a\u0e21\u0e38\u0e17\u0e23\u0e2a\u0e32\u0e04\u0e23"},{"no":4385,"age":13.0,"sex":"\u0e2b\u0e0d\u0e34\u0e07","nationality":"Thailand","province_of_isolation":"\u0e2a\u0e21\u0e38\u0e17\u0e23\u0e2a\u0e32\u0e04\u0e23","notification_date":1608336000000,"announce_date":1608422400000,"province_of_onset":"\u0e2a\u0e21\u0e38\u0e17\u0e23\u0e2a\u0e32\u0e04\u0e23","district_of_onset":"\u0e40\u0e21\u0e37\u0e2d\u0e07","quarantine":"Cluster \u0e15\u0e25\u0e32\u0e14\u0e01\u0e25\u0e32\u0e07\u0e01\u0e38\u0e49\u0e07 \u0e2a\u0e21\u0e38\u0e17\u0e23\u0e2a\u0e32\u0e04\u0e23"},{"no":4386,"age":64.0,"sex":"\u0e2b\u0e0d\u0e34\u0e07","nationality":"Thailand","province_of_isolation":"\u0e2a\u0e21\u0e38\u0e17\u0e23\u0e2a\u0e32\u0e04\u0e23","notification_date":1608336000000,"announce_date":1608422400000,"province_of_onset":"\u0e2a\u0e21\u0e38\u0e17\u0e23\u0e2a\u0e32\u0e04\u0e23","district_of_onset":"\u0e40\u0e21\u0e37\u0e2d\u0e07","quarantine":"Cluster \u0e15\u0e25\u0e32\u0e14\u0e01\u0e25\u0e32\u0e07\u0e01\u0e38\u0e49\u0e07 \u0e2a\u0e21\u0e38\u0e17\u0e23\u0e2a\u0e32\u0e04\u0e23"},{"no":4387,"age":47.0,"sex":"\u0e2b\u0e0d\u0e34\u0e07","nationality":"Thailand","province_of_isolation":"\u0e2a\u0e21\u0e38\u0e17\u0e23\u0e2a\u0e32\u0e04\u0e23","notification_date":1608336000000,"announce_date":1608422400000,"province_of_onset":"\u0e2a\u0e21\u0e38\u0e17\u0e23\u0e2a\u0e32\u0e04\u0e23","district_of_onset":"\u0e40\u0e21\u0e37\u0e2d\u0e07","quarantine":"Cluster \u0e15\u0e25\u0e32\u0e14\u0e01\u0e25\u0e32\u0e07\u0e01\u0e38\u0e49\u0e07 \u0e2a\u0e21\u0e38\u0e17\u0e23\u0e2a\u0e32\u0e04\u0e23"},{"no":4388,"age":40.0,"sex":"\u0e2b\u0e0d\u0e34\u0e07","nationality":"Thailand","province_of_isolation":"\u0e2a\u0e21\u0e38\u0e17\u0e23\u0e2a\u0e32\u0e04\u0e23","notification_date":1608336000000,"announce_date":1608422400000,"province_of_onset":"\u0e2a\u0e21\u0e38\u0e17\u0e23\u0e2a\u0e32\u0e04\u0e23","district_of_onset":"\u0e40\u0e21\u0e37\u0e2d\u0e07","quarantine":"Cluster \u0e15\u0e25\u0e32\u0e14\u0e01\u0e25\u0e32\u0e07\u0e01\u0e38\u0e49\u0e07 \u0e2a\u0e21\u0e38\u0e17\u0e23\u0e2a\u0e32\u0e04\u0e23"},{"no":4389,"age":64.0,"sex":"\u0e0a\u0e32\u0e22","nationality":"Thailand","province_of_isolation":"\u0e2a\u0e21\u0e38\u0e17\u0e23\u0e2a\u0e32\u0e04\u0e23","notification_date":1608336000000,"announce_date":1608422400000,"province_of_onset":"\u0e2a\u0e21\u0e38\u0e17\u0e23\u0e2a\u0e32\u0e04\u0e23","district_of_onset":"\u0e40\u0e21\u0e37\u0e2d\u0e07","quarantine":"Cluster \u0e15\u0e25\u0e32\u0e14\u0e01\u0e25\u0e32\u0e07\u0e01\u0e38\u0e49\u0e07 \u0e2a\u0e21\u0e38\u0e17\u0e23\u0e2a\u0e32\u0e04\u0e23"},{"no":4390,"age":65.0,"sex":"\u0e0a\u0e32\u0e22","nationality":"Thailand","province_of_isolation":"\u0e2a\u0e21\u0e38\u0e17\u0e23\u0e2a\u0e32\u0e04\u0e23","notification_date":1608336000000,"announce_date":1608422400000,"province_of_onset":"\u0e2a\u0e21\u0e38\u0e17\u0e23\u0e2a\u0e32\u0e04\u0e23","district_of_onset":"\u0e40\u0e21\u0e37\u0e2d\u0e07","quarantine":"Cluster \u0e15\u0e25\u0e32\u0e14\u0e01\u0e25\u0e32\u0e07\u0e01\u0e38\u0e49\u0e07 \u0e2a\u0e21\u0e38\u0e17\u0e23\u0e2a\u0e32\u0e04\u0e23"},{"no":4391,"age":46.0,"sex":"\u0e0a\u0e32\u0e22","nationality":"Thailand","province_of_isolation":"\u0e2a\u0e21\u0e38\u0e17\u0e23\u0e2a\u0e32\u0e04\u0e23","notification_date":1608336000000,"announce_date":1608422400000,"province_of_onset":"\u0e2a\u0e21\u0e38\u0e17\u0e23\u0e2a\u0e32\u0e04\u0e23","district_of_onset":"\u0e40\u0e21\u0e37\u0e2d\u0e07","quarantine":"Cluster \u0e15\u0e25\u0e32\u0e14\u0e01\u0e25\u0e32\u0e07\u0e01\u0e38\u0e49\u0e07 \u0e2a\u0e21\u0e38\u0e17\u0e23\u0e2a\u0e32\u0e04\u0e23"},{"no":4392,"age":44.0,"sex":"\u0e0a\u0e32\u0e22","nationality":"Thailand","province_of_isolation":"\u0e19\u0e19\u0e17\u0e1a\u0e38\u0e23\u0e35","notification_date":1608336000000,"announce_date":1608508800000,"province_of_onset":"\u0e01\u0e23\u0e38\u0e07\u0e40\u0e17\u0e1e\u0e21\u0e2b\u0e32\u0e19\u0e04\u0e23","district_of_onset":"\u0e04\u0e25\u0e2d\u0e07\u0e40\u0e15\u0e22","quarantine":"\u0e1c\u0e39\u0e49\u0e17\u0e35\u0e48\u0e40\u0e14\u0e34\u0e19\u0e17\u0e32\u0e07\u0e21\u0e32\u0e08\u0e32\u0e01\u0e15\u0e48\u0e32\u0e07\u0e1b\u0e23\u0e30\u0e40\u0e17\u0e28 \u0e41\u0e25\u0e30\u0e40\u0e02\u0e49\u0e32 ASQ\/ALQ"},{"no":4393,"age":32.0,"sex":"\u0e0a\u0e32\u0e22","nationality":"Thailand","province_of_isolation":"\u0e2a\u0e21\u0e38\u0e17\u0e23\u0e1b\u0e23\u0e32\u0e01\u0e32\u0e23","notification_date":1608336000000,"announce_date":1608508800000,"province_of_onset":"\u0e2a\u0e21\u0e38\u0e17\u0e23\u0e1b\u0e23\u0e32\u0e01\u0e32\u0e23","district_of_onset":"\u0e1e\u0e23\u0e30\u0e1b\u0e23\u0e30\u0e41\u0e14\u0e07","quarantine":"State Quarantine"},{"no":4394,"age":48.0,"sex":"\u0e2b\u0e0d\u0e34\u0e07","nationality":"Thailand","province_of_isolation":"\u0e19\u0e04\u0e23\u0e1b\u0e10\u0e21","notification_date":1608336000000,"announce_date":1608508800000,"province_of_onset":"\u0e19\u0e04\u0e23\u0e1b\u0e10\u0e21","district_of_onset":"\u0e19\u0e04\u0e23\u0e0a\u0e31\u0e22\u0e28\u0e23\u0e35","quarantine":"Cluster \u0e15\u0e25\u0e32\u0e14\u0e01\u0e25\u0e32\u0e07\u0e01\u0e38\u0e49\u0e07 \u0e2a\u0e21\u0e38\u0e17\u0e23\u0e2a\u0e32\u0e04\u0e23"},{"no":4395,"age":21.0,"sex":"\u0e0a\u0e32\u0e22","nationality":"Thailand","province_of_isolation":"\u0e19\u0e04\u0e23\u0e1b\u0e10\u0e21","notification_date":1608336000000,"announce_date":1608508800000,"province_of_onset":"\u0e19\u0e04\u0e23\u0e1b\u0e10\u0e21","district_of_onset":"\u0e01\u0e33\u0e41\u0e1e\u0e07\u0e41\u0e2a\u0e19","quarantine":"Cluster \u0e15\u0e25\u0e32\u0e14\u0e01\u0e25\u0e32\u0e07\u0e01\u0e38\u0e49\u0e07 \u0e2a\u0e21\u0e38\u0e17\u0e23\u0e2a\u0e32\u0e04\u0e23"},{"no":4396,"age":29.0,"sex":"\u0e2b\u0e0d\u0e34\u0e07","nationality":"Thailand","province_of_isolation":"\u0e1e\u0e23\u0e30\u0e19\u0e04\u0e23\u0e28\u0e23\u0e35\u0e2d\u0e22\u0e38\u0e18\u0e22\u0e32","notification_date":1608336000000,"announce_date":1608508800000,"province_of_onset":"\u0e1e\u0e23\u0e30\u0e19\u0e04\u0e23\u0e28\u0e23\u0e35\u0e2d\u0e22\u0e38\u0e18\u0e22\u0e32","district_of_onset":"\u0e1a\u0e32\u0e07\u0e1b\u0e30\u0e2d\u0e34\u0e19","quarantine":"\u0e2d\u0e22\u0e39\u0e48\u0e23\u0e30\u0e2b\u0e27\u0e48\u0e32\u0e07\u0e01\u0e32\u0e23\u0e2a\u0e2d\u0e1a\u0e2a\u0e27\u0e19"},{"no":4397,"age":42.0,"sex":"\u0e2b\u0e0d\u0e34\u0e07","nationality":"Thailand","province_of_isolation":"\u0e2a\u0e21\u0e38\u0e17\u0e23\u0e2a\u0e32\u0e04\u0e23","notification_date":1608336000000,"announce_date":1608508800000,"province_of_onset":"\u0e2a\u0e21\u0e38\u0e17\u0e23\u0e2a\u0e32\u0e04\u0e23","district_of_onset":"\u0e40\u0e21\u0e37\u0e2d\u0e07","quarantine":"Cluster \u0e15\u0e25\u0e32\u0e14\u0e01\u0e25\u0e32\u0e07\u0e01\u0e38\u0e49\u0e07 \u0e2a\u0e21\u0e38\u0e17\u0e23\u0e2a\u0e32\u0e04\u0e23"},{"no":4398,"age":28.0,"sex":"\u0e2b\u0e0d\u0e34\u0e07","nationality":"Thailand","province_of_isolation":"\u0e2a\u0e21\u0e38\u0e17\u0e23\u0e2a\u0e32\u0e04\u0e23","notification_date":1608422400000,"announce_date":1608508800000,"province_of_onset":"\u0e2a\u0e21\u0e38\u0e17\u0e23\u0e2a\u0e32\u0e04\u0e23","district_of_onset":"\u0e40\u0e21\u0e37\u0e2d\u0e07","quarantine":"Cluster \u0e15\u0e25\u0e32\u0e14\u0e01\u0e25\u0e32\u0e07\u0e01\u0e38\u0e49\u0e07 \u0e2a\u0e21\u0e38\u0e17\u0e23\u0e2a\u0e32\u0e04\u0e23"},{"no":4399,"age":42.0,"sex":"\u0e2b\u0e0d\u0e34\u0e07","nationality":"Thailand","province_of_isolation":"\u0e01\u0e17\u0e21","notification_date":1608422400000,"announce_date":1608508800000,"province_of_onset":"\u0e01\u0e23\u0e38\u0e07\u0e40\u0e17\u0e1e\u0e21\u0e2b\u0e32\u0e19\u0e04\u0e23","district_of_onset":"\u0e27\u0e31\u0e12\u0e19\u0e32","quarantine":"\u0e1c\u0e39\u0e49\u0e17\u0e35\u0e48\u0e40\u0e14\u0e34\u0e19\u0e17\u0e32\u0e07\u0e21\u0e32\u0e08\u0e32\u0e01\u0e15\u0e48\u0e32\u0e07\u0e1b\u0e23\u0e30\u0e40\u0e17\u0e28 \u0e41\u0e25\u0e30\u0e40\u0e02\u0e49\u0e32 ASQ\/ALQ"},{"no":4400,"age":43.0,"sex":"\u0e0a\u0e32\u0e22","nationality":"Thailand","province_of_isolation":"\u0e2a\u0e21\u0e38\u0e17\u0e23\u0e2a\u0e32\u0e04\u0e23","notification_date":1608422400000,"announce_date":1608508800000,"province_of_onset":"\u0e2a\u0e21\u0e38\u0e17\u0e23\u0e2a\u0e32\u0e04\u0e23","district_of_onset":"\u0e40\u0e21\u0e37\u0e2d\u0e07","quarantine":"Cluster \u0e15\u0e25\u0e32\u0e14\u0e01\u0e25\u0e32\u0e07\u0e01\u0e38\u0e49\u0e07 \u0e2a\u0e21\u0e38\u0e17\u0e23\u0e2a\u0e32\u0e04\u0e23"},{"no":4401,"age":59.0,"sex":"\u0e2b\u0e0d\u0e34\u0e07","nationality":"Thailand","province_of_isolation":"\u0e2a\u0e21\u0e38\u0e17\u0e23\u0e2a\u0e32\u0e04\u0e23","notification_date":1608422400000,"announce_date":1608508800000,"province_of_onset":"\u0e2a\u0e21\u0e38\u0e17\u0e23\u0e2a\u0e32\u0e04\u0e23","district_of_onset":"\u0e40\u0e21\u0e37\u0e2d\u0e07","quarantine":"Cluster \u0e15\u0e25\u0e32\u0e14\u0e01\u0e25\u0e32\u0e07\u0e01\u0e38\u0e49\u0e07 \u0e2a\u0e21\u0e38\u0e17\u0e23\u0e2a\u0e32\u0e04\u0e23"},{"no":4402,"age":12.0,"sex":"\u0e0a\u0e32\u0e22","nationality":"Thailand","province_of_isolation":"\u0e01\u0e17\u0e21","notification_date":1608422400000,"announce_date":1608508800000,"province_of_onset":"\u0e01\u0e23\u0e38\u0e07\u0e40\u0e17\u0e1e\u0e21\u0e2b\u0e32\u0e19\u0e04\u0e23","district_of_onset":"\u0e1a\u0e32\u0e07\u0e01\u0e30\u0e1b\u0e34","quarantine":"\u0e1c\u0e39\u0e49\u0e17\u0e35\u0e48\u0e40\u0e14\u0e34\u0e19\u0e17\u0e32\u0e07\u0e21\u0e32\u0e08\u0e32\u0e01\u0e15\u0e48\u0e32\u0e07\u0e1b\u0e23\u0e30\u0e40\u0e17\u0e28 \u0e41\u0e25\u0e30\u0e40\u0e02\u0e49\u0e32 ASQ\/ALQ"},{"no":4404,"age":25.0,"sex":"\u0e0a\u0e32\u0e22","nationality":"Thailand","province_of_isolation":"\u0e2a\u0e21\u0e38\u0e17\u0e23\u0e2a\u0e32\u0e04\u0e23","notification_date":1608422400000,"announce_date":1608508800000,"province_of_onset":"\u0e2a\u0e21\u0e38\u0e17\u0e23\u0e2a\u0e32\u0e04\u0e23","district_of_onset":"\u0e40\u0e21\u0e37\u0e2d\u0e07","quarantine":"Cluster \u0e15\u0e25\u0e32\u0e14\u0e01\u0e25\u0e32\u0e07\u0e01\u0e38\u0e49\u0e07 \u0e2a\u0e21\u0e38\u0e17\u0e23\u0e2a\u0e32\u0e04\u0e23"},{"no":4405,"age":65.0,"sex":"\u0e0a\u0e32\u0e22","nationality":"Thailand","province_of_isolation":"\u0e0a\u0e25\u0e1a\u0e38\u0e23\u0e35","notification_date":1608422400000,"announce_date":1608508800000,"province_of_onset":"\u0e0a\u0e25\u0e1a\u0e38\u0e23\u0e35","district_of_onset":"\u0e1a\u0e32\u0e07\u0e25\u0e30\u0e21\u0e38\u0e07","quarantine":"State Quarantine"},{"no":4406,"age":30.0,"sex":"\u0e0a\u0e32\u0e22","nationality":"Thailand","province_of_isolation":"\u0e2a\u0e21\u0e38\u0e17\u0e23\u0e2a\u0e32\u0e04\u0e23","notification_date":1608422400000,"announce_date":1608508800000,"province_of_onset":"\u0e1b\u0e17\u0e38\u0e21\u0e18\u0e32\u0e19\u0e35","district_of_onset":"\u0e40\u0e21\u0e37\u0e2d\u0e07","quarantine":"Cluster \u0e15\u0e25\u0e32\u0e14\u0e01\u0e25\u0e32\u0e07\u0e01\u0e38\u0e49\u0e07 \u0e2a\u0e21\u0e38\u0e17\u0e23\u0e2a\u0e32\u0e04\u0e23"},{"no":4407,"age":23.0,"sex":"\u0e2b\u0e0d\u0e34\u0e07","nationality":"Sudan","province_of_isolation":"\u0e01\u0e17\u0e21","notification_date":1608422400000,"announce_date":1608508800000,"province_of_onset":"\u0e01\u0e23\u0e38\u0e07\u0e40\u0e17\u0e1e\u0e21\u0e2b\u0e32\u0e19\u0e04\u0e23","district_of_onset":"\u0e1a\u0e36\u0e07\u0e01\u0e38\u0e48\u0e21","quarantine":"\u0e1c\u0e39\u0e49\u0e17\u0e35\u0e48\u0e40\u0e14\u0e34\u0e19\u0e17\u0e32\u0e07\u0e21\u0e32\u0e08\u0e32\u0e01\u0e15\u0e48\u0e32\u0e07\u0e1b\u0e23\u0e30\u0e40\u0e17\u0e28 \u0e41\u0e25\u0e30\u0e40\u0e02\u0e49\u0e32 HQ\/AHQ"},{"no":4408,"age":61.0,"sex":"\u0e0a\u0e32\u0e22","nationality":"Thailand","province_of_isolation":"\u0e0a\u0e25\u0e1a\u0e38\u0e23\u0e35","notification_date":1608422400000,"announce_date":1608508800000,"province_of_onset":"\u0e0a\u0e25\u0e1a\u0e38\u0e23\u0e35","district_of_onset":"\u0e1a\u0e32\u0e07\u0e25\u0e30\u0e21\u0e38\u0e07","quarantine":"State Quarantine"},{"no":4409,"age":37.0,"sex":"\u0e0a\u0e32\u0e22","nationality":"Thailand","province_of_isolation":"\u0e2a\u0e21\u0e38\u0e17\u0e23\u0e1b\u0e23\u0e32\u0e01\u0e32\u0e23","notification_date":1608336000000,"announce_date":1608508800000,"province_of_onset":"\u0e2a\u0e21\u0e38\u0e17\u0e23\u0e1b\u0e23\u0e32\u0e01\u0e32\u0e23","district_of_onset":"\u0e40\u0e21\u0e37\u0e2d\u0e07","quarantine":"Cluster \u0e15\u0e25\u0e32\u0e14\u0e01\u0e25\u0e32\u0e07\u0e01\u0e38\u0e49\u0e07 \u0e2a\u0e21\u0e38\u0e17\u0e23\u0e2a\u0e32\u0e04\u0e23"},{"no":4410,"age":31.0,"sex":"\u0e0a\u0e32\u0e22","nationality":"Laos","province_of_isolation":"\u0e2a\u0e21\u0e38\u0e17\u0e23\u0e1b\u0e23\u0e32\u0e01\u0e32\u0e23","notification_date":1608336000000,"announce_date":1608508800000,"province_of_onset":"\u0e2a\u0e21\u0e38\u0e17\u0e23\u0e1b\u0e23\u0e32\u0e01\u0e32\u0e23","district_of_onset":"\u0e40\u0e21\u0e37\u0e2d\u0e07","quarantine":"Cluster \u0e15\u0e25\u0e32\u0e14\u0e01\u0e25\u0e32\u0e07\u0e01\u0e38\u0e49\u0e07 \u0e2a\u0e21\u0e38\u0e17\u0e23\u0e2a\u0e32\u0e04\u0e23"},{"no":4411,"age":39.0,"sex":"\u0e2b\u0e0d\u0e34\u0e07","nationality":"Thailand","province_of_isolation":"\u0e2a\u0e21\u0e38\u0e17\u0e23\u0e1b\u0e23\u0e32\u0e01\u0e32\u0e23","notification_date":1608336000000,"announce_date":1608508800000,"province_of_onset":"\u0e2a\u0e21\u0e38\u0e17\u0e23\u0e1b\u0e23\u0e32\u0e01\u0e32\u0e23","district_of_onset":"\u0e40\u0e21\u0e37\u0e2d\u0e07","quarantine":"Cluster \u0e15\u0e25\u0e32\u0e14\u0e01\u0e25\u0e32\u0e07\u0e01\u0e38\u0e49\u0e07 \u0e2a\u0e21\u0e38\u0e17\u0e23\u0e2a\u0e32\u0e04\u0e23"},{"no":4412,"age":48.0,"sex":"\u0e2b\u0e0d\u0e34\u0e07","nationality":"Thailand","province_of_isolation":"\u0e2a\u0e21\u0e38\u0e17\u0e23\u0e2a\u0e32\u0e04\u0e23","notification_date":1608422400000,"announce_date":1608508800000,"province_of_onset":"\u0e1b\u0e17\u0e38\u0e21\u0e18\u0e32\u0e19\u0e35","district_of_onset":"\u0e25\u0e33\u0e25\u0e39\u0e01\u0e01\u0e32","quarantine":"Cluster \u0e15\u0e25\u0e32\u0e14\u0e01\u0e25\u0e32\u0e07\u0e01\u0e38\u0e49\u0e07 \u0e2a\u0e21\u0e38\u0e17\u0e23\u0e2a\u0e32\u0e04\u0e23"},{"no":4413,"age":42.0,"sex":"\u0e2b\u0e0d\u0e34\u0e07","nationality":"Burma","province_of_isolation":"\u0e15\u0e32\u0e01","notification_date":1608422400000,"announce_date":1608508800000,"province_of_onset":"\u0e15\u0e32\u0e01","district_of_onset":"\u0e41\u0e21\u0e48\u0e2a\u0e2d\u0e14","quarantine":"\u0e2d\u0e22\u0e39\u0e48\u0e23\u0e30\u0e2b\u0e27\u0e48\u0e32\u0e07\u0e01\u0e32\u0e23\u0e2a\u0e2d\u0e1a\u0e2a\u0e27\u0e19"},{"no":4414,"age":41.0,"sex":"\u0e0a\u0e32\u0e22","nationality":"Thailand","province_of_isolation":"\u0e2a\u0e23\u0e30\u0e1a\u0e38\u0e23\u0e35","notification_date":1608595200000,"announce_date":1608508800000,"province_of_onset":"\u0e2a\u0e23\u0e30\u0e1a\u0e38\u0e23\u0e35","district_of_onset":"\u0e40\u0e21\u0e37\u0e2d\u0e07","quarantine":"Cluster \u0e15\u0e25\u0e32\u0e14\u0e01\u0e25\u0e32\u0e07\u0e01\u0e38\u0e49\u0e07 \u0e2a\u0e21\u0e38\u0e17\u0e23\u0e2a\u0e32\u0e04\u0e23"},{"no":4415,"age":45.0,"sex":"\u0e2b\u0e0d\u0e34\u0e07","nationality":"Thailand","province_of_isolation":"\u0e2a\u0e23\u0e30\u0e1a\u0e38\u0e23\u0e35","notification_date":1608595200000,"announce_date":1608508800000,"province_of_onset":"\u0e2a\u0e23\u0e30\u0e1a\u0e38\u0e23\u0e35","district_of_onset":"\u0e40\u0e21\u0e37\u0e2d\u0e07","quarantine":"\u0e2a\u0e31\u0e21\u0e1c\u0e31\u0e2a\u0e43\u0e01\u0e25\u0e49\u0e0a\u0e34\u0e14\u0e01\u0e31\u0e1a\u0e1c\u0e39\u0e49\u0e1b\u0e48\u0e27\u0e22\u0e22\u0e37\u0e19\u0e22\u0e31\u0e19\u0e23\u0e32\u0e22\u0e01\u0e48\u0e2d\u0e19\u0e2b\u0e19\u0e49\u0e32\u0e19\u0e35\u0e49"},{"no":4416,"age":21.0,"sex":"\u0e2b\u0e0d\u0e34\u0e07","nationality":"Thailand","province_of_isolation":"\u0e2a\u0e23\u0e30\u0e1a\u0e38\u0e23\u0e35","notification_date":1608595200000,"announce_date":1608508800000,"province_of_onset":"\u0e2a\u0e23\u0e30\u0e1a\u0e38\u0e23\u0e35","district_of_onset":"\u0e40\u0e21\u0e37\u0e2d\u0e07","quarantine":"Cluster \u0e15\u0e25\u0e32\u0e14\u0e01\u0e25\u0e32\u0e07\u0e01\u0e38\u0e49\u0e07 \u0e2a\u0e21\u0e38\u0e17\u0e23\u0e2a\u0e32\u0e04\u0e23"},{"no":4417,"age":24.0,"sex":"\u0e2b\u0e0d\u0e34\u0e07","nationality":"Thailand","province_of_isolation":"\u0e09\u0e30\u0e40\u0e0a\u0e34\u0e07\u0e40\u0e17\u0e23\u0e32","notification_date":1608595200000,"announce_date":1608508800000,"province_of_onset":"\u0e09\u0e30\u0e40\u0e0a\u0e34\u0e07\u0e40\u0e17\u0e23\u0e32","district_of_onset":"\u0e1a\u0e32\u0e07\u0e1b\u0e23\u0e30\u0e01\u0e07","quarantine":"Cluster \u0e15\u0e25\u0e32\u0e14\u0e01\u0e25\u0e32\u0e07\u0e01\u0e38\u0e49\u0e07 \u0e2a\u0e21\u0e38\u0e17\u0e23\u0e2a\u0e32\u0e04\u0e23"},{"no":4418,"age":42.0,"sex":"\u0e0a\u0e32\u0e22","nationality":"Thailand","province_of_isolation":"\u0e1b\u0e17\u0e38\u0e21\u0e18\u0e32\u0e19\u0e35","notification_date":1608595200000,"announce_date":1608508800000,"province_of_onset":"\u0e1b\u0e17\u0e38\u0e21\u0e18\u0e32\u0e19\u0e35","district_of_onset":"\u0e18\u0e31\u0e0d\u0e1a\u0e38\u0e23\u0e35","quarantine":"Cluster \u0e15\u0e25\u0e32\u0e14\u0e01\u0e25\u0e32\u0e07\u0e01\u0e38\u0e49\u0e07 \u0e2a\u0e21\u0e38\u0e17\u0e23\u0e2a\u0e32\u0e04\u0e23"},{"no":4419,"age":37.0,"sex":"\u0e2b\u0e0d\u0e34\u0e07","nationality":"Thailand","province_of_isolation":"\u0e1b\u0e17\u0e38\u0e21\u0e18\u0e32\u0e19\u0e35","notification_date":1608595200000,"announce_date":1608508800000,"province_of_onset":"\u0e1b\u0e17\u0e38\u0e21\u0e18\u0e32\u0e19\u0e35","district_of_onset":"\u0e18\u0e31\u0e0d\u0e1a\u0e38\u0e23\u0e35","quarantine":"Cluster \u0e15\u0e25\u0e32\u0e14\u0e01\u0e25\u0e32\u0e07\u0e01\u0e38\u0e49\u0e07 \u0e2a\u0e21\u0e38\u0e17\u0e23\u0e2a\u0e32\u0e04\u0e23"},{"no":4420,"age":57.0,"sex":"\u0e2b\u0e0d\u0e34\u0e07","nationality":"Thailand","province_of_isolation":"\u0e19\u0e04\u0e23\u0e1b\u0e10\u0e21","notification_date":1608595200000,"announce_date":1608508800000,"province_of_onset":"\u0e19\u0e04\u0e23\u0e1b\u0e10\u0e21","district_of_onset":"\u0e1a\u0e32\u0e07\u0e40\u0e25\u0e19","quarantine":"Cluster \u0e15\u0e25\u0e32\u0e14\u0e01\u0e25\u0e32\u0e07\u0e01\u0e38\u0e49\u0e07 \u0e2a\u0e21\u0e38\u0e17\u0e23\u0e2a\u0e32\u0e04\u0e23"},{"no":4421,"age":51.0,"sex":"\u0e0a\u0e32\u0e22","nationality":"Italy","province_of_isolation":"\u0e01\u0e17\u0e21","notification_date":1608595200000,"announce_date":1608508800000,"province_of_onset":"\u0e01\u0e23\u0e38\u0e07\u0e40\u0e17\u0e1e\u0e21\u0e2b\u0e32\u0e19\u0e04\u0e23","district_of_onset":"\u0e1b\u0e17\u0e38\u0e38\u0e21\u0e27\u0e31\u0e19","quarantine":"\u0e1c\u0e39\u0e49\u0e17\u0e35\u0e48\u0e40\u0e14\u0e34\u0e19\u0e17\u0e32\u0e07\u0e21\u0e32\u0e08\u0e32\u0e01\u0e15\u0e48\u0e32\u0e07\u0e1b\u0e23\u0e30\u0e40\u0e17\u0e28 \u0e41\u0e25\u0e30\u0e40\u0e02\u0e49\u0e32 ASQ\/ALQ"},{"no":4422,"age":26.0,"sex":"\u0e0a\u0e32\u0e22","nationality":"Thailand","province_of_isolation":"\u0e1b\u0e17\u0e38\u0e21\u0e18\u0e32\u0e19\u0e35","notification_date":1608595200000,"announce_date":1608508800000,"province_of_onset":"\u0e1b\u0e17\u0e38\u0e21\u0e18\u0e32\u0e19\u0e35","district_of_onset":"\u0e04\u0e25\u0e2d\u0e07\u0e2b\u0e25\u0e27\u0e07","quarantine":"\u0e44\u0e1b\u0e2a\u0e16\u0e32\u0e19\u0e17\u0e35\u0e48\u0e0a\u0e38\u0e21\u0e0a\u0e19 \u0e40\u0e0a\u0e48\u0e19 \u0e15\u0e25\u0e32\u0e14\u0e19\u0e31\u0e14 \u0e2a\u0e16\u0e32\u0e19\u0e17\u0e35\u0e48\u0e17\u0e48\u0e2d\u0e07\u0e40\u0e17\u0e35\u0e48\u0e22\u0e27"},{"no":4423,"age":42.0,"sex":"\u0e0a\u0e32\u0e22","nationality":"France","province_of_isolation":"\u0e19\u0e19\u0e17\u0e1a\u0e38\u0e23\u0e35","notification_date":1608595200000,"announce_date":1608508800000,"province_of_onset":"\u0e01\u0e23\u0e38\u0e07\u0e40\u0e17\u0e1e\u0e21\u0e2b\u0e32\u0e19\u0e04\u0e23","district_of_onset":"\u0e27\u0e31\u0e12\u0e19\u0e32","quarantine":"\u0e1c\u0e39\u0e49\u0e17\u0e35\u0e48\u0e40\u0e14\u0e34\u0e19\u0e17\u0e32\u0e07\u0e21\u0e32\u0e08\u0e32\u0e01\u0e15\u0e48\u0e32\u0e07\u0e1b\u0e23\u0e30\u0e40\u0e17\u0e28 \u0e41\u0e25\u0e30\u0e40\u0e02\u0e49\u0e32 ASQ\/ALQ"},{"no":4424,"age":36.0,"sex":"\u0e2b\u0e0d\u0e34\u0e07","nationality":"Thailand","province_of_isolation":"\u0e0a\u0e25\u0e1a\u0e38\u0e23\u0e35","notification_date":1608595200000,"announce_date":1608508800000,"province_of_onset":"\u0e0a\u0e25\u0e1a\u0e38\u0e23\u0e35","district_of_onset":"\u0e1a\u0e32\u0e07\u0e25\u0e30\u0e21\u0e38\u0e07","quarantine":"State Quarantine"},{"no":4425,"age":61.0,"sex":"\u0e2b\u0e0d\u0e34\u0e07","nationality":"Thailand","province_of_isolation":"\u0e0a\u0e25\u0e1a\u0e38\u0e23\u0e35","notification_date":1608595200000,"announce_date":1608508800000,"province_of_onset":"\u0e0a\u0e25\u0e1a\u0e38\u0e23\u0e35","district_of_onset":"\u0e1a\u0e32\u0e07\u0e25\u0e30\u0e21\u0e38\u0e07","quarantine":"State Quarantine"},{"no":4426,"age":33.0,"sex":"\u0e0a\u0e32\u0e22","nationality":"Pakistan","province_of_isolation":"\u0e01\u0e17\u0e21","notification_date":1608595200000,"announce_date":1608508800000,"province_of_onset":"\u0e01\u0e23\u0e38\u0e07\u0e40\u0e17\u0e1e\u0e21\u0e2b\u0e32\u0e19\u0e04\u0e23","district_of_onset":"\u0e1e\u0e23\u0e30\u0e19\u0e04\u0e23","quarantine":"\u0e1c\u0e39\u0e49\u0e17\u0e35\u0e48\u0e40\u0e14\u0e34\u0e19\u0e17\u0e32\u0e07\u0e21\u0e32\u0e08\u0e32\u0e01\u0e15\u0e48\u0e32\u0e07\u0e1b\u0e23\u0e30\u0e40\u0e17\u0e28 \u0e41\u0e25\u0e30\u0e40\u0e02\u0e49\u0e32 ASQ\/ALQ"},{"no":4427,"age":35.0,"sex":"\u0e0a\u0e32\u0e22","nationality":"Thailand","province_of_isolation":"\u0e0a\u0e25\u0e1a\u0e38\u0e23\u0e35","notification_date":1608595200000,"announce_date":1608508800000,"province_of_onset":"\u0e0a\u0e25\u0e1a\u0e38\u0e23\u0e35","district_of_onset":"\u0e1a\u0e32\u0e07\u0e25\u0e30\u0e21\u0e38\u0e07","quarantine":"State Quarantine"},{"no":4428,"age":50.0,"sex":"\u0e2b\u0e0d\u0e34\u0e07","nationality":"Thailand","province_of_isolation":"\u0e40\u0e1e\u0e0a\u0e23\u0e1a\u0e38\u0e23\u0e35","notification_date":1608595200000,"announce_date":1608508800000,"province_of_onset":"\u0e40\u0e1e\u0e0a\u0e23\u0e1a\u0e38\u0e23\u0e35","district_of_onset":"\u0e1a\u0e49\u0e32\u0e19\u0e41\u0e2b\u0e25\u0e21","quarantine":"Cluster \u0e15\u0e25\u0e32\u0e14\u0e01\u0e25\u0e32\u0e07\u0e01\u0e38\u0e49\u0e07 \u0e2a\u0e21\u0e38\u0e17\u0e23\u0e2a\u0e32\u0e04\u0e23"},{"no":4429,"age":54.0,"sex":"\u0e0a\u0e32\u0e22","nationality":"Thailand","province_of_isolation":"\u0e0a\u0e25\u0e1a\u0e38\u0e23\u0e35","notification_date":1608595200000,"announce_date":1608508800000,"province_of_onset":"\u0e0a\u0e25\u0e1a\u0e38\u0e23\u0e35","district_of_onset":"\u0e1a\u0e32\u0e07\u0e25\u0e30\u0e21\u0e38\u0e07","quarantine":"State Quarantine"},{"no":4430,"age":37.0,"sex":"\u0e2b\u0e0d\u0e34\u0e07","nationality":"Thailand","province_of_isolation":"\u0e0a\u0e25\u0e1a\u0e38\u0e23\u0e35","notification_date":1608595200000,"announce_date":1608508800000,"province_of_onset":"\u0e0a\u0e25\u0e1a\u0e38\u0e23\u0e35","district_of_onset":"\u0e1a\u0e32\u0e07\u0e25\u0e30\u0e21\u0e38\u0e07","quarantine":"State Quarantine"},{"no":4431,"age":35.0,"sex":"\u0e0a\u0e32\u0e22","nationality":"Thailand","province_of_isolation":"\u0e0a\u0e25\u0e1a\u0e38\u0e23\u0e35","notification_date":1608595200000,"announce_date":1608508800000,"province_of_onset":"\u0e0a\u0e25\u0e1a\u0e38\u0e23\u0e35","district_of_onset":"\u0e1a\u0e32\u0e07\u0e25\u0e30\u0e21\u0e38\u0e07","quarantine":"State Quarantine"},{"no":4432,"age":47.0,"sex":"\u0e0a\u0e32\u0e22","nationality":"Thailand","province_of_isolation":"\u0e0a\u0e25\u0e1a\u0e38\u0e23\u0e35","notification_date":1608595200000,"announce_date":1608508800000,"province_of_onset":"\u0e0a\u0e25\u0e1a\u0e38\u0e23\u0e35","district_of_onset":"\u0e1a\u0e32\u0e07\u0e25\u0e30\u0e21\u0e38\u0e07","quarantine":"State Quarantine"},{"no":4433,"age":22.0,"sex":"\u0e0a\u0e32\u0e22","nationality":"Thailand","province_of_isolation":"\u0e0a\u0e25\u0e1a\u0e38\u0e23\u0e35","notification_date":1608595200000,"announce_date":1608508800000,"province_of_onset":"\u0e0a\u0e25\u0e1a\u0e38\u0e23\u0e35","district_of_onset":"\u0e1a\u0e32\u0e07\u0e25\u0e30\u0e21\u0e38\u0e07","quarantine":"State Quarantine"},{"no":4434,"age":49.0,"sex":"\u0e2b\u0e0d\u0e34\u0e07","nationality":"Thailand","province_of_isolation":"\u0e01\u0e17\u0e21","notification_date":1608595200000,"announce_date":1608595200000,"province_of_onset":"\u0e01\u0e23\u0e38\u0e07\u0e40\u0e17\u0e1e\u0e21\u0e2b\u0e32\u0e19\u0e04\u0e23","district_of_onset":"\u0e2b\u0e19\u0e2d\u0e07\u0e41\u0e02\u0e21","quarantine":"\u0e2a\u0e31\u0e21\u0e1c\u0e31\u0e2a\u0e43\u0e01\u0e25\u0e49\u0e0a\u0e34\u0e14\u0e01\u0e31\u0e1a\u0e1c\u0e39\u0e49\u0e1b\u0e48\u0e27\u0e22\u0e22\u0e37\u0e19\u0e22\u0e31\u0e19\u0e23\u0e32\u0e22\u0e01\u0e48\u0e2d\u0e19\u0e2b\u0e19\u0e49\u0e32\u0e19\u0e35\u0e49"},{"no":4435,"age":37.0,"sex":"\u0e0a\u0e32\u0e22","nationality":"Thailand","province_of_isolation":"\u0e01\u0e17\u0e21","notification_date":1608595200000,"announce_date":1608508800000,"province_of_onset":"\u0e01\u0e23\u0e38\u0e07\u0e40\u0e17\u0e1e\u0e21\u0e2b\u0e32\u0e19\u0e04\u0e23","district_of_onset":"\u0e04\u0e25\u0e2d\u0e07\u0e2a\u0e32\u0e21\u0e27\u0e32","quarantine":"\u0e2a\u0e31\u0e21\u0e1c\u0e31\u0e2a\u0e43\u0e01\u0e25\u0e49\u0e0a\u0e34\u0e14\u0e01\u0e31\u0e1a\u0e1c\u0e39\u0e49\u0e1b\u0e48\u0e27\u0e22\u0e22\u0e37\u0e19\u0e22\u0e31\u0e19\u0e23\u0e32\u0e22\u0e01\u0e48\u0e2d\u0e19\u0e2b\u0e19\u0e49\u0e32\u0e19\u0e35\u0e49"},{"no":4436,"age":15.0,"sex":"\u0e0a\u0e32\u0e22","nationality":"Sudan","province_of_isolation":"\u0e01\u0e17\u0e21","notification_date":1608595200000,"announce_date":1608508800000,"province_of_onset":"\u0e01\u0e23\u0e38\u0e07\u0e40\u0e17\u0e1e\u0e21\u0e2b\u0e32\u0e19\u0e04\u0e23","district_of_onset":"\u0e08\u0e2d\u0e21\u0e17\u0e2d\u0e07","quarantine":"\u0e1c\u0e39\u0e49\u0e17\u0e35\u0e48\u0e40\u0e14\u0e34\u0e19\u0e17\u0e32\u0e07\u0e21\u0e32\u0e08\u0e32\u0e01\u0e15\u0e48\u0e32\u0e07\u0e1b\u0e23\u0e30\u0e40\u0e17\u0e28 \u0e41\u0e25\u0e30\u0e40\u0e02\u0e49\u0e32 ASQ\/ALQ"},{"no":4437,"age":28.0,"sex":"\u0e0a\u0e32\u0e22","nationality":"Thailand","province_of_isolation":"\u0e01\u0e17\u0e21","notification_date":1608595200000,"announce_date":1608508800000,"province_of_onset":"\u0e09\u0e30\u0e40\u0e0a\u0e34\u0e07\u0e40\u0e17\u0e23\u0e32","district_of_onset":"\u0e1a\u0e32\u0e07\u0e1b\u0e23\u0e30\u0e01\u0e07","quarantine":"Cluster \u0e15\u0e25\u0e32\u0e14\u0e01\u0e25\u0e32\u0e07\u0e01\u0e38\u0e49\u0e07 \u0e2a\u0e21\u0e38\u0e17\u0e23\u0e2a\u0e32\u0e04\u0e23"},{"no":4438,"age":48.0,"sex":"\u0e2b\u0e0d\u0e34\u0e07","nationality":"Thailand","province_of_isolation":"\u0e2d\u0e38\u0e15\u0e23\u0e14\u0e34\u0e15\u0e16\u0e4c","notification_date":1608595200000,"announce_date":1608508800000,"province_of_onset":"\u0e2d\u0e38\u0e15\u0e23\u0e14\u0e34\u0e15\u0e16\u0e4c","district_of_onset":null,"quarantine":"Cluster \u0e15\u0e25\u0e32\u0e14\u0e01\u0e25\u0e32\u0e07\u0e01\u0e38\u0e49\u0e07 \u0e2a\u0e21\u0e38\u0e17\u0e23\u0e2a\u0e32\u0e04\u0e23"},{"no":4439,"age":36.0,"sex":"\u0e2b\u0e0d\u0e34\u0e07","nationality":"Thailand","province_of_isolation":"\u0e01\u0e17\u0e21","notification_date":1608595200000,"announce_date":1608508800000,"province_of_onset":"\u0e01\u0e23\u0e38\u0e07\u0e40\u0e17\u0e1e\u0e21\u0e2b\u0e32\u0e19\u0e04\u0e23","district_of_onset":"\u0e21\u0e35\u0e19\u0e1a\u0e38\u0e23\u0e35","quarantine":"\u0e2a\u0e31\u0e21\u0e1c\u0e31\u0e2a\u0e43\u0e01\u0e25\u0e49\u0e0a\u0e34\u0e14\u0e01\u0e31\u0e1a\u0e1c\u0e39\u0e49\u0e1b\u0e48\u0e27\u0e22\u0e22\u0e37\u0e19\u0e22\u0e31\u0e19\u0e23\u0e32\u0e22\u0e01\u0e48\u0e2d\u0e19\u0e2b\u0e19\u0e49\u0e32\u0e19\u0e35\u0e49"},{"no":4440,"age":17.0,"sex":"\u0e0a\u0e32\u0e22","nationality":"Sudan","province_of_isolation":"\u0e01\u0e17\u0e21","notification_date":1608595200000,"announce_date":1608508800000,"province_of_onset":"\u0e01\u0e23\u0e38\u0e07\u0e40\u0e17\u0e1e\u0e21\u0e2b\u0e32\u0e19\u0e04\u0e23","district_of_onset":"\u0e08\u0e2d\u0e21\u0e17\u0e2d\u0e07","quarantine":"\u0e1c\u0e39\u0e49\u0e17\u0e35\u0e48\u0e40\u0e14\u0e34\u0e19\u0e17\u0e32\u0e07\u0e21\u0e32\u0e08\u0e32\u0e01\u0e15\u0e48\u0e32\u0e07\u0e1b\u0e23\u0e30\u0e40\u0e17\u0e28 \u0e41\u0e25\u0e30\u0e40\u0e02\u0e49\u0e32 ASQ\/ALQ"},{"no":4441,"age":54.0,"sex":"\u0e2b\u0e0d\u0e34\u0e07","nationality":"Thailand","province_of_isolation":"\u0e01\u0e17\u0e21","notification_date":1608595200000,"announce_date":1608508800000,"province_of_onset":"\u0e01\u0e23\u0e38\u0e07\u0e40\u0e17\u0e1e\u0e21\u0e2b\u0e32\u0e19\u0e04\u0e23","district_of_onset":"\u0e1a\u0e32\u0e07\u0e01\u0e30\u0e1b\u0e34","quarantine":"\u0e2a\u0e31\u0e21\u0e1c\u0e31\u0e2a\u0e43\u0e01\u0e25\u0e49\u0e0a\u0e34\u0e14\u0e01\u0e31\u0e1a\u0e1c\u0e39\u0e49\u0e1b\u0e48\u0e27\u0e22\u0e22\u0e37\u0e19\u0e22\u0e31\u0e19\u0e23\u0e32\u0e22\u0e01\u0e48\u0e2d\u0e19\u0e2b\u0e19\u0e49\u0e32\u0e19\u0e35\u0e49"},{"no":4442,"age":66.0,"sex":"\u0e2b\u0e0d\u0e34\u0e07","nationality":"Thailand","province_of_isolation":"\u0e01\u0e17\u0e21","notification_date":1608595200000,"announce_date":1608508800000,"province_of_onset":"\u0e01\u0e23\u0e38\u0e07\u0e40\u0e17\u0e1e\u0e21\u0e2b\u0e32\u0e19\u0e04\u0e23","district_of_onset":"\u0e14\u0e2d\u0e19\u0e40\u0e21\u0e37\u0e2d\u0e07","quarantine":"\u0e2a\u0e31\u0e21\u0e1c\u0e31\u0e2a\u0e43\u0e01\u0e25\u0e49\u0e0a\u0e34\u0e14\u0e01\u0e31\u0e1a\u0e1c\u0e39\u0e49\u0e1b\u0e48\u0e27\u0e22\u0e22\u0e37\u0e19\u0e22\u0e31\u0e19\u0e23\u0e32\u0e22\u0e01\u0e48\u0e2d\u0e19\u0e2b\u0e19\u0e49\u0e32\u0e19\u0e35\u0e49"},{"no":4443,"age":41.0,"sex":"\u0e2b\u0e0d\u0e34\u0e07","nationality":"Russia","province_of_isolation":"\u0e01\u0e17\u0e21","notification_date":1608595200000,"announce_date":1608508800000,"province_of_onset":"\u0e01\u0e23\u0e38\u0e07\u0e40\u0e17\u0e1e\u0e21\u0e2b\u0e32\u0e19\u0e04\u0e23","district_of_onset":"\u0e1a\u0e32\u0e07\u0e23\u0e31\u0e01","quarantine":"\u0e1c\u0e39\u0e49\u0e17\u0e35\u0e48\u0e40\u0e14\u0e34\u0e19\u0e17\u0e32\u0e07\u0e21\u0e32\u0e08\u0e32\u0e01\u0e15\u0e48\u0e32\u0e07\u0e1b\u0e23\u0e30\u0e40\u0e17\u0e28 \u0e41\u0e25\u0e30\u0e40\u0e02\u0e49\u0e32 ASQ\/ALQ"},{"no":4444,"age":52.0,"sex":"\u0e2b\u0e0d\u0e34\u0e07","nationality":"Thailand","province_of_isolation":"\u0e01\u0e17\u0e21","notification_date":1608595200000,"announce_date":1608508800000,"province_of_onset":"\u0e2a\u0e21\u0e38\u0e17\u0e23\u0e2a\u0e32\u0e04\u0e23","district_of_onset":"\u0e40\u0e21\u0e37\u0e2d\u0e07","quarantine":"Cluster \u0e15\u0e25\u0e32\u0e14\u0e01\u0e25\u0e32\u0e07\u0e01\u0e38\u0e49\u0e07 \u0e2a\u0e21\u0e38\u0e17\u0e23\u0e2a\u0e32\u0e04\u0e23"},{"no":4445,"age":28.0,"sex":"\u0e0a\u0e32\u0e22","nationality":"China","province_of_isolation":"\u0e01\u0e17\u0e21","notification_date":1608595200000,"announce_date":1608508800000,"province_of_onset":"\u0e01\u0e23\u0e38\u0e07\u0e40\u0e17\u0e1e\u0e21\u0e2b\u0e32\u0e19\u0e04\u0e23","district_of_onset":"\u0e04\u0e25\u0e2d\u0e07\u0e40\u0e15\u0e22","quarantine":"\u0e2d\u0e37\u0e48\u0e19\u0e46"},{"no":4446,"age":53.0,"sex":"\u0e2b\u0e0d\u0e34\u0e07","nationality":"Thailand","province_of_isolation":"\u0e0a\u0e25\u0e1a\u0e38\u0e23\u0e35","notification_date":1608681600000,"announce_date":1608508800000,"province_of_onset":"\u0e0a\u0e25\u0e1a\u0e38\u0e23\u0e35","district_of_onset":"\u0e1a\u0e32\u0e07\u0e25\u0e30\u0e21\u0e38\u0e07","quarantine":"State Quarantine"},{"no":4447,"age":38.0,"sex":"\u0e2b\u0e0d\u0e34\u0e07","nationality":"Thailand","province_of_isolation":"\u0e0a\u0e25\u0e1a\u0e38\u0e23\u0e35","notification_date":1608681600000,"announce_date":1608508800000,"province_of_onset":"\u0e0a\u0e25\u0e1a\u0e38\u0e23\u0e35","district_of_onset":"\u0e1a\u0e32\u0e07\u0e25\u0e30\u0e21\u0e38\u0e07","quarantine":"State Quarantine"},{"no":4448,"age":34.0,"sex":"\u0e0a\u0e32\u0e22","nationality":"Thailand","province_of_isolation":"\u0e19\u0e04\u0e23\u0e1b\u0e10\u0e21","notification_date":1608681600000,"announce_date":1608595200000,"province_of_onset":"\u0e19\u0e04\u0e23\u0e1b\u0e10\u0e21","district_of_onset":"\u0e1a\u0e32\u0e07\u0e40\u0e25\u0e19","quarantine":"Cluster \u0e15\u0e25\u0e32\u0e14\u0e01\u0e25\u0e32\u0e07\u0e01\u0e38\u0e49\u0e07 \u0e2a\u0e21\u0e38\u0e17\u0e23\u0e2a\u0e32\u0e04\u0e23"},{"no":4449,"age":37.0,"sex":"\u0e0a\u0e32\u0e22","nationality":"Thailand","province_of_isolation":"\u0e19\u0e04\u0e23\u0e1b\u0e10\u0e21","notification_date":1608681600000,"announce_date":1608595200000,"province_of_onset":"\u0e19\u0e04\u0e23\u0e1b\u0e10\u0e21","district_of_onset":"\u0e1a\u0e32\u0e07\u0e40\u0e25\u0e19","quarantine":"Cluster \u0e15\u0e25\u0e32\u0e14\u0e01\u0e25\u0e32\u0e07\u0e01\u0e38\u0e49\u0e07 \u0e2a\u0e21\u0e38\u0e17\u0e23\u0e2a\u0e32\u0e04\u0e23"},{"no":4450,"age":46.0,"sex":"\u0e0a\u0e32\u0e22","nationality":"Thailand","province_of_isolation":"\u0e19\u0e04\u0e23\u0e1b\u0e10\u0e21","notification_date":1608681600000,"announce_date":1608595200000,"province_of_onset":"\u0e19\u0e04\u0e23\u0e1b\u0e10\u0e21","district_of_onset":"\u0e1a\u0e32\u0e07\u0e40\u0e25\u0e19","quarantine":"Cluster \u0e15\u0e25\u0e32\u0e14\u0e01\u0e25\u0e32\u0e07\u0e01\u0e38\u0e49\u0e07 \u0e2a\u0e21\u0e38\u0e17\u0e23\u0e2a\u0e32\u0e04\u0e23"},{"no":4451,"age":32.0,"sex":"\u0e0a\u0e32\u0e22","nationality":"Thailand","province_of_isolation":"\u0e01\u0e17\u0e21","notification_date":1608681600000,"announce_date":1608595200000,"province_of_onset":"\u0e19\u0e04\u0e23\u0e1b\u0e10\u0e21","district_of_onset":"\u0e01\u0e33\u0e41\u0e1e\u0e07\u0e41\u0e2a\u0e19","quarantine":"Cluster \u0e15\u0e25\u0e32\u0e14\u0e01\u0e25\u0e32\u0e07\u0e01\u0e38\u0e49\u0e07 \u0e2a\u0e21\u0e38\u0e17\u0e23\u0e2a\u0e32\u0e04\u0e23"},{"no":4452,"age":63.0,"sex":"\u0e0a\u0e32\u0e22","nationality":"Thailand","province_of_isolation":"\u0e19\u0e19\u0e17\u0e1a\u0e38\u0e23\u0e35","notification_date":1608681600000,"announce_date":1608595200000,"province_of_onset":"\u0e19\u0e19\u0e17\u0e1a\u0e38\u0e23\u0e35","district_of_onset":"\u0e40\u0e21\u0e37\u0e2d\u0e07","quarantine":"\u0e44\u0e1b\u0e2a\u0e16\u0e32\u0e19\u0e17\u0e35\u0e48\u0e0a\u0e38\u0e21\u0e0a\u0e19 \u0e40\u0e0a\u0e48\u0e19 \u0e15\u0e25\u0e32\u0e14\u0e19\u0e31\u0e14 \u0e2a\u0e16\u0e32\u0e19\u0e17\u0e35\u0e48\u0e17\u0e48\u0e2d\u0e07\u0e40\u0e17\u0e35\u0e48\u0e22\u0e27"},{"no":4453,"age":35.0,"sex":"\u0e2b\u0e0d\u0e34\u0e07","nationality":"Thailand","province_of_isolation":"\u0e2a\u0e38\u0e1e\u0e23\u0e23\u0e13\u0e1a\u0e38\u0e23\u0e35","notification_date":1608681600000,"announce_date":1608595200000,"province_of_onset":"\u0e2a\u0e38\u0e1e\u0e23\u0e23\u0e13\u0e1a\u0e38\u0e23\u0e35","district_of_onset":"\u0e2a\u0e2d\u0e07\u0e1e\u0e35\u0e48\u0e19\u0e49\u0e2d\u0e07","quarantine":"Cluster \u0e15\u0e25\u0e32\u0e14\u0e01\u0e25\u0e32\u0e07\u0e01\u0e38\u0e49\u0e07 \u0e2a\u0e21\u0e38\u0e17\u0e23\u0e2a\u0e32\u0e04\u0e23"},{"no":4454,"age":55.0,"sex":"\u0e0a\u0e32\u0e22","nationality":"Pakistan","province_of_isolation":"\u0e01\u0e17\u0e21","notification_date":1608681600000,"announce_date":1608595200000,"province_of_onset":"\u0e01\u0e23\u0e38\u0e07\u0e40\u0e17\u0e1e\u0e21\u0e2b\u0e32\u0e19\u0e04\u0e23","district_of_onset":"\u0e27\u0e31\u0e12\u0e19\u0e32","quarantine":"\u0e1c\u0e39\u0e49\u0e17\u0e35\u0e48\u0e40\u0e14\u0e34\u0e19\u0e17\u0e32\u0e07\u0e21\u0e32\u0e08\u0e32\u0e01\u0e15\u0e48\u0e32\u0e07\u0e1b\u0e23\u0e30\u0e40\u0e17\u0e28 \u0e41\u0e25\u0e30\u0e40\u0e02\u0e49\u0e32 HQ\/AHQ"},{"no":4455,"age":29.0,"sex":"\u0e2b\u0e0d\u0e34\u0e07","nationality":"Thailand","province_of_isolation":"\u0e40\u0e0a\u0e35\u0e22\u0e07\u0e23\u0e32\u0e22","notification_date":1608681600000,"announce_date":1608595200000,"province_of_onset":"\u0e40\u0e0a\u0e35\u0e22\u0e07\u0e23\u0e32\u0e22","district_of_onset":"\u0e40\u0e21\u0e37\u0e2d\u0e07","quarantine":"State Quarantine"},{"no":4456,"age":64.0,"sex":"\u0e0a\u0e32\u0e22","nationality":"Thailand","province_of_isolation":"\u0e40\u0e1e\u0e0a\u0e23\u0e1a\u0e39\u0e23\u0e13\u0e4c","notification_date":1608681600000,"announce_date":1608595200000,"province_of_onset":"\u0e40\u0e1e\u0e0a\u0e23\u0e1a\u0e39\u0e23\u0e13\u0e4c","district_of_onset":"\u0e2b\u0e19\u0e2d\u0e07\u0e44\u0e1c\u0e48","quarantine":"Cluster \u0e15\u0e25\u0e32\u0e14\u0e01\u0e25\u0e32\u0e07\u0e01\u0e38\u0e49\u0e07 \u0e2a\u0e21\u0e38\u0e17\u0e23\u0e2a\u0e32\u0e04\u0e23"},{"no":4457,"age":52.0,"sex":"\u0e0a\u0e32\u0e22","nationality":"Thailand","province_of_isolation":"\u0e2a\u0e21\u0e38\u0e17\u0e23\u0e1b\u0e23\u0e32\u0e01\u0e32\u0e23","notification_date":1608681600000,"announce_date":1608595200000,"province_of_onset":"\u0e2a\u0e21\u0e38\u0e17\u0e23\u0e1b\u0e23\u0e32\u0e01\u0e32\u0e23","district_of_onset":"\u0e40\u0e21\u0e37\u0e2d\u0e07","quarantine":"Cluster \u0e15\u0e25\u0e32\u0e14\u0e01\u0e25\u0e32\u0e07\u0e01\u0e38\u0e49\u0e07 \u0e2a\u0e21\u0e38\u0e17\u0e23\u0e2a\u0e32\u0e04\u0e23"},{"no":4458,"age":57.0,"sex":"\u0e0a\u0e32\u0e22","nationality":"Thailand","province_of_isolation":"\u0e19\u0e04\u0e23\u0e23\u0e32\u0e0a\u0e2a\u0e35\u0e21\u0e32","notification_date":1608681600000,"announce_date":1608595200000,"province_of_onset":"\u0e19\u0e04\u0e23\u0e23\u0e32\u0e0a\u0e2a\u0e35\u0e21\u0e32","district_of_onset":"\u0e1e\u0e34\u0e21\u0e32\u0e22","quarantine":"Cluster \u0e15\u0e25\u0e32\u0e14\u0e01\u0e25\u0e32\u0e07\u0e01\u0e38\u0e49\u0e07 \u0e2a\u0e21\u0e38\u0e17\u0e23\u0e2a\u0e32\u0e04\u0e23"},{"no":4459,"age":41.0,"sex":"\u0e0a\u0e32\u0e22","nationality":"Thailand","province_of_isolation":"\u0e01\u0e17\u0e21","notification_date":1608681600000,"announce_date":1608595200000,"province_of_onset":"\u0e01\u0e23\u0e38\u0e07\u0e40\u0e17\u0e1e\u0e21\u0e2b\u0e32\u0e19\u0e04\u0e23","district_of_onset":"\u0e25\u0e32\u0e14\u0e1e\u0e23\u0e49\u0e32\u0e27","quarantine":"\u0e2a\u0e31\u0e21\u0e1c\u0e31\u0e2a\u0e43\u0e01\u0e25\u0e49\u0e0a\u0e34\u0e14\u0e01\u0e31\u0e1a\u0e1c\u0e39\u0e49\u0e1b\u0e48\u0e27\u0e22\u0e22\u0e37\u0e19\u0e22\u0e31\u0e19\u0e23\u0e32\u0e22\u0e01\u0e48\u0e2d\u0e19\u0e2b\u0e19\u0e49\u0e32\u0e19\u0e35\u0e49"},{"no":4460,"age":23.0,"sex":"\u0e0a\u0e32\u0e22","nationality":"Thailand","province_of_isolation":"\u0e1b\u0e23\u0e32\u0e08\u0e35\u0e19\u0e1a\u0e38\u0e23\u0e35","notification_date":1608681600000,"announce_date":1608595200000,"province_of_onset":"\u0e1b\u0e23\u0e32\u0e08\u0e35\u0e19\u0e1a\u0e38\u0e23\u0e35","district_of_onset":"\u0e1a\u0e49\u0e32\u0e19\u0e2a\u0e23\u0e49\u0e32\u0e07","quarantine":"Cluster \u0e15\u0e25\u0e32\u0e14\u0e01\u0e25\u0e32\u0e07\u0e01\u0e38\u0e49\u0e07 \u0e2a\u0e21\u0e38\u0e17\u0e23\u0e2a\u0e32\u0e04\u0e23"},{"no":4461,"age":49.0,"sex":"\u0e0a\u0e32\u0e22","nationality":"Thailand","province_of_isolation":"\u0e1b\u0e23\u0e32\u0e08\u0e35\u0e19\u0e1a\u0e38\u0e23\u0e35","notification_date":1608681600000,"announce_date":1608595200000,"province_of_onset":"\u0e1b\u0e23\u0e32\u0e08\u0e35\u0e19\u0e1a\u0e38\u0e23\u0e35","district_of_onset":"\u0e1a\u0e49\u0e32\u0e19\u0e2a\u0e23\u0e49\u0e32\u0e07","quarantine":"Cluster \u0e15\u0e25\u0e32\u0e14\u0e01\u0e25\u0e32\u0e07\u0e01\u0e38\u0e49\u0e07 \u0e2a\u0e21\u0e38\u0e17\u0e23\u0e2a\u0e32\u0e04\u0e23"},{"no":4462,"age":43.0,"sex":"\u0e2b\u0e0d\u0e34\u0e07","nationality":"Thailand","province_of_isolation":"\u0e0a\u0e25\u0e1a\u0e38\u0e23\u0e35","notification_date":1608681600000,"announce_date":1608595200000,"province_of_onset":"\u0e0a\u0e25\u0e1a\u0e38\u0e23\u0e35","district_of_onset":"\u0e1a\u0e32\u0e07\u0e25\u0e30\u0e21\u0e38\u0e07","quarantine":"State Quarantine"},{"no":4463,"age":65.0,"sex":"\u0e2b\u0e0d\u0e34\u0e07","nationality":"Thailand","province_of_isolation":"\u0e01\u0e17\u0e21","notification_date":1608681600000,"announce_date":1608595200000,"province_of_onset":"\u0e01\u0e23\u0e38\u0e07\u0e40\u0e17\u0e1e\u0e21\u0e2b\u0e32\u0e19\u0e04\u0e23","district_of_onset":"\u0e27\u0e31\u0e12\u0e19\u0e32","quarantine":"Cluster \u0e15\u0e25\u0e32\u0e14\u0e01\u0e25\u0e32\u0e07\u0e01\u0e38\u0e49\u0e07 \u0e2a\u0e21\u0e38\u0e17\u0e23\u0e2a\u0e32\u0e04\u0e23"},{"no":4464,"age":28.0,"sex":"\u0e0a\u0e32\u0e22","nationality":"Thailand","province_of_isolation":"\u0e01\u0e17\u0e21","notification_date":1608681600000,"announce_date":1608595200000,"province_of_onset":"\u0e01\u0e23\u0e38\u0e07\u0e40\u0e17\u0e1e\u0e21\u0e2b\u0e32\u0e19\u0e04\u0e23","district_of_onset":"\u0e1a\u0e32\u0e07\u0e1e\u0e25\u0e31\u0e14","quarantine":"\u0e44\u0e1b\u0e2a\u0e16\u0e32\u0e19\u0e17\u0e35\u0e48\u0e0a\u0e38\u0e21\u0e0a\u0e19 \u0e40\u0e0a\u0e48\u0e19 \u0e15\u0e25\u0e32\u0e14\u0e19\u0e31\u0e14 \u0e2a\u0e16\u0e32\u0e19\u0e17\u0e35\u0e48\u0e17\u0e48\u0e2d\u0e07\u0e40\u0e17\u0e35\u0e48\u0e22\u0e27"},{"no":4465,"age":40.0,"sex":"\u0e0a\u0e32\u0e22","nationality":"Thailand","province_of_isolation":"\u0e20\u0e39\u0e40\u0e01\u0e47\u0e15","notification_date":1608681600000,"announce_date":1608595200000,"province_of_onset":"\u0e20\u0e39\u0e40\u0e01\u0e47\u0e15","district_of_onset":"\u0e01\u0e23\u0e30\u0e17\u0e39\u0e49","quarantine":"\u0e2a\u0e31\u0e21\u0e1c\u0e31\u0e2a\u0e43\u0e01\u0e25\u0e49\u0e0a\u0e34\u0e14\u0e01\u0e31\u0e1a\u0e1c\u0e39\u0e49\u0e1b\u0e48\u0e27\u0e22\u0e22\u0e37\u0e19\u0e22\u0e31\u0e19\u0e23\u0e32\u0e22\u0e01\u0e48\u0e2d\u0e19\u0e2b\u0e19\u0e49\u0e32\u0e19\u0e35\u0e49"},{"no":4466,"age":46.0,"sex":"\u0e2b\u0e0d\u0e34\u0e07","nationality":"Thailand","province_of_isolation":"\u0e2a\u0e23\u0e30\u0e1a\u0e38\u0e23\u0e35","notification_date":1608681600000,"announce_date":1608595200000,"province_of_onset":"\u0e2a\u0e23\u0e30\u0e1a\u0e38\u0e23\u0e35","district_of_onset":"\u0e2b\u0e19\u0e2d\u0e07\u0e41\u0e04","quarantine":"\u0e2a\u0e31\u0e21\u0e1c\u0e31\u0e2a\u0e43\u0e01\u0e25\u0e49\u0e0a\u0e34\u0e14\u0e01\u0e31\u0e1a\u0e1c\u0e39\u0e49\u0e1b\u0e48\u0e27\u0e22\u0e22\u0e37\u0e19\u0e22\u0e31\u0e19\u0e23\u0e32\u0e22\u0e01\u0e48\u0e2d\u0e19\u0e2b\u0e19\u0e49\u0e32\u0e19\u0e35\u0e49"},{"no":4467,"age":36.0,"sex":"\u0e2b\u0e0d\u0e34\u0e07","nationality":"Thailand","province_of_isolation":"\u0e2a\u0e23\u0e30\u0e1a\u0e38\u0e23\u0e35","notification_date":1608681600000,"announce_date":1608595200000,"province_of_onset":"\u0e2a\u0e23\u0e30\u0e1a\u0e38\u0e23\u0e35","district_of_onset":"\u0e40\u0e21\u0e37\u0e2d\u0e07","quarantine":"\u0e2a\u0e31\u0e21\u0e1c\u0e31\u0e2a\u0e43\u0e01\u0e25\u0e49\u0e0a\u0e34\u0e14\u0e01\u0e31\u0e1a\u0e1c\u0e39\u0e49\u0e1b\u0e48\u0e27\u0e22\u0e22\u0e37\u0e19\u0e22\u0e31\u0e19\u0e23\u0e32\u0e22\u0e01\u0e48\u0e2d\u0e19\u0e2b\u0e19\u0e49\u0e32\u0e19\u0e35\u0e49"},{"no":4468,"age":48.0,"sex":"\u0e2b\u0e0d\u0e34\u0e07","nationality":"Burma","province_of_isolation":"\u0e01\u0e23\u0e30\u0e1a\u0e35\u0e48","notification_date":1608681600000,"announce_date":1608595200000,"province_of_onset":"\u0e01\u0e23\u0e30\u0e1a\u0e35\u0e48","district_of_onset":"\u0e40\u0e21\u0e37\u0e2d\u0e07","quarantine":"\u0e44\u0e1b\u0e2a\u0e16\u0e32\u0e19\u0e17\u0e35\u0e48\u0e0a\u0e38\u0e21\u0e0a\u0e19 \u0e40\u0e0a\u0e48\u0e19 \u0e15\u0e25\u0e32\u0e14\u0e19\u0e31\u0e14 \u0e2a\u0e16\u0e32\u0e19\u0e17\u0e35\u0e48\u0e17\u0e48\u0e2d\u0e07\u0e40\u0e17\u0e35\u0e48\u0e22\u0e27"},{"no":4469,"age":17.0,"sex":"\u0e2b\u0e0d\u0e34\u0e07","nationality":"Thailand","province_of_isolation":"\u0e09\u0e30\u0e40\u0e0a\u0e34\u0e07\u0e40\u0e17\u0e23\u0e32","notification_date":1608681600000,"announce_date":1608595200000,"province_of_onset":"\u0e09\u0e30\u0e40\u0e0a\u0e34\u0e07\u0e40\u0e17\u0e23\u0e32","district_of_onset":"\u0e1a\u0e49\u0e32\u0e19\u0e42\u0e1e\u0e18\u0e34\u0e4c","quarantine":"Cluster \u0e15\u0e25\u0e32\u0e14\u0e01\u0e25\u0e32\u0e07\u0e01\u0e38\u0e49\u0e07 \u0e2a\u0e21\u0e38\u0e17\u0e23\u0e2a\u0e32\u0e04\u0e23"},{"no":4470,"age":43.0,"sex":"\u0e0a\u0e32\u0e22","nationality":"Thailand","province_of_isolation":"\u0e09\u0e30\u0e40\u0e0a\u0e34\u0e07\u0e40\u0e17\u0e23\u0e32","notification_date":1608681600000,"announce_date":1608595200000,"province_of_onset":"\u0e09\u0e30\u0e40\u0e0a\u0e34\u0e07\u0e40\u0e17\u0e23\u0e32","district_of_onset":"\u0e1a\u0e49\u0e32\u0e19\u0e42\u0e1e\u0e18\u0e34\u0e4c","quarantine":"Cluster \u0e15\u0e25\u0e32\u0e14\u0e01\u0e25\u0e32\u0e07\u0e01\u0e38\u0e49\u0e07 \u0e2a\u0e21\u0e38\u0e17\u0e23\u0e2a\u0e32\u0e04\u0e23"},{"no":4471,"age":39.0,"sex":"\u0e0a\u0e32\u0e22","nationality":"Thailand","province_of_isolation":"\u0e09\u0e30\u0e40\u0e0a\u0e34\u0e07\u0e40\u0e17\u0e23\u0e32","notification_date":1608681600000,"announce_date":1608595200000,"province_of_onset":"\u0e09\u0e30\u0e40\u0e0a\u0e34\u0e07\u0e40\u0e17\u0e23\u0e32","district_of_onset":"\u0e1a\u0e49\u0e32\u0e19\u0e42\u0e1e\u0e18\u0e34\u0e4c","quarantine":"Cluster \u0e15\u0e25\u0e32\u0e14\u0e01\u0e25\u0e32\u0e07\u0e01\u0e38\u0e49\u0e07 \u0e2a\u0e21\u0e38\u0e17\u0e23\u0e2a\u0e32\u0e04\u0e23"},{"no":4472,"age":50.0,"sex":"\u0e2b\u0e0d\u0e34\u0e07","nationality":"Russia","province_of_isolation":"\u0e2a\u0e21\u0e38\u0e17\u0e23\u0e1b\u0e23\u0e32\u0e01\u0e32\u0e23","notification_date":1608681600000,"announce_date":1608595200000,"province_of_onset":"\u0e2a\u0e21\u0e38\u0e17\u0e23\u0e1b\u0e23\u0e32\u0e01\u0e32\u0e23","district_of_onset":"\u0e1a\u0e32\u0e07\u0e1e\u0e25\u0e35","quarantine":"\u0e1c\u0e39\u0e49\u0e17\u0e35\u0e48\u0e40\u0e14\u0e34\u0e19\u0e17\u0e32\u0e07\u0e21\u0e32\u0e08\u0e32\u0e01\u0e15\u0e48\u0e32\u0e07\u0e1b\u0e23\u0e30\u0e40\u0e17\u0e28 \u0e41\u0e25\u0e30\u0e40\u0e02\u0e49\u0e32 ASQ\/ALQ"},{"no":4473,"age":52.0,"sex":"\u0e2b\u0e0d\u0e34\u0e07","nationality":"Thailand","province_of_isolation":"\u0e09\u0e30\u0e40\u0e0a\u0e34\u0e07\u0e40\u0e17\u0e23\u0e32","notification_date":1608681600000,"announce_date":1608595200000,"province_of_onset":"\u0e09\u0e30\u0e40\u0e0a\u0e34\u0e07\u0e40\u0e17\u0e23\u0e32","district_of_onset":"\u0e1a\u0e32\u0e07\u0e1b\u0e23\u0e30\u0e01\u0e07","quarantine":"\u0e2a\u0e31\u0e21\u0e1c\u0e31\u0e2a\u0e43\u0e01\u0e25\u0e49\u0e0a\u0e34\u0e14\u0e01\u0e31\u0e1a\u0e1c\u0e39\u0e49\u0e1b\u0e48\u0e27\u0e22\u0e22\u0e37\u0e19\u0e22\u0e31\u0e19\u0e23\u0e32\u0e22\u0e01\u0e48\u0e2d\u0e19\u0e2b\u0e19\u0e49\u0e32\u0e19\u0e35\u0e49"},{"no":4474,"age":36.0,"sex":"\u0e0a\u0e32\u0e22","nationality":"Thailand","province_of_isolation":"\u0e2a\u0e21\u0e38\u0e17\u0e23\u0e1b\u0e23\u0e32\u0e01\u0e32\u0e23","notification_date":1608681600000,"announce_date":1608595200000,"province_of_onset":"\u0e2a\u0e21\u0e38\u0e17\u0e23\u0e1b\u0e23\u0e32\u0e01\u0e32\u0e23","district_of_onset":"\u0e40\u0e21\u0e37\u0e2d\u0e07","quarantine":"Cluster \u0e15\u0e25\u0e32\u0e14\u0e01\u0e25\u0e32\u0e07\u0e01\u0e38\u0e49\u0e07 \u0e2a\u0e21\u0e38\u0e17\u0e23\u0e2a\u0e32\u0e04\u0e23"},{"no":4475,"age":51.0,"sex":"\u0e0a\u0e32\u0e22","nationality":"United Kingdom","province_of_isolation":"\u0e0a\u0e25\u0e1a\u0e38\u0e23\u0e35","notification_date":1608681600000,"announce_date":1608595200000,"province_of_onset":"\u0e0a\u0e25\u0e1a\u0e38\u0e23\u0e35","district_of_onset":"\u0e1a\u0e32\u0e07\u0e25\u0e30\u0e21\u0e38\u0e07","quarantine":"\u0e1c\u0e39\u0e49\u0e17\u0e35\u0e48\u0e40\u0e14\u0e34\u0e19\u0e17\u0e32\u0e07\u0e21\u0e32\u0e08\u0e32\u0e01\u0e15\u0e48\u0e32\u0e07\u0e1b\u0e23\u0e30\u0e40\u0e17\u0e28 \u0e41\u0e25\u0e30\u0e40\u0e02\u0e49\u0e32 ASQ\/ALQ"},{"no":4476,"age":80.0,"sex":"\u0e2b\u0e0d\u0e34\u0e07","nationality":"Thailand","province_of_isolation":"\u0e09\u0e30\u0e40\u0e0a\u0e34\u0e07\u0e40\u0e17\u0e23\u0e32","notification_date":1608681600000,"announce_date":1608595200000,"province_of_onset":"\u0e09\u0e30\u0e40\u0e0a\u0e34\u0e07\u0e40\u0e17\u0e23\u0e32","district_of_onset":"\u0e1a\u0e32\u0e07\u0e1b\u0e30\u0e01\u0e07","quarantine":"\u0e2a\u0e31\u0e21\u0e1c\u0e31\u0e2a\u0e43\u0e01\u0e25\u0e49\u0e0a\u0e34\u0e14\u0e01\u0e31\u0e1a\u0e1c\u0e39\u0e49\u0e1b\u0e48\u0e27\u0e22\u0e22\u0e37\u0e19\u0e22\u0e31\u0e19\u0e23\u0e32\u0e22\u0e01\u0e48\u0e2d\u0e19\u0e2b\u0e19\u0e49\u0e32\u0e19\u0e35\u0e49"},{"no":4477,"age":59.0,"sex":"\u0e2b\u0e0d\u0e34\u0e07","nationality":"Thailand","province_of_isolation":"\u0e01\u0e17\u0e21","notification_date":1608681600000,"announce_date":1608595200000,"province_of_onset":"\u0e01\u0e23\u0e38\u0e07\u0e40\u0e17\u0e1e\u0e21\u0e2b\u0e32\u0e19\u0e04\u0e23","district_of_onset":"\u0e1a\u0e32\u0e07\u0e02\u0e38\u0e19\u0e40\u0e17\u0e35\u0e22\u0e19","quarantine":"Cluster \u0e15\u0e25\u0e32\u0e14\u0e01\u0e25\u0e32\u0e07\u0e01\u0e38\u0e49\u0e07 \u0e2a\u0e21\u0e38\u0e17\u0e23\u0e2a\u0e32\u0e04\u0e23"},{"no":4478,"age":48.0,"sex":"\u0e2b\u0e0d\u0e34\u0e07","nationality":"Thailand","province_of_isolation":"\u0e01\u0e17\u0e21","notification_date":1608681600000,"announce_date":1608595200000,"province_of_onset":"\u0e01\u0e23\u0e38\u0e07\u0e40\u0e17\u0e1e\u0e21\u0e2b\u0e32\u0e19\u0e04\u0e23","district_of_onset":"\u0e1a\u0e32\u0e07\u0e41\u0e04","quarantine":"Cluster \u0e15\u0e25\u0e32\u0e14\u0e01\u0e25\u0e32\u0e07\u0e01\u0e38\u0e49\u0e07 \u0e2a\u0e21\u0e38\u0e17\u0e23\u0e2a\u0e32\u0e04\u0e23"},{"no":4479,"age":37.0,"sex":"\u0e2b\u0e0d\u0e34\u0e07","nationality":"Thailand","province_of_isolation":"\u0e01\u0e17\u0e21","notification_date":1608681600000,"announce_date":1608595200000,"province_of_onset":"\u0e01\u0e23\u0e38\u0e07\u0e40\u0e17\u0e1e\u0e21\u0e2b\u0e32\u0e19\u0e04\u0e23","district_of_onset":"\u0e1a\u0e32\u0e07\u0e1a\u0e2d\u0e19","quarantine":"Cluster \u0e15\u0e25\u0e32\u0e14\u0e01\u0e25\u0e32\u0e07\u0e01\u0e38\u0e49\u0e07 \u0e2a\u0e21\u0e38\u0e17\u0e23\u0e2a\u0e32\u0e04\u0e23"},{"no":4480,"age":51.0,"sex":"\u0e0a\u0e32\u0e22","nationality":"china","province_of_isolation":"\u0e01\u0e17\u0e21","notification_date":1608681600000,"announce_date":1608595200000,"province_of_onset":"\u0e01\u0e23\u0e38\u0e07\u0e40\u0e17\u0e1e\u0e21\u0e2b\u0e32\u0e19\u0e04\u0e23","district_of_onset":"\u0e1a\u0e32\u0e07\u0e01\u0e30\u0e1b\u0e34","quarantine":"Cluster \u0e15\u0e25\u0e32\u0e14\u0e01\u0e25\u0e32\u0e07\u0e01\u0e38\u0e49\u0e07 \u0e2a\u0e21\u0e38\u0e17\u0e23\u0e2a\u0e32\u0e04\u0e23"},{"no":4481,"age":48.0,"sex":"\u0e0a\u0e32\u0e22","nationality":"Thailand","province_of_isolation":"\u0e01\u0e17\u0e21","notification_date":1608681600000,"announce_date":1608595200000,"province_of_onset":"\u0e01\u0e23\u0e38\u0e07\u0e40\u0e17\u0e1e\u0e21\u0e2b\u0e32\u0e19\u0e04\u0e23","district_of_onset":"\u0e2b\u0e19\u0e2d\u0e07\u0e41\u0e02\u0e21","quarantine":"\u0e2a\u0e31\u0e21\u0e1c\u0e31\u0e2a\u0e43\u0e01\u0e25\u0e49\u0e0a\u0e34\u0e14\u0e01\u0e31\u0e1a\u0e1c\u0e39\u0e49\u0e1b\u0e48\u0e27\u0e22\u0e22\u0e37\u0e19\u0e22\u0e31\u0e19\u0e23\u0e32\u0e22\u0e01\u0e48\u0e2d\u0e19\u0e2b\u0e19\u0e49\u0e32\u0e19\u0e35\u0e49"},{"no":4482,"age":29.0,"sex":"\u0e2b\u0e0d\u0e34\u0e07","nationality":"Thailand","province_of_isolation":"\u0e1e\u0e23\u0e30\u0e19\u0e04\u0e23\u0e28\u0e23\u0e35\u0e2d\u0e22\u0e38\u0e18\u0e22\u0e32","notification_date":1608681600000,"announce_date":1608595200000,"province_of_onset":"\u0e1e\u0e23\u0e30\u0e19\u0e04\u0e23\u0e28\u0e23\u0e35\u0e2d\u0e22\u0e38\u0e18\u0e22\u0e32","district_of_onset":"\u0e20\u0e32\u0e0a\u0e35","quarantine":"Cluster \u0e15\u0e25\u0e32\u0e14\u0e01\u0e25\u0e32\u0e07\u0e01\u0e38\u0e49\u0e07 \u0e2a\u0e21\u0e38\u0e17\u0e23\u0e2a\u0e32\u0e04\u0e23"},{"no":4483,"age":32.0,"sex":"\u0e2b\u0e0d\u0e34\u0e07","nationality":"Thailand","province_of_isolation":"\u0e1e\u0e23\u0e30\u0e19\u0e04\u0e23\u0e28\u0e23\u0e35\u0e2d\u0e22\u0e38\u0e18\u0e22\u0e32","notification_date":1608681600000,"announce_date":1608595200000,"province_of_onset":"\u0e1e\u0e23\u0e30\u0e19\u0e04\u0e23\u0e28\u0e23\u0e35\u0e2d\u0e22\u0e38\u0e18\u0e22\u0e32","district_of_onset":"\u0e20\u0e32\u0e0a\u0e35","quarantine":"Cluster \u0e15\u0e25\u0e32\u0e14\u0e01\u0e25\u0e32\u0e07\u0e01\u0e38\u0e49\u0e07 \u0e2a\u0e21\u0e38\u0e17\u0e23\u0e2a\u0e32\u0e04\u0e23"},{"no":4484,"age":43.0,"sex":"\u0e0a\u0e32\u0e22","nationality":"Thailand","province_of_isolation":"\u0e01\u0e33\u0e41\u0e1e\u0e07\u0e40\u0e1e\u0e0a\u0e23","notification_date":1608681600000,"announce_date":1608595200000,"province_of_onset":"\u0e01\u0e33\u0e41\u0e1e\u0e07\u0e40\u0e1e\u0e0a\u0e23","district_of_onset":"\u0e02\u0e32\u0e13\u0e38\u0e27\u0e23\u0e25\u0e31\u0e01\u0e29\u0e1a\u0e38\u0e23\u0e35","quarantine":"Cluster \u0e15\u0e25\u0e32\u0e14\u0e01\u0e25\u0e32\u0e07\u0e01\u0e38\u0e49\u0e07 \u0e2a\u0e21\u0e38\u0e17\u0e23\u0e2a\u0e32\u0e04\u0e23"},{"no":4485,"age":43.0,"sex":"\u0e0a\u0e32\u0e22","nationality":"Thailand","province_of_isolation":"\u0e01\u0e33\u0e41\u0e1e\u0e07\u0e40\u0e1e\u0e0a\u0e23","notification_date":1608681600000,"announce_date":1608595200000,"province_of_onset":"\u0e2a\u0e21\u0e38\u0e17\u0e23\u0e2a\u0e32\u0e04\u0e23","district_of_onset":"\u0e40\u0e21\u0e37\u0e2d\u0e07","quarantine":"Cluster \u0e15\u0e25\u0e32\u0e14\u0e01\u0e25\u0e32\u0e07\u0e01\u0e38\u0e49\u0e07 \u0e2a\u0e21\u0e38\u0e17\u0e23\u0e2a\u0e32\u0e04\u0e23"},{"no":4486,"age":37.0,"sex":"\u0e0a\u0e32\u0e22","nationality":"Burma","province_of_isolation":"\u0e01\u0e17\u0e21","notification_date":1608681600000,"announce_date":1608595200000,"province_of_onset":"\u0e01\u0e23\u0e38\u0e07\u0e40\u0e17\u0e1e\u0e21\u0e2b\u0e32\u0e19\u0e04\u0e23","district_of_onset":"\u0e1a\u0e32\u0e07\u0e02\u0e38\u0e19\u0e40\u0e17\u0e35\u0e22\u0e19","quarantine":"\u0e44\u0e1b\u0e2a\u0e16\u0e32\u0e19\u0e17\u0e35\u0e48\u0e41\u0e2d\u0e2d\u0e31\u0e14 \u0e40\u0e0a\u0e48\u0e19 \u0e07\u0e32\u0e19\u0e41\u0e1f\u0e23\u0e4c \u0e04\u0e2d\u0e19\u0e40\u0e2a\u0e34\u0e23\u0e4c\u0e15"},{"no":4487,"age":28.0,"sex":"\u0e2b\u0e0d\u0e34\u0e07","nationality":"Thailand","province_of_isolation":"\u0e15\u0e32\u0e01","notification_date":1608681600000,"announce_date":1608595200000,"province_of_onset":"\u0e15\u0e32\u0e01","district_of_onset":"\u0e41\u0e21\u0e48\u0e2a\u0e2d\u0e14","quarantine":"\u0e2a\u0e31\u0e21\u0e1c\u0e31\u0e2a\u0e43\u0e01\u0e25\u0e49\u0e0a\u0e34\u0e14\u0e01\u0e31\u0e1a\u0e1c\u0e39\u0e49\u0e1b\u0e48\u0e27\u0e22\u0e22\u0e37\u0e19\u0e22\u0e31\u0e19\u0e23\u0e32\u0e22\u0e01\u0e48\u0e2d\u0e19\u0e2b\u0e19\u0e49\u0e32\u0e19\u0e35\u0e49"},{"no":4488,"age":31.0,"sex":"\u0e2b\u0e0d\u0e34\u0e07","nationality":"Burma","province_of_isolation":"\u0e15\u0e32\u0e01","notification_date":1608681600000,"announce_date":1608595200000,"province_of_onset":"\u0e15\u0e32\u0e01","district_of_onset":"\u0e41\u0e21\u0e48\u0e2a\u0e2d\u0e14","quarantine":"\u0e2a\u0e31\u0e21\u0e1c\u0e31\u0e2a\u0e43\u0e01\u0e25\u0e49\u0e0a\u0e34\u0e14\u0e01\u0e31\u0e1a\u0e1c\u0e39\u0e49\u0e1b\u0e48\u0e27\u0e22\u0e22\u0e37\u0e19\u0e22\u0e31\u0e19\u0e23\u0e32\u0e22\u0e01\u0e48\u0e2d\u0e19\u0e2b\u0e19\u0e49\u0e32\u0e19\u0e35\u0e49"},{"no":4489,"age":24.0,"sex":"\u0e2b\u0e0d\u0e34\u0e07","nationality":"Thailand","province_of_isolation":"\u0e02\u0e2d\u0e19\u0e41\u0e01\u0e48\u0e19","notification_date":1608681600000,"announce_date":1608595200000,"province_of_onset":"\u0e2a\u0e21\u0e38\u0e17\u0e23\u0e2a\u0e32\u0e04\u0e23","district_of_onset":"\u0e40\u0e21\u0e37\u0e2d\u0e07","quarantine":"\u0e2d\u0e22\u0e39\u0e48\u0e23\u0e30\u0e2b\u0e27\u0e48\u0e32\u0e07\u0e01\u0e32\u0e23\u0e2a\u0e2d\u0e1a\u0e2a\u0e27\u0e19"}]