[{"ConfirmDate":1610582400000,"No":"11262","Age":null,"Gender":"\u0e44\u0e21\u0e48\u0e23\u0e30\u0e1a\u0e38\u0e40\u0e1e\u0e28","GenderEn":"Unknown","Nation":"\u0e44\u0e21\u0e48\u0e17\u0e23\u0e32\u0e1a","NationEn":"Unknown","Province":"\u0e2a\u0e21\u0e38\u0e17\u0e23\u0e2a\u0e32\u0e04\u0e23","ProvinceId":62,"District":"","ProvinceEn":"Samut Sakhon","Detail":null,"StatQuarantine":0},{"ConfirmDate":1610582400000,"No":"11261","Age":null,"Gender":"\u0e44\u0e21\u0e48\u0e23\u0e30\u0e1a\u0e38\u0e40\u0e1e\u0e28","GenderEn":"Unknown","Nation":"\u0e44\u0e21\u0e48\u0e17\u0e23\u0e32\u0e1a","NationEn":"Unknown","Province":"\u0e2a\u0e21\u0e38\u0e17\u0e23\u0e2a\u0e32\u0e04\u0e23","ProvinceId":62,"District":"","ProvinceEn":"Samut Sakhon","Detail":null,"StatQuarantine":0},{"ConfirmDate":1610582400000,"No":"11260","Age":null,"Gender":"\u0e44\u0e21\u0e48\u0e23\u0e30\u0e1a\u0e38\u0e40\u0e1e\u0e28","GenderEn":"Unknown","Nation":"\u0e44\u0e21\u0e48\u0e17\u0e23\u0e32\u0e1a","NationEn":"Unknown","Province":"\u0e2a\u0e21\u0e38\u0e17\u0e23\u0e2a\u0e32\u0e04\u0e23","ProvinceId":62,"District":"","ProvinceEn":"Samut Sakhon","Detail":null,"StatQuarantine":0},{"ConfirmDate":1610582400000,"No":"11259","Age":null,"Gender":"\u0e44\u0e21\u0e48\u0e23\u0e30\u0e1a\u0e38\u0e40\u0e1e\u0e28","GenderEn":"Unknown","Nation":"\u0e44\u0e21\u0e48\u0e17\u0e23\u0e32\u0e1a","NationEn":"Unknown","Province":"\u0e2a\u0e21\u0e38\u0e17\u0e23\u0e2a\u0e32\u0e04\u0e23","ProvinceId":62,"District":"","ProvinceEn":"Samut Sakhon","Detail":null,"StatQuarantine":0},{"ConfirmDate":1610582400000,"No":"11258","Age":null,"Gender":"\u0e44\u0e21\u0e48\u0e23\u0e30\u0e1a\u0e38\u0e40\u0e1e\u0e28","GenderEn":"Unknown","Nation":"\u0e44\u0e21\u0e48\u0e17\u0e23\u0e32\u0e1a","NationEn":"Unknown","Province":"\u0e2a\u0e21\u0e38\u0e17\u0e23\u0e2a\u0e32\u0e04\u0e23","ProvinceId":62,"District":"","ProvinceEn":"Samut Sakhon","Detail":null,"StatQuarantine":0},{"ConfirmDate":1610582400000,"No":"11257","Age":null,"Gender":"\u0e44\u0e21\u0e48\u0e23\u0e30\u0e1a\u0e38\u0e40\u0e1e\u0e28","GenderEn":"Unknown","Nation":"\u0e44\u0e21\u0e48\u0e17\u0e23\u0e32\u0e1a","NationEn":"Unknown","Province":"\u0e2a\u0e21\u0e38\u0e17\u0e23\u0e2a\u0e32\u0e04\u0e23","ProvinceId":62,"District":"","ProvinceEn":"Samut Sakhon","Detail":null,"StatQuarantine":0},{"ConfirmDate":1610582400000,"No":"11256","Age":null,"Gender":"\u0e44\u0e21\u0e48\u0e23\u0e30\u0e1a\u0e38\u0e40\u0e1e\u0e28","GenderEn":"Unknown","Nation":"\u0e44\u0e21\u0e48\u0e17\u0e23\u0e32\u0e1a","NationEn":"Unknown","Province":"\u0e2a\u0e21\u0e38\u0e17\u0e23\u0e2a\u0e32\u0e04\u0e23","ProvinceId":62,"District":"","ProvinceEn":"Samut Sakhon","Detail":null,"StatQuarantine":0},{"ConfirmDate":1610582400000,"No":"11255","Age":null,"Gender":"\u0e44\u0e21\u0e48\u0e23\u0e30\u0e1a\u0e38\u0e40\u0e1e\u0e28","GenderEn":"Unknown","Nation":"\u0e44\u0e21\u0e48\u0e17\u0e23\u0e32\u0e1a","NationEn":"Unknown","Province":"\u0e2a\u0e21\u0e38\u0e17\u0e23\u0e2a\u0e32\u0e04\u0e23","ProvinceId":62,"District":"","ProvinceEn":"Samut Sakhon","Detail":null,"StatQuarantine":0},{"ConfirmDate":1610582400000,"No":"11254","Age":null,"Gender":"\u0e44\u0e21\u0e48\u0e23\u0e30\u0e1a\u0e38\u0e40\u0e1e\u0e28","GenderEn":"Unknown","Nation":"\u0e44\u0e21\u0e48\u0e17\u0e23\u0e32\u0e1a","NationEn":"Unknown","Province":"\u0e2a\u0e21\u0e38\u0e17\u0e23\u0e2a\u0e32\u0e04\u0e23","ProvinceId":62,"District":"","ProvinceEn":"Samut Sakhon","Detail":null,"StatQuarantine":0},{"ConfirmDate":1610582400000,"No":"11253","Age":null,"Gender":"\u0e44\u0e21\u0e48\u0e23\u0e30\u0e1a\u0e38\u0e40\u0e1e\u0e28","GenderEn":"Unknown","Nation":"\u0e44\u0e21\u0e48\u0e17\u0e23\u0e32\u0e1a","NationEn":"Unknown","Province":"\u0e2a\u0e21\u0e38\u0e17\u0e23\u0e2a\u0e32\u0e04\u0e23","ProvinceId":62,"District":"","ProvinceEn":"Samut Sakhon","Detail":null,"StatQuarantine":0},{"ConfirmDate":1610582400000,"No":"11252","Age":null,"Gender":"\u0e44\u0e21\u0e48\u0e23\u0e30\u0e1a\u0e38\u0e40\u0e1e\u0e28","GenderEn":"Unknown","Nation":"\u0e44\u0e21\u0e48\u0e17\u0e23\u0e32\u0e1a","NationEn":"Unknown","Province":"\u0e2a\u0e21\u0e38\u0e17\u0e23\u0e2a\u0e32\u0e04\u0e23","ProvinceId":62,"District":"","ProvinceEn":"Samut Sakhon","Detail":null,"StatQuarantine":0},{"ConfirmDate":1610582400000,"No":"11251","Age":null,"Gender":"\u0e44\u0e21\u0e48\u0e23\u0e30\u0e1a\u0e38\u0e40\u0e1e\u0e28","GenderEn":"Unknown","Nation":"\u0e44\u0e21\u0e48\u0e17\u0e23\u0e32\u0e1a","NationEn":"Unknown","Province":"\u0e2a\u0e21\u0e38\u0e17\u0e23\u0e2a\u0e32\u0e04\u0e23","ProvinceId":62,"District":"","ProvinceEn":"Samut Sakhon","Detail":null,"StatQuarantine":0},{"ConfirmDate":1610582400000,"No":"11250","Age":null,"Gender":"\u0e44\u0e21\u0e48\u0e23\u0e30\u0e1a\u0e38\u0e40\u0e1e\u0e28","GenderEn":"Unknown","Nation":"\u0e44\u0e21\u0e48\u0e17\u0e23\u0e32\u0e1a","NationEn":"Unknown","Province":"\u0e2a\u0e21\u0e38\u0e17\u0e23\u0e2a\u0e32\u0e04\u0e23","ProvinceId":62,"District":"","ProvinceEn":"Samut Sakhon","Detail":null,"StatQuarantine":0},{"ConfirmDate":1610582400000,"No":"11249","Age":null,"Gender":"\u0e44\u0e21\u0e48\u0e23\u0e30\u0e1a\u0e38\u0e40\u0e1e\u0e28","GenderEn":"Unknown","Nation":"\u0e44\u0e21\u0e48\u0e17\u0e23\u0e32\u0e1a","NationEn":"Unknown","Province":"\u0e2a\u0e21\u0e38\u0e17\u0e23\u0e2a\u0e32\u0e04\u0e23","ProvinceId":62,"District":"","ProvinceEn":"Samut Sakhon","Detail":null,"StatQuarantine":0},{"ConfirmDate":1610582400000,"No":"11248","Age":null,"Gender":"\u0e44\u0e21\u0e48\u0e23\u0e30\u0e1a\u0e38\u0e40\u0e1e\u0e28","GenderEn":"Unknown","Nation":"\u0e44\u0e21\u0e48\u0e17\u0e23\u0e32\u0e1a","NationEn":"Unknown","Province":"\u0e2a\u0e21\u0e38\u0e17\u0e23\u0e2a\u0e32\u0e04\u0e23","ProvinceId":62,"District":"","ProvinceEn":"Samut Sakhon","Detail":null,"StatQuarantine":0},{"ConfirmDate":1610582400000,"No":"11247","Age":null,"Gender":"\u0e44\u0e21\u0e48\u0e23\u0e30\u0e1a\u0e38\u0e40\u0e1e\u0e28","GenderEn":"Unknown","Nation":"\u0e44\u0e21\u0e48\u0e17\u0e23\u0e32\u0e1a","NationEn":"Unknown","Province":"\u0e2a\u0e21\u0e38\u0e17\u0e23\u0e2a\u0e32\u0e04\u0e23","ProvinceId":62,"District":"","ProvinceEn":"Samut Sakhon","Detail":null,"StatQuarantine":0},{"ConfirmDate":1610582400000,"No":"11246","Age":null,"Gender":"\u0e44\u0e21\u0e48\u0e23\u0e30\u0e1a\u0e38\u0e40\u0e1e\u0e28","GenderEn":"Unknown","Nation":"\u0e44\u0e21\u0e48\u0e17\u0e23\u0e32\u0e1a","NationEn":"Unknown","Province":"\u0e2a\u0e21\u0e38\u0e17\u0e23\u0e2a\u0e32\u0e04\u0e23","ProvinceId":62,"District":"","ProvinceEn":"Samut Sakhon","Detail":null,"StatQuarantine":0},{"ConfirmDate":1610582400000,"No":"11245","Age":null,"Gender":"\u0e44\u0e21\u0e48\u0e23\u0e30\u0e1a\u0e38\u0e40\u0e1e\u0e28","GenderEn":"Unknown","Nation":"\u0e44\u0e21\u0e48\u0e17\u0e23\u0e32\u0e1a","NationEn":"Unknown","Province":"\u0e2a\u0e21\u0e38\u0e17\u0e23\u0e2a\u0e32\u0e04\u0e23","ProvinceId":62,"District":"","ProvinceEn":"Samut Sakhon","Detail":null,"StatQuarantine":0},{"ConfirmDate":1610582400000,"No":"11244","Age":null,"Gender":"\u0e44\u0e21\u0e48\u0e23\u0e30\u0e1a\u0e38\u0e40\u0e1e\u0e28","GenderEn":"Unknown","Nation":"\u0e44\u0e21\u0e48\u0e17\u0e23\u0e32\u0e1a","NationEn":"Unknown","Province":"\u0e2a\u0e21\u0e38\u0e17\u0e23\u0e2a\u0e32\u0e04\u0e23","ProvinceId":62,"District":"","ProvinceEn":"Samut Sakhon","Detail":null,"StatQuarantine":0},{"ConfirmDate":1610582400000,"No":"11243","Age":null,"Gender":"\u0e44\u0e21\u0e48\u0e23\u0e30\u0e1a\u0e38\u0e40\u0e1e\u0e28","GenderEn":"Unknown","Nation":"\u0e44\u0e21\u0e48\u0e17\u0e23\u0e32\u0e1a","NationEn":"Unknown","Province":"\u0e2a\u0e21\u0e38\u0e17\u0e23\u0e2a\u0e32\u0e04\u0e23","ProvinceId":62,"District":"","ProvinceEn":"Samut Sakhon","Detail":null,"StatQuarantine":0},{"ConfirmDate":1610582400000,"No":"11242","Age":null,"Gender":"\u0e44\u0e21\u0e48\u0e23\u0e30\u0e1a\u0e38\u0e40\u0e1e\u0e28","GenderEn":"Unknown","Nation":"\u0e44\u0e21\u0e48\u0e17\u0e23\u0e32\u0e1a","NationEn":"Unknown","Province":"\u0e2a\u0e21\u0e38\u0e17\u0e23\u0e2a\u0e32\u0e04\u0e23","ProvinceId":62,"District":"","ProvinceEn":"Samut Sakhon","Detail":null,"StatQuarantine":0},{"ConfirmDate":1610582400000,"No":"11241","Age":null,"Gender":"\u0e44\u0e21\u0e48\u0e23\u0e30\u0e1a\u0e38\u0e40\u0e1e\u0e28","GenderEn":"Unknown","Nation":"\u0e44\u0e21\u0e48\u0e17\u0e23\u0e32\u0e1a","NationEn":"Unknown","Province":"\u0e2a\u0e21\u0e38\u0e17\u0e23\u0e2a\u0e32\u0e04\u0e23","ProvinceId":62,"District":"","ProvinceEn":"Samut Sakhon","Detail":null,"StatQuarantine":0},{"ConfirmDate":1610582400000,"No":"11240","Age":null,"Gender":"\u0e44\u0e21\u0e48\u0e23\u0e30\u0e1a\u0e38\u0e40\u0e1e\u0e28","GenderEn":"Unknown","Nation":"\u0e44\u0e21\u0e48\u0e17\u0e23\u0e32\u0e1a","NationEn":"Unknown","Province":"\u0e2a\u0e21\u0e38\u0e17\u0e23\u0e2a\u0e32\u0e04\u0e23","ProvinceId":62,"District":"","ProvinceEn":"Samut Sakhon","Detail":null,"StatQuarantine":0},{"ConfirmDate":1610582400000,"No":"11239","Age":null,"Gender":"\u0e44\u0e21\u0e48\u0e23\u0e30\u0e1a\u0e38\u0e40\u0e1e\u0e28","GenderEn":"Unknown","Nation":"\u0e44\u0e21\u0e48\u0e17\u0e23\u0e32\u0e1a","NationEn":"Unknown","Province":"\u0e2a\u0e21\u0e38\u0e17\u0e23\u0e2a\u0e32\u0e04\u0e23","ProvinceId":62,"District":"","ProvinceEn":"Samut Sakhon","Detail":null,"StatQuarantine":0},{"ConfirmDate":1610582400000,"No":"11238","Age":null,"Gender":"\u0e44\u0e21\u0e48\u0e23\u0e30\u0e1a\u0e38\u0e40\u0e1e\u0e28","GenderEn":"Unknown","Nation":"\u0e44\u0e21\u0e48\u0e17\u0e23\u0e32\u0e1a","NationEn":"Unknown","Province":"\u0e2a\u0e21\u0e38\u0e17\u0e23\u0e2a\u0e32\u0e04\u0e23","ProvinceId":62,"District":"","ProvinceEn":"Samut Sakhon","Detail":null,"StatQuarantine":0},{"ConfirmDate":1610582400000,"No":"11237","Age":null,"Gender":"\u0e44\u0e21\u0e48\u0e23\u0e30\u0e1a\u0e38\u0e40\u0e1e\u0e28","GenderEn":"Unknown","Nation":"\u0e44\u0e21\u0e48\u0e17\u0e23\u0e32\u0e1a","NationEn":"Unknown","Province":"\u0e2a\u0e21\u0e38\u0e17\u0e23\u0e2a\u0e32\u0e04\u0e23","ProvinceId":62,"District":"","ProvinceEn":"Samut Sakhon","Detail":null,"StatQuarantine":0},{"ConfirmDate":1610582400000,"No":"11236","Age":null,"Gender":"\u0e44\u0e21\u0e48\u0e23\u0e30\u0e1a\u0e38\u0e40\u0e1e\u0e28","GenderEn":"Unknown","Nation":"\u0e44\u0e21\u0e48\u0e17\u0e23\u0e32\u0e1a","NationEn":"Unknown","Province":"\u0e2a\u0e21\u0e38\u0e17\u0e23\u0e2a\u0e32\u0e04\u0e23","ProvinceId":62,"District":"","ProvinceEn":"Samut Sakhon","Detail":null,"StatQuarantine":0},{"ConfirmDate":1610582400000,"No":"11235","Age":null,"Gender":"\u0e44\u0e21\u0e48\u0e23\u0e30\u0e1a\u0e38\u0e40\u0e1e\u0e28","GenderEn":"Unknown","Nation":"\u0e44\u0e21\u0e48\u0e17\u0e23\u0e32\u0e1a","NationEn":"Unknown","Province":"\u0e2a\u0e21\u0e38\u0e17\u0e23\u0e2a\u0e32\u0e04\u0e23","ProvinceId":62,"District":"","ProvinceEn":"Samut Sakhon","Detail":null,"StatQuarantine":0},{"ConfirmDate":1610582400000,"No":"11234","Age":null,"Gender":"\u0e44\u0e21\u0e48\u0e23\u0e30\u0e1a\u0e38\u0e40\u0e1e\u0e28","GenderEn":"Unknown","Nation":"\u0e44\u0e21\u0e48\u0e17\u0e23\u0e32\u0e1a","NationEn":"Unknown","Province":"\u0e2a\u0e21\u0e38\u0e17\u0e23\u0e2a\u0e32\u0e04\u0e23","ProvinceId":62,"District":"","ProvinceEn":"Samut Sakhon","Detail":null,"StatQuarantine":0},{"ConfirmDate":1610582400000,"No":"11233","Age":null,"Gender":"\u0e44\u0e21\u0e48\u0e23\u0e30\u0e1a\u0e38\u0e40\u0e1e\u0e28","GenderEn":"Unknown","Nation":"\u0e44\u0e21\u0e48\u0e17\u0e23\u0e32\u0e1a","NationEn":"Unknown","Province":"\u0e2a\u0e21\u0e38\u0e17\u0e23\u0e2a\u0e32\u0e04\u0e23","ProvinceId":62,"District":"","ProvinceEn":"Samut Sakhon","Detail":null,"StatQuarantine":0},{"ConfirmDate":1610582400000,"No":"11232","Age":null,"Gender":"\u0e44\u0e21\u0e48\u0e23\u0e30\u0e1a\u0e38\u0e40\u0e1e\u0e28","GenderEn":"Unknown","Nation":"\u0e44\u0e21\u0e48\u0e17\u0e23\u0e32\u0e1a","NationEn":"Unknown","Province":"\u0e2a\u0e21\u0e38\u0e17\u0e23\u0e2a\u0e32\u0e04\u0e23","ProvinceId":62,"District":"","ProvinceEn":"Samut Sakhon","Detail":null,"StatQuarantine":0},{"ConfirmDate":1610582400000,"No":"11231","Age":null,"Gender":"\u0e44\u0e21\u0e48\u0e23\u0e30\u0e1a\u0e38\u0e40\u0e1e\u0e28","GenderEn":"Unknown","Nation":"\u0e44\u0e21\u0e48\u0e17\u0e23\u0e32\u0e1a","NationEn":"Unknown","Province":"\u0e2a\u0e21\u0e38\u0e17\u0e23\u0e2a\u0e32\u0e04\u0e23","ProvinceId":62,"District":"","ProvinceEn":"Samut Sakhon","Detail":null,"StatQuarantine":0},{"ConfirmDate":1610582400000,"No":"11230","Age":null,"Gender":"\u0e44\u0e21\u0e48\u0e23\u0e30\u0e1a\u0e38\u0e40\u0e1e\u0e28","GenderEn":"Unknown","Nation":"\u0e44\u0e21\u0e48\u0e17\u0e23\u0e32\u0e1a","NationEn":"Unknown","Province":"\u0e2a\u0e21\u0e38\u0e17\u0e23\u0e2a\u0e32\u0e04\u0e23","ProvinceId":62,"District":"","ProvinceEn":"Samut Sakhon","Detail":null,"StatQuarantine":0},{"ConfirmDate":1610582400000,"No":"11229","Age":null,"Gender":"\u0e44\u0e21\u0e48\u0e23\u0e30\u0e1a\u0e38\u0e40\u0e1e\u0e28","GenderEn":"Unknown","Nation":"\u0e44\u0e21\u0e48\u0e17\u0e23\u0e32\u0e1a","NationEn":"Unknown","Province":"\u0e2a\u0e21\u0e38\u0e17\u0e23\u0e2a\u0e32\u0e04\u0e23","ProvinceId":62,"District":"","ProvinceEn":"Samut Sakhon","Detail":null,"StatQuarantine":0},{"ConfirmDate":1610582400000,"No":"11228","Age":null,"Gender":"\u0e44\u0e21\u0e48\u0e23\u0e30\u0e1a\u0e38\u0e40\u0e1e\u0e28","GenderEn":"Unknown","Nation":"\u0e44\u0e21\u0e48\u0e17\u0e23\u0e32\u0e1a","NationEn":"Unknown","Province":"\u0e2a\u0e21\u0e38\u0e17\u0e23\u0e2a\u0e32\u0e04\u0e23","ProvinceId":62,"District":"","ProvinceEn":"Samut Sakhon","Detail":null,"StatQuarantine":0},{"ConfirmDate":1610582400000,"No":"11227","Age":null,"Gender":"\u0e44\u0e21\u0e48\u0e23\u0e30\u0e1a\u0e38\u0e40\u0e1e\u0e28","GenderEn":"Unknown","Nation":"\u0e44\u0e21\u0e48\u0e17\u0e23\u0e32\u0e1a","NationEn":"Unknown","Province":"\u0e2a\u0e21\u0e38\u0e17\u0e23\u0e2a\u0e32\u0e04\u0e23","ProvinceId":62,"District":"","ProvinceEn":"Samut Sakhon","Detail":null,"StatQuarantine":0},{"ConfirmDate":1610582400000,"No":"11226","Age":null,"Gender":"\u0e44\u0e21\u0e48\u0e23\u0e30\u0e1a\u0e38\u0e40\u0e1e\u0e28","GenderEn":"Unknown","Nation":"\u0e44\u0e21\u0e48\u0e17\u0e23\u0e32\u0e1a","NationEn":"Unknown","Province":"\u0e2a\u0e21\u0e38\u0e17\u0e23\u0e2a\u0e32\u0e04\u0e23","ProvinceId":62,"District":"","ProvinceEn":"Samut Sakhon","Detail":null,"StatQuarantine":0},{"ConfirmDate":1610582400000,"No":"11225","Age":null,"Gender":"\u0e44\u0e21\u0e48\u0e23\u0e30\u0e1a\u0e38\u0e40\u0e1e\u0e28","GenderEn":"Unknown","Nation":"\u0e44\u0e21\u0e48\u0e17\u0e23\u0e32\u0e1a","NationEn":"Unknown","Province":"\u0e2a\u0e21\u0e38\u0e17\u0e23\u0e2a\u0e32\u0e04\u0e23","ProvinceId":62,"District":"","ProvinceEn":"Samut Sakhon","Detail":null,"StatQuarantine":0},{"ConfirmDate":1610582400000,"No":"11224","Age":null,"Gender":"\u0e44\u0e21\u0e48\u0e23\u0e30\u0e1a\u0e38\u0e40\u0e1e\u0e28","GenderEn":"Unknown","Nation":"\u0e44\u0e21\u0e48\u0e17\u0e23\u0e32\u0e1a","NationEn":"Unknown","Province":"\u0e2a\u0e21\u0e38\u0e17\u0e23\u0e2a\u0e32\u0e04\u0e23","ProvinceId":62,"District":"","ProvinceEn":"Samut Sakhon","Detail":null,"StatQuarantine":0},{"ConfirmDate":1610582400000,"No":"11223","Age":null,"Gender":"\u0e44\u0e21\u0e48\u0e23\u0e30\u0e1a\u0e38\u0e40\u0e1e\u0e28","GenderEn":"Unknown","Nation":"\u0e44\u0e21\u0e48\u0e17\u0e23\u0e32\u0e1a","NationEn":"Unknown","Province":"\u0e2a\u0e21\u0e38\u0e17\u0e23\u0e2a\u0e32\u0e04\u0e23","ProvinceId":62,"District":"","ProvinceEn":"Samut Sakhon","Detail":null,"StatQuarantine":0},{"ConfirmDate":1610582400000,"No":"11222","Age":null,"Gender":"\u0e44\u0e21\u0e48\u0e23\u0e30\u0e1a\u0e38\u0e40\u0e1e\u0e28","GenderEn":"Unknown","Nation":"\u0e44\u0e21\u0e48\u0e17\u0e23\u0e32\u0e1a","NationEn":"Unknown","Province":"\u0e2a\u0e21\u0e38\u0e17\u0e23\u0e2a\u0e32\u0e04\u0e23","ProvinceId":62,"District":"","ProvinceEn":"Samut Sakhon","Detail":null,"StatQuarantine":0},{"ConfirmDate":1610582400000,"No":"11221","Age":null,"Gender":"\u0e44\u0e21\u0e48\u0e23\u0e30\u0e1a\u0e38\u0e40\u0e1e\u0e28","GenderEn":"Unknown","Nation":"\u0e44\u0e21\u0e48\u0e17\u0e23\u0e32\u0e1a","NationEn":"Unknown","Province":"\u0e2a\u0e21\u0e38\u0e17\u0e23\u0e2a\u0e32\u0e04\u0e23","ProvinceId":62,"District":"","ProvinceEn":"Samut Sakhon","Detail":null,"StatQuarantine":0},{"ConfirmDate":1610582400000,"No":"11220","Age":null,"Gender":"\u0e44\u0e21\u0e48\u0e23\u0e30\u0e1a\u0e38\u0e40\u0e1e\u0e28","GenderEn":"Unknown","Nation":"\u0e44\u0e21\u0e48\u0e17\u0e23\u0e32\u0e1a","NationEn":"Unknown","Province":"\u0e2a\u0e21\u0e38\u0e17\u0e23\u0e2a\u0e32\u0e04\u0e23","ProvinceId":62,"District":"","ProvinceEn":"Samut Sakhon","Detail":null,"StatQuarantine":0},{"ConfirmDate":1610582400000,"No":"11219","Age":null,"Gender":"\u0e44\u0e21\u0e48\u0e23\u0e30\u0e1a\u0e38\u0e40\u0e1e\u0e28","GenderEn":"Unknown","Nation":"\u0e44\u0e21\u0e48\u0e17\u0e23\u0e32\u0e1a","NationEn":"Unknown","Province":"\u0e2a\u0e21\u0e38\u0e17\u0e23\u0e2a\u0e32\u0e04\u0e23","ProvinceId":62,"District":"","ProvinceEn":"Samut Sakhon","Detail":null,"StatQuarantine":0},{"ConfirmDate":1610582400000,"No":"11218","Age":null,"Gender":"\u0e44\u0e21\u0e48\u0e23\u0e30\u0e1a\u0e38\u0e40\u0e1e\u0e28","GenderEn":"Unknown","Nation":"\u0e44\u0e21\u0e48\u0e17\u0e23\u0e32\u0e1a","NationEn":"Unknown","Province":"\u0e2a\u0e21\u0e38\u0e17\u0e23\u0e2a\u0e32\u0e04\u0e23","ProvinceId":62,"District":"","ProvinceEn":"Samut Sakhon","Detail":null,"StatQuarantine":0},{"ConfirmDate":1610582400000,"No":"11217","Age":null,"Gender":"\u0e44\u0e21\u0e48\u0e23\u0e30\u0e1a\u0e38\u0e40\u0e1e\u0e28","GenderEn":"Unknown","Nation":"\u0e44\u0e21\u0e48\u0e17\u0e23\u0e32\u0e1a","NationEn":"Unknown","Province":"\u0e2a\u0e21\u0e38\u0e17\u0e23\u0e2a\u0e32\u0e04\u0e23","ProvinceId":62,"District":"","ProvinceEn":"Samut Sakhon","Detail":null,"StatQuarantine":0},{"ConfirmDate":1610582400000,"No":"11216","Age":null,"Gender":"\u0e44\u0e21\u0e48\u0e23\u0e30\u0e1a\u0e38\u0e40\u0e1e\u0e28","GenderEn":"Unknown","Nation":"\u0e44\u0e21\u0e48\u0e17\u0e23\u0e32\u0e1a","NationEn":"Unknown","Province":"\u0e2a\u0e21\u0e38\u0e17\u0e23\u0e2a\u0e32\u0e04\u0e23","ProvinceId":62,"District":"","ProvinceEn":"Samut Sakhon","Detail":null,"StatQuarantine":0},{"ConfirmDate":1610582400000,"No":"11215","Age":null,"Gender":"\u0e44\u0e21\u0e48\u0e23\u0e30\u0e1a\u0e38\u0e40\u0e1e\u0e28","GenderEn":"Unknown","Nation":"\u0e44\u0e21\u0e48\u0e17\u0e23\u0e32\u0e1a","NationEn":"Unknown","Province":"\u0e2a\u0e21\u0e38\u0e17\u0e23\u0e2a\u0e32\u0e04\u0e23","ProvinceId":62,"District":"","ProvinceEn":"Samut Sakhon","Detail":null,"StatQuarantine":0},{"ConfirmDate":1610582400000,"No":"11214","Age":null,"Gender":"\u0e44\u0e21\u0e48\u0e23\u0e30\u0e1a\u0e38\u0e40\u0e1e\u0e28","GenderEn":"Unknown","Nation":"\u0e44\u0e21\u0e48\u0e17\u0e23\u0e32\u0e1a","NationEn":"Unknown","Province":"\u0e2a\u0e21\u0e38\u0e17\u0e23\u0e2a\u0e32\u0e04\u0e23","ProvinceId":62,"District":"","ProvinceEn":"Samut Sakhon","Detail":null,"StatQuarantine":0},{"ConfirmDate":1610582400000,"No":"11213","Age":null,"Gender":"\u0e44\u0e21\u0e48\u0e23\u0e30\u0e1a\u0e38\u0e40\u0e1e\u0e28","GenderEn":"Unknown","Nation":"\u0e44\u0e21\u0e48\u0e17\u0e23\u0e32\u0e1a","NationEn":"Unknown","Province":"\u0e2a\u0e21\u0e38\u0e17\u0e23\u0e2a\u0e32\u0e04\u0e23","ProvinceId":62,"District":"","ProvinceEn":"Samut Sakhon","Detail":null,"StatQuarantine":0},{"ConfirmDate":1610582400000,"No":"11212","Age":null,"Gender":"\u0e44\u0e21\u0e48\u0e23\u0e30\u0e1a\u0e38\u0e40\u0e1e\u0e28","GenderEn":"Unknown","Nation":"\u0e44\u0e21\u0e48\u0e17\u0e23\u0e32\u0e1a","NationEn":"Unknown","Province":"\u0e2a\u0e21\u0e38\u0e17\u0e23\u0e2a\u0e32\u0e04\u0e23","ProvinceId":62,"District":"","ProvinceEn":"Samut Sakhon","Detail":null,"StatQuarantine":0},{"ConfirmDate":1610582400000,"No":"11211","Age":null,"Gender":"\u0e44\u0e21\u0e48\u0e23\u0e30\u0e1a\u0e38\u0e40\u0e1e\u0e28","GenderEn":"Unknown","Nation":"\u0e44\u0e21\u0e48\u0e17\u0e23\u0e32\u0e1a","NationEn":"Unknown","Province":"\u0e2a\u0e21\u0e38\u0e17\u0e23\u0e2a\u0e32\u0e04\u0e23","ProvinceId":62,"District":"","ProvinceEn":"Samut Sakhon","Detail":null,"StatQuarantine":0},{"ConfirmDate":1610582400000,"No":"11210","Age":null,"Gender":"\u0e44\u0e21\u0e48\u0e23\u0e30\u0e1a\u0e38\u0e40\u0e1e\u0e28","GenderEn":"Unknown","Nation":"\u0e44\u0e21\u0e48\u0e17\u0e23\u0e32\u0e1a","NationEn":"Unknown","Province":"\u0e2a\u0e21\u0e38\u0e17\u0e23\u0e2a\u0e32\u0e04\u0e23","ProvinceId":62,"District":"","ProvinceEn":"Samut Sakhon","Detail":null,"StatQuarantine":0},{"ConfirmDate":1610582400000,"No":"11209","Age":null,"Gender":"\u0e44\u0e21\u0e48\u0e23\u0e30\u0e1a\u0e38\u0e40\u0e1e\u0e28","GenderEn":"Unknown","Nation":"\u0e44\u0e21\u0e48\u0e17\u0e23\u0e32\u0e1a","NationEn":"Unknown","Province":"\u0e2a\u0e21\u0e38\u0e17\u0e23\u0e2a\u0e32\u0e04\u0e23","ProvinceId":62,"District":"","ProvinceEn":"Samut Sakhon","Detail":null,"StatQuarantine":0},{"ConfirmDate":1610582400000,"No":"11208","Age":null,"Gender":"\u0e44\u0e21\u0e48\u0e23\u0e30\u0e1a\u0e38\u0e40\u0e1e\u0e28","GenderEn":"Unknown","Nation":"\u0e44\u0e21\u0e48\u0e17\u0e23\u0e32\u0e1a","NationEn":"Unknown","Province":"\u0e2a\u0e21\u0e38\u0e17\u0e23\u0e2a\u0e32\u0e04\u0e23","ProvinceId":62,"District":"","ProvinceEn":"Samut Sakhon","Detail":null,"StatQuarantine":0},{"ConfirmDate":1610582400000,"No":"11207","Age":null,"Gender":"\u0e44\u0e21\u0e48\u0e23\u0e30\u0e1a\u0e38\u0e40\u0e1e\u0e28","GenderEn":"Unknown","Nation":"\u0e44\u0e21\u0e48\u0e17\u0e23\u0e32\u0e1a","NationEn":"Unknown","Province":"\u0e2a\u0e21\u0e38\u0e17\u0e23\u0e2a\u0e32\u0e04\u0e23","ProvinceId":62,"District":"","ProvinceEn":"Samut Sakhon","Detail":null,"StatQuarantine":0},{"ConfirmDate":1610582400000,"No":"11206","Age":null,"Gender":"\u0e44\u0e21\u0e48\u0e23\u0e30\u0e1a\u0e38\u0e40\u0e1e\u0e28","GenderEn":"Unknown","Nation":"\u0e44\u0e21\u0e48\u0e17\u0e23\u0e32\u0e1a","NationEn":"Unknown","Province":"\u0e2a\u0e21\u0e38\u0e17\u0e23\u0e2a\u0e32\u0e04\u0e23","ProvinceId":62,"District":"","ProvinceEn":"Samut Sakhon","Detail":null,"StatQuarantine":0},{"ConfirmDate":1610582400000,"No":"11205","Age":null,"Gender":"\u0e44\u0e21\u0e48\u0e23\u0e30\u0e1a\u0e38\u0e40\u0e1e\u0e28","GenderEn":"Unknown","Nation":"\u0e44\u0e21\u0e48\u0e17\u0e23\u0e32\u0e1a","NationEn":"Unknown","Province":"\u0e2a\u0e21\u0e38\u0e17\u0e23\u0e2a\u0e32\u0e04\u0e23","ProvinceId":62,"District":"","ProvinceEn":"Samut Sakhon","Detail":null,"StatQuarantine":0},{"ConfirmDate":1610582400000,"No":"11204","Age":null,"Gender":"\u0e44\u0e21\u0e48\u0e23\u0e30\u0e1a\u0e38\u0e40\u0e1e\u0e28","GenderEn":"Unknown","Nation":"\u0e44\u0e21\u0e48\u0e17\u0e23\u0e32\u0e1a","NationEn":"Unknown","Province":"\u0e2a\u0e21\u0e38\u0e17\u0e23\u0e2a\u0e32\u0e04\u0e23","ProvinceId":62,"District":"","ProvinceEn":"Samut Sakhon","Detail":null,"StatQuarantine":0},{"ConfirmDate":1610582400000,"No":"11203","Age":null,"Gender":"\u0e44\u0e21\u0e48\u0e23\u0e30\u0e1a\u0e38\u0e40\u0e1e\u0e28","GenderEn":"Unknown","Nation":"\u0e44\u0e21\u0e48\u0e17\u0e23\u0e32\u0e1a","NationEn":"Unknown","Province":"\u0e2a\u0e21\u0e38\u0e17\u0e23\u0e2a\u0e32\u0e04\u0e23","ProvinceId":62,"District":"","ProvinceEn":"Samut Sakhon","Detail":null,"StatQuarantine":0},{"ConfirmDate":1610582400000,"No":"11202","Age":null,"Gender":"\u0e44\u0e21\u0e48\u0e23\u0e30\u0e1a\u0e38\u0e40\u0e1e\u0e28","GenderEn":"Unknown","Nation":"\u0e44\u0e21\u0e48\u0e17\u0e23\u0e32\u0e1a","NationEn":"Unknown","Province":"\u0e2a\u0e21\u0e38\u0e17\u0e23\u0e2a\u0e32\u0e04\u0e23","ProvinceId":62,"District":"","ProvinceEn":"Samut Sakhon","Detail":null,"StatQuarantine":0},{"ConfirmDate":1610582400000,"No":"11201","Age":null,"Gender":"\u0e44\u0e21\u0e48\u0e23\u0e30\u0e1a\u0e38\u0e40\u0e1e\u0e28","GenderEn":"Unknown","Nation":"\u0e44\u0e21\u0e48\u0e17\u0e23\u0e32\u0e1a","NationEn":"Unknown","Province":"\u0e2a\u0e21\u0e38\u0e17\u0e23\u0e2a\u0e32\u0e04\u0e23","ProvinceId":62,"District":"","ProvinceEn":"Samut Sakhon","Detail":null,"StatQuarantine":0},{"ConfirmDate":1610582400000,"No":"11200","Age":null,"Gender":"\u0e44\u0e21\u0e48\u0e23\u0e30\u0e1a\u0e38\u0e40\u0e1e\u0e28","GenderEn":"Unknown","Nation":"\u0e44\u0e21\u0e48\u0e17\u0e23\u0e32\u0e1a","NationEn":"Unknown","Province":"\u0e2a\u0e21\u0e38\u0e17\u0e23\u0e2a\u0e32\u0e04\u0e23","ProvinceId":62,"District":"","ProvinceEn":"Samut Sakhon","Detail":null,"StatQuarantine":0},{"ConfirmDate":1610582400000,"No":"11199","Age":null,"Gender":"\u0e44\u0e21\u0e48\u0e23\u0e30\u0e1a\u0e38\u0e40\u0e1e\u0e28","GenderEn":"Unknown","Nation":"\u0e44\u0e21\u0e48\u0e17\u0e23\u0e32\u0e1a","NationEn":"Unknown","Province":"\u0e2a\u0e21\u0e38\u0e17\u0e23\u0e2a\u0e32\u0e04\u0e23","ProvinceId":62,"District":"","ProvinceEn":"Samut Sakhon","Detail":null,"StatQuarantine":0},{"ConfirmDate":1610582400000,"No":"11198","Age":null,"Gender":"\u0e44\u0e21\u0e48\u0e23\u0e30\u0e1a\u0e38\u0e40\u0e1e\u0e28","GenderEn":"Unknown","Nation":"\u0e44\u0e21\u0e48\u0e17\u0e23\u0e32\u0e1a","NationEn":"Unknown","Province":"\u0e2a\u0e21\u0e38\u0e17\u0e23\u0e2a\u0e32\u0e04\u0e23","ProvinceId":62,"District":"","ProvinceEn":"Samut Sakhon","Detail":null,"StatQuarantine":0},{"ConfirmDate":1610582400000,"No":"11197","Age":null,"Gender":"\u0e44\u0e21\u0e48\u0e23\u0e30\u0e1a\u0e38\u0e40\u0e1e\u0e28","GenderEn":"Unknown","Nation":"\u0e44\u0e21\u0e48\u0e17\u0e23\u0e32\u0e1a","NationEn":"Unknown","Province":"\u0e2a\u0e21\u0e38\u0e17\u0e23\u0e2a\u0e32\u0e04\u0e23","ProvinceId":62,"District":"","ProvinceEn":"Samut Sakhon","Detail":null,"StatQuarantine":0},{"ConfirmDate":1610582400000,"No":"11196","Age":null,"Gender":"\u0e44\u0e21\u0e48\u0e23\u0e30\u0e1a\u0e38\u0e40\u0e1e\u0e28","GenderEn":"Unknown","Nation":"\u0e44\u0e21\u0e48\u0e17\u0e23\u0e32\u0e1a","NationEn":"Unknown","Province":"\u0e2a\u0e21\u0e38\u0e17\u0e23\u0e2a\u0e32\u0e04\u0e23","ProvinceId":62,"District":"","ProvinceEn":"Samut Sakhon","Detail":null,"StatQuarantine":0},{"ConfirmDate":1610582400000,"No":"11195","Age":null,"Gender":"\u0e44\u0e21\u0e48\u0e23\u0e30\u0e1a\u0e38\u0e40\u0e1e\u0e28","GenderEn":"Unknown","Nation":"\u0e44\u0e21\u0e48\u0e17\u0e23\u0e32\u0e1a","NationEn":"Unknown","Province":"\u0e2a\u0e21\u0e38\u0e17\u0e23\u0e2a\u0e32\u0e04\u0e23","ProvinceId":62,"District":"","ProvinceEn":"Samut Sakhon","Detail":null,"StatQuarantine":0},{"ConfirmDate":1610582400000,"No":"11194","Age":null,"Gender":"\u0e44\u0e21\u0e48\u0e23\u0e30\u0e1a\u0e38\u0e40\u0e1e\u0e28","GenderEn":"Unknown","Nation":"\u0e44\u0e21\u0e48\u0e17\u0e23\u0e32\u0e1a","NationEn":"Unknown","Province":"\u0e2a\u0e21\u0e38\u0e17\u0e23\u0e2a\u0e32\u0e04\u0e23","ProvinceId":62,"District":"","ProvinceEn":"Samut Sakhon","Detail":null,"StatQuarantine":0},{"ConfirmDate":1610582400000,"No":"11193","Age":null,"Gender":"\u0e44\u0e21\u0e48\u0e23\u0e30\u0e1a\u0e38\u0e40\u0e1e\u0e28","GenderEn":"Unknown","Nation":"\u0e44\u0e21\u0e48\u0e17\u0e23\u0e32\u0e1a","NationEn":"Unknown","Province":"\u0e2a\u0e21\u0e38\u0e17\u0e23\u0e2a\u0e32\u0e04\u0e23","ProvinceId":62,"District":"","ProvinceEn":"Samut Sakhon","Detail":null,"StatQuarantine":0},{"ConfirmDate":1610582400000,"No":"11192","Age":null,"Gender":"\u0e44\u0e21\u0e48\u0e23\u0e30\u0e1a\u0e38\u0e40\u0e1e\u0e28","GenderEn":"Unknown","Nation":"\u0e44\u0e21\u0e48\u0e17\u0e23\u0e32\u0e1a","NationEn":"Unknown","Province":"\u0e2a\u0e21\u0e38\u0e17\u0e23\u0e2a\u0e32\u0e04\u0e23","ProvinceId":62,"District":"","ProvinceEn":"Samut Sakhon","Detail":null,"StatQuarantine":0},{"ConfirmDate":1610582400000,"No":"11191","Age":null,"Gender":"\u0e44\u0e21\u0e48\u0e23\u0e30\u0e1a\u0e38\u0e40\u0e1e\u0e28","GenderEn":"Unknown","Nation":"\u0e44\u0e21\u0e48\u0e17\u0e23\u0e32\u0e1a","NationEn":"Unknown","Province":"\u0e2a\u0e21\u0e38\u0e17\u0e23\u0e2a\u0e32\u0e04\u0e23","ProvinceId":62,"District":"","ProvinceEn":"Samut Sakhon","Detail":null,"StatQuarantine":0},{"ConfirmDate":1610582400000,"No":"11190","Age":null,"Gender":"\u0e44\u0e21\u0e48\u0e23\u0e30\u0e1a\u0e38\u0e40\u0e1e\u0e28","GenderEn":"Unknown","Nation":"\u0e44\u0e21\u0e48\u0e17\u0e23\u0e32\u0e1a","NationEn":"Unknown","Province":"\u0e2a\u0e21\u0e38\u0e17\u0e23\u0e2a\u0e32\u0e04\u0e23","ProvinceId":62,"District":"","ProvinceEn":"Samut Sakhon","Detail":null,"StatQuarantine":0},{"ConfirmDate":1610582400000,"No":"11189","Age":null,"Gender":"\u0e44\u0e21\u0e48\u0e23\u0e30\u0e1a\u0e38\u0e40\u0e1e\u0e28","GenderEn":"Unknown","Nation":"\u0e44\u0e21\u0e48\u0e17\u0e23\u0e32\u0e1a","NationEn":"Unknown","Province":"\u0e2a\u0e21\u0e38\u0e17\u0e23\u0e2a\u0e32\u0e04\u0e23","ProvinceId":62,"District":"","ProvinceEn":"Samut Sakhon","Detail":null,"StatQuarantine":0},{"ConfirmDate":1610582400000,"No":"11188","Age":null,"Gender":"\u0e44\u0e21\u0e48\u0e23\u0e30\u0e1a\u0e38\u0e40\u0e1e\u0e28","GenderEn":"Unknown","Nation":"\u0e44\u0e21\u0e48\u0e17\u0e23\u0e32\u0e1a","NationEn":"Unknown","Province":"\u0e2a\u0e21\u0e38\u0e17\u0e23\u0e2a\u0e32\u0e04\u0e23","ProvinceId":62,"District":"","ProvinceEn":"Samut Sakhon","Detail":null,"StatQuarantine":0},{"ConfirmDate":1610582400000,"No":"11187","Age":null,"Gender":"\u0e44\u0e21\u0e48\u0e23\u0e30\u0e1a\u0e38\u0e40\u0e1e\u0e28","GenderEn":"Unknown","Nation":"\u0e44\u0e21\u0e48\u0e17\u0e23\u0e32\u0e1a","NationEn":"Unknown","Province":"\u0e2a\u0e21\u0e38\u0e17\u0e23\u0e2a\u0e32\u0e04\u0e23","ProvinceId":62,"District":"","ProvinceEn":"Samut Sakhon","Detail":null,"StatQuarantine":0},{"ConfirmDate":1610582400000,"No":"11186","Age":null,"Gender":"\u0e44\u0e21\u0e48\u0e23\u0e30\u0e1a\u0e38\u0e40\u0e1e\u0e28","GenderEn":"Unknown","Nation":"\u0e44\u0e21\u0e48\u0e17\u0e23\u0e32\u0e1a","NationEn":"Unknown","Province":"\u0e2a\u0e21\u0e38\u0e17\u0e23\u0e2a\u0e32\u0e04\u0e23","ProvinceId":62,"District":"","ProvinceEn":"Samut Sakhon","Detail":null,"StatQuarantine":0},{"ConfirmDate":1610582400000,"No":"11185","Age":null,"Gender":"\u0e44\u0e21\u0e48\u0e23\u0e30\u0e1a\u0e38\u0e40\u0e1e\u0e28","GenderEn":"Unknown","Nation":"\u0e44\u0e21\u0e48\u0e17\u0e23\u0e32\u0e1a","NationEn":"Unknown","Province":"\u0e2a\u0e21\u0e38\u0e17\u0e23\u0e2a\u0e32\u0e04\u0e23","ProvinceId":62,"District":"","ProvinceEn":"Samut Sakhon","Detail":null,"StatQuarantine":0},{"ConfirmDate":1610582400000,"No":"11184","Age":null,"Gender":"\u0e44\u0e21\u0e48\u0e23\u0e30\u0e1a\u0e38\u0e40\u0e1e\u0e28","GenderEn":"Unknown","Nation":"\u0e44\u0e21\u0e48\u0e17\u0e23\u0e32\u0e1a","NationEn":"Unknown","Province":"\u0e2a\u0e21\u0e38\u0e17\u0e23\u0e2a\u0e32\u0e04\u0e23","ProvinceId":62,"District":"","ProvinceEn":"Samut Sakhon","Detail":null,"StatQuarantine":0},{"ConfirmDate":1610582400000,"No":"11183","Age":null,"Gender":"\u0e44\u0e21\u0e48\u0e23\u0e30\u0e1a\u0e38\u0e40\u0e1e\u0e28","GenderEn":"Unknown","Nation":"\u0e44\u0e21\u0e48\u0e17\u0e23\u0e32\u0e1a","NationEn":"Unknown","Province":"\u0e2a\u0e21\u0e38\u0e17\u0e23\u0e2a\u0e32\u0e04\u0e23","ProvinceId":62,"District":"","ProvinceEn":"Samut Sakhon","Detail":null,"StatQuarantine":0},{"ConfirmDate":1610582400000,"No":"11182","Age":null,"Gender":"\u0e44\u0e21\u0e48\u0e23\u0e30\u0e1a\u0e38\u0e40\u0e1e\u0e28","GenderEn":"Unknown","Nation":"\u0e44\u0e21\u0e48\u0e17\u0e23\u0e32\u0e1a","NationEn":"Unknown","Province":"\u0e2a\u0e21\u0e38\u0e17\u0e23\u0e2a\u0e32\u0e04\u0e23","ProvinceId":62,"District":"","ProvinceEn":"Samut Sakhon","Detail":null,"StatQuarantine":0},{"ConfirmDate":1610582400000,"No":"11181","Age":null,"Gender":"\u0e44\u0e21\u0e48\u0e23\u0e30\u0e1a\u0e38\u0e40\u0e1e\u0e28","GenderEn":"Unknown","Nation":"\u0e44\u0e21\u0e48\u0e17\u0e23\u0e32\u0e1a","NationEn":"Unknown","Province":"\u0e2a\u0e21\u0e38\u0e17\u0e23\u0e2a\u0e32\u0e04\u0e23","ProvinceId":62,"District":"","ProvinceEn":"Samut Sakhon","Detail":null,"StatQuarantine":0},{"ConfirmDate":1610582400000,"No":"11180","Age":null,"Gender":"\u0e44\u0e21\u0e48\u0e23\u0e30\u0e1a\u0e38\u0e40\u0e1e\u0e28","GenderEn":"Unknown","Nation":"\u0e44\u0e21\u0e48\u0e17\u0e23\u0e32\u0e1a","NationEn":"Unknown","Province":"\u0e2a\u0e21\u0e38\u0e17\u0e23\u0e2a\u0e32\u0e04\u0e23","ProvinceId":62,"District":"","ProvinceEn":"Samut Sakhon","Detail":null,"StatQuarantine":0},{"ConfirmDate":1610582400000,"No":"11179","Age":null,"Gender":"\u0e44\u0e21\u0e48\u0e23\u0e30\u0e1a\u0e38\u0e40\u0e1e\u0e28","GenderEn":"Unknown","Nation":"\u0e44\u0e21\u0e48\u0e17\u0e23\u0e32\u0e1a","NationEn":"Unknown","Province":"\u0e2a\u0e21\u0e38\u0e17\u0e23\u0e2a\u0e32\u0e04\u0e23","ProvinceId":62,"District":"","ProvinceEn":"Samut Sakhon","Detail":null,"StatQuarantine":0},{"ConfirmDate":1610582400000,"No":"11178","Age":null,"Gender":"\u0e44\u0e21\u0e48\u0e23\u0e30\u0e1a\u0e38\u0e40\u0e1e\u0e28","GenderEn":"Unknown","Nation":"\u0e44\u0e21\u0e48\u0e17\u0e23\u0e32\u0e1a","NationEn":"Unknown","Province":"\u0e2a\u0e21\u0e38\u0e17\u0e23\u0e2a\u0e32\u0e04\u0e23","ProvinceId":62,"District":"","ProvinceEn":"Samut Sakhon","Detail":null,"StatQuarantine":0},{"ConfirmDate":1610582400000,"No":"11177","Age":null,"Gender":"\u0e44\u0e21\u0e48\u0e23\u0e30\u0e1a\u0e38\u0e40\u0e1e\u0e28","GenderEn":"Unknown","Nation":"\u0e44\u0e21\u0e48\u0e17\u0e23\u0e32\u0e1a","NationEn":"Unknown","Province":"\u0e2a\u0e21\u0e38\u0e17\u0e23\u0e2a\u0e32\u0e04\u0e23","ProvinceId":62,"District":"","ProvinceEn":"Samut Sakhon","Detail":null,"StatQuarantine":0},{"ConfirmDate":1610582400000,"No":"11176","Age":null,"Gender":"\u0e44\u0e21\u0e48\u0e23\u0e30\u0e1a\u0e38\u0e40\u0e1e\u0e28","GenderEn":"Unknown","Nation":"\u0e44\u0e21\u0e48\u0e17\u0e23\u0e32\u0e1a","NationEn":"Unknown","Province":"\u0e2a\u0e21\u0e38\u0e17\u0e23\u0e2a\u0e32\u0e04\u0e23","ProvinceId":62,"District":"","ProvinceEn":"Samut Sakhon","Detail":null,"StatQuarantine":0},{"ConfirmDate":1610582400000,"No":"11175","Age":null,"Gender":"\u0e44\u0e21\u0e48\u0e23\u0e30\u0e1a\u0e38\u0e40\u0e1e\u0e28","GenderEn":"Unknown","Nation":"\u0e44\u0e21\u0e48\u0e17\u0e23\u0e32\u0e1a","NationEn":"Unknown","Province":"\u0e2a\u0e21\u0e38\u0e17\u0e23\u0e2a\u0e32\u0e04\u0e23","ProvinceId":62,"District":"","ProvinceEn":"Samut Sakhon","Detail":null,"StatQuarantine":0},{"ConfirmDate":1610582400000,"No":"11174","Age":null,"Gender":"\u0e44\u0e21\u0e48\u0e23\u0e30\u0e1a\u0e38\u0e40\u0e1e\u0e28","GenderEn":"Unknown","Nation":"\u0e44\u0e21\u0e48\u0e17\u0e23\u0e32\u0e1a","NationEn":"Unknown","Province":"\u0e2a\u0e21\u0e38\u0e17\u0e23\u0e2a\u0e32\u0e04\u0e23","ProvinceId":62,"District":"","ProvinceEn":"Samut Sakhon","Detail":null,"StatQuarantine":0},{"ConfirmDate":1610582400000,"No":"11173","Age":null,"Gender":"\u0e44\u0e21\u0e48\u0e23\u0e30\u0e1a\u0e38\u0e40\u0e1e\u0e28","GenderEn":"Unknown","Nation":"\u0e44\u0e21\u0e48\u0e17\u0e23\u0e32\u0e1a","NationEn":"Unknown","Province":"\u0e2a\u0e21\u0e38\u0e17\u0e23\u0e2a\u0e32\u0e04\u0e23","ProvinceId":62,"District":"","ProvinceEn":"Samut Sakhon","Detail":null,"StatQuarantine":0},{"ConfirmDate":1610582400000,"No":"11172","Age":null,"Gender":"\u0e44\u0e21\u0e48\u0e23\u0e30\u0e1a\u0e38\u0e40\u0e1e\u0e28","GenderEn":"Unknown","Nation":"\u0e44\u0e21\u0e48\u0e17\u0e23\u0e32\u0e1a","NationEn":"Unknown","Province":"\u0e2a\u0e21\u0e38\u0e17\u0e23\u0e2a\u0e32\u0e04\u0e23","ProvinceId":62,"District":"","ProvinceEn":"Samut Sakhon","Detail":null,"StatQuarantine":0},{"ConfirmDate":1610582400000,"No":"11171","Age":null,"Gender":"\u0e44\u0e21\u0e48\u0e23\u0e30\u0e1a\u0e38\u0e40\u0e1e\u0e28","GenderEn":"Unknown","Nation":"\u0e44\u0e21\u0e48\u0e17\u0e23\u0e32\u0e1a","NationEn":"Unknown","Province":"\u0e2a\u0e21\u0e38\u0e17\u0e23\u0e2a\u0e32\u0e04\u0e23","ProvinceId":62,"District":"","ProvinceEn":"Samut Sakhon","Detail":null,"StatQuarantine":0},{"ConfirmDate":1610582400000,"No":"11170","Age":null,"Gender":"\u0e44\u0e21\u0e48\u0e23\u0e30\u0e1a\u0e38\u0e40\u0e1e\u0e28","GenderEn":"Unknown","Nation":"\u0e44\u0e21\u0e48\u0e17\u0e23\u0e32\u0e1a","NationEn":"Unknown","Province":"\u0e2a\u0e21\u0e38\u0e17\u0e23\u0e2a\u0e32\u0e04\u0e23","ProvinceId":62,"District":"","ProvinceEn":"Samut Sakhon","Detail":null,"StatQuarantine":0},{"ConfirmDate":1610582400000,"No":"11169","Age":null,"Gender":"\u0e44\u0e21\u0e48\u0e23\u0e30\u0e1a\u0e38\u0e40\u0e1e\u0e28","GenderEn":"Unknown","Nation":"\u0e44\u0e21\u0e48\u0e17\u0e23\u0e32\u0e1a","NationEn":"Unknown","Province":"\u0e2a\u0e21\u0e38\u0e17\u0e23\u0e2a\u0e32\u0e04\u0e23","ProvinceId":62,"District":"","ProvinceEn":"Samut Sakhon","Detail":null,"StatQuarantine":0},{"ConfirmDate":1610582400000,"No":"11168","Age":null,"Gender":"\u0e44\u0e21\u0e48\u0e23\u0e30\u0e1a\u0e38\u0e40\u0e1e\u0e28","GenderEn":"Unknown","Nation":"\u0e44\u0e21\u0e48\u0e17\u0e23\u0e32\u0e1a","NationEn":"Unknown","Province":"\u0e2a\u0e21\u0e38\u0e17\u0e23\u0e2a\u0e32\u0e04\u0e23","ProvinceId":62,"District":"","ProvinceEn":"Samut Sakhon","Detail":null,"StatQuarantine":0},{"ConfirmDate":1610582400000,"No":"11167","Age":null,"Gender":"\u0e44\u0e21\u0e48\u0e23\u0e30\u0e1a\u0e38\u0e40\u0e1e\u0e28","GenderEn":"Unknown","Nation":"\u0e44\u0e21\u0e48\u0e17\u0e23\u0e32\u0e1a","NationEn":"Unknown","Province":"\u0e2a\u0e21\u0e38\u0e17\u0e23\u0e2a\u0e32\u0e04\u0e23","ProvinceId":62,"District":"","ProvinceEn":"Samut Sakhon","Detail":null,"StatQuarantine":0},{"ConfirmDate":1610582400000,"No":"11166","Age":null,"Gender":"\u0e44\u0e21\u0e48\u0e23\u0e30\u0e1a\u0e38\u0e40\u0e1e\u0e28","GenderEn":"Unknown","Nation":"\u0e44\u0e21\u0e48\u0e17\u0e23\u0e32\u0e1a","NationEn":"Unknown","Province":"\u0e2a\u0e21\u0e38\u0e17\u0e23\u0e2a\u0e32\u0e04\u0e23","ProvinceId":62,"District":"","ProvinceEn":"Samut Sakhon","Detail":null,"StatQuarantine":0},{"ConfirmDate":1610582400000,"No":"11165","Age":null,"Gender":"\u0e44\u0e21\u0e48\u0e23\u0e30\u0e1a\u0e38\u0e40\u0e1e\u0e28","GenderEn":"Unknown","Nation":"\u0e44\u0e21\u0e48\u0e17\u0e23\u0e32\u0e1a","NationEn":"Unknown","Province":"\u0e2a\u0e21\u0e38\u0e17\u0e23\u0e2a\u0e32\u0e04\u0e23","ProvinceId":62,"District":"","ProvinceEn":"Samut Sakhon","Detail":null,"StatQuarantine":0},{"ConfirmDate":1610582400000,"No":"11164","Age":null,"Gender":"\u0e44\u0e21\u0e48\u0e23\u0e30\u0e1a\u0e38\u0e40\u0e1e\u0e28","GenderEn":"Unknown","Nation":"\u0e44\u0e21\u0e48\u0e17\u0e23\u0e32\u0e1a","NationEn":"Unknown","Province":"\u0e2a\u0e21\u0e38\u0e17\u0e23\u0e2a\u0e32\u0e04\u0e23","ProvinceId":62,"District":"","ProvinceEn":"Samut Sakhon","Detail":null,"StatQuarantine":0},{"ConfirmDate":1610582400000,"No":"11163","Age":null,"Gender":"\u0e44\u0e21\u0e48\u0e23\u0e30\u0e1a\u0e38\u0e40\u0e1e\u0e28","GenderEn":"Unknown","Nation":"\u0e44\u0e21\u0e48\u0e17\u0e23\u0e32\u0e1a","NationEn":"Unknown","Province":"\u0e2a\u0e21\u0e38\u0e17\u0e23\u0e2a\u0e32\u0e04\u0e23","ProvinceId":62,"District":"","ProvinceEn":"Samut Sakhon","Detail":null,"StatQuarantine":0},{"ConfirmDate":1610582400000,"No":"11162","Age":null,"Gender":"\u0e44\u0e21\u0e48\u0e23\u0e30\u0e1a\u0e38\u0e40\u0e1e\u0e28","GenderEn":"Unknown","Nation":"\u0e44\u0e21\u0e48\u0e17\u0e23\u0e32\u0e1a","NationEn":"Unknown","Province":"\u0e2a\u0e21\u0e38\u0e17\u0e23\u0e2a\u0e32\u0e04\u0e23","ProvinceId":62,"District":"","ProvinceEn":"Samut Sakhon","Detail":null,"StatQuarantine":0},{"ConfirmDate":1610582400000,"No":"11161","Age":null,"Gender":"\u0e44\u0e21\u0e48\u0e23\u0e30\u0e1a\u0e38\u0e40\u0e1e\u0e28","GenderEn":"Unknown","Nation":"\u0e44\u0e21\u0e48\u0e17\u0e23\u0e32\u0e1a","NationEn":"Unknown","Province":"\u0e2a\u0e21\u0e38\u0e17\u0e23\u0e2a\u0e32\u0e04\u0e23","ProvinceId":62,"District":"","ProvinceEn":"Samut Sakhon","Detail":null,"StatQuarantine":0},{"ConfirmDate":1610582400000,"No":"11160","Age":null,"Gender":"\u0e44\u0e21\u0e48\u0e23\u0e30\u0e1a\u0e38\u0e40\u0e1e\u0e28","GenderEn":"Unknown","Nation":"\u0e44\u0e21\u0e48\u0e17\u0e23\u0e32\u0e1a","NationEn":"Unknown","Province":"\u0e2a\u0e21\u0e38\u0e17\u0e23\u0e2a\u0e32\u0e04\u0e23","ProvinceId":62,"District":"","ProvinceEn":"Samut Sakhon","Detail":null,"StatQuarantine":0},{"ConfirmDate":1610582400000,"No":"11159","Age":null,"Gender":"\u0e44\u0e21\u0e48\u0e23\u0e30\u0e1a\u0e38\u0e40\u0e1e\u0e28","GenderEn":"Unknown","Nation":"\u0e44\u0e21\u0e48\u0e17\u0e23\u0e32\u0e1a","NationEn":"Unknown","Province":"\u0e2a\u0e21\u0e38\u0e17\u0e23\u0e2a\u0e32\u0e04\u0e23","ProvinceId":62,"District":"","ProvinceEn":"Samut Sakhon","Detail":null,"StatQuarantine":0},{"ConfirmDate":1610582400000,"No":"11158","Age":null,"Gender":"\u0e44\u0e21\u0e48\u0e23\u0e30\u0e1a\u0e38\u0e40\u0e1e\u0e28","GenderEn":"Unknown","Nation":"\u0e44\u0e21\u0e48\u0e17\u0e23\u0e32\u0e1a","NationEn":"Unknown","Province":"\u0e2a\u0e21\u0e38\u0e17\u0e23\u0e2a\u0e32\u0e04\u0e23","ProvinceId":62,"District":"","ProvinceEn":"Samut Sakhon","Detail":null,"StatQuarantine":0},{"ConfirmDate":1610582400000,"No":"11157","Age":null,"Gender":"\u0e44\u0e21\u0e48\u0e23\u0e30\u0e1a\u0e38\u0e40\u0e1e\u0e28","GenderEn":"Unknown","Nation":"\u0e44\u0e21\u0e48\u0e17\u0e23\u0e32\u0e1a","NationEn":"Unknown","Province":"\u0e2a\u0e21\u0e38\u0e17\u0e23\u0e2a\u0e32\u0e04\u0e23","ProvinceId":62,"District":"","ProvinceEn":"Samut Sakhon","Detail":null,"StatQuarantine":0},{"ConfirmDate":1610582400000,"No":"11156","Age":null,"Gender":"\u0e44\u0e21\u0e48\u0e23\u0e30\u0e1a\u0e38\u0e40\u0e1e\u0e28","GenderEn":"Unknown","Nation":"\u0e44\u0e21\u0e48\u0e17\u0e23\u0e32\u0e1a","NationEn":"Unknown","Province":"\u0e2a\u0e21\u0e38\u0e17\u0e23\u0e2a\u0e32\u0e04\u0e23","ProvinceId":62,"District":"","ProvinceEn":"Samut Sakhon","Detail":null,"StatQuarantine":0},{"ConfirmDate":1610582400000,"No":"11155","Age":null,"Gender":"\u0e44\u0e21\u0e48\u0e23\u0e30\u0e1a\u0e38\u0e40\u0e1e\u0e28","GenderEn":"Unknown","Nation":"\u0e44\u0e21\u0e48\u0e17\u0e23\u0e32\u0e1a","NationEn":"Unknown","Province":"\u0e2a\u0e21\u0e38\u0e17\u0e23\u0e2a\u0e32\u0e04\u0e23","ProvinceId":62,"District":"","ProvinceEn":"Samut Sakhon","Detail":null,"StatQuarantine":0},{"ConfirmDate":1610582400000,"No":"11154","Age":null,"Gender":"\u0e44\u0e21\u0e48\u0e23\u0e30\u0e1a\u0e38\u0e40\u0e1e\u0e28","GenderEn":"Unknown","Nation":"\u0e44\u0e21\u0e48\u0e17\u0e23\u0e32\u0e1a","NationEn":"Unknown","Province":"\u0e2a\u0e21\u0e38\u0e17\u0e23\u0e2a\u0e32\u0e04\u0e23","ProvinceId":62,"District":"","ProvinceEn":"Samut Sakhon","Detail":null,"StatQuarantine":0},{"ConfirmDate":1610582400000,"No":"11153","Age":null,"Gender":"\u0e44\u0e21\u0e48\u0e23\u0e30\u0e1a\u0e38\u0e40\u0e1e\u0e28","GenderEn":"Unknown","Nation":"\u0e44\u0e21\u0e48\u0e17\u0e23\u0e32\u0e1a","NationEn":"Unknown","Province":"\u0e2a\u0e21\u0e38\u0e17\u0e23\u0e2a\u0e32\u0e04\u0e23","ProvinceId":62,"District":"","ProvinceEn":"Samut Sakhon","Detail":null,"StatQuarantine":0},{"ConfirmDate":1610582400000,"No":"11152","Age":null,"Gender":"\u0e44\u0e21\u0e48\u0e23\u0e30\u0e1a\u0e38\u0e40\u0e1e\u0e28","GenderEn":"Unknown","Nation":"\u0e44\u0e21\u0e48\u0e17\u0e23\u0e32\u0e1a","NationEn":"Unknown","Province":"\u0e2a\u0e21\u0e38\u0e17\u0e23\u0e2a\u0e32\u0e04\u0e23","ProvinceId":62,"District":"","ProvinceEn":"Samut Sakhon","Detail":null,"StatQuarantine":0},{"ConfirmDate":1610582400000,"No":"11151","Age":null,"Gender":"\u0e44\u0e21\u0e48\u0e23\u0e30\u0e1a\u0e38\u0e40\u0e1e\u0e28","GenderEn":"Unknown","Nation":"\u0e44\u0e21\u0e48\u0e17\u0e23\u0e32\u0e1a","NationEn":"Unknown","Province":"\u0e2a\u0e21\u0e38\u0e17\u0e23\u0e2a\u0e32\u0e04\u0e23","ProvinceId":62,"District":"","ProvinceEn":"Samut Sakhon","Detail":null,"StatQuarantine":0},{"ConfirmDate":1610582400000,"No":"11150","Age":null,"Gender":"\u0e44\u0e21\u0e48\u0e23\u0e30\u0e1a\u0e38\u0e40\u0e1e\u0e28","GenderEn":"Unknown","Nation":"\u0e44\u0e21\u0e48\u0e17\u0e23\u0e32\u0e1a","NationEn":"Unknown","Province":"\u0e2a\u0e21\u0e38\u0e17\u0e23\u0e2a\u0e32\u0e04\u0e23","ProvinceId":62,"District":"","ProvinceEn":"Samut Sakhon","Detail":null,"StatQuarantine":0},{"ConfirmDate":1610582400000,"No":"11149","Age":null,"Gender":"\u0e44\u0e21\u0e48\u0e23\u0e30\u0e1a\u0e38\u0e40\u0e1e\u0e28","GenderEn":"Unknown","Nation":"\u0e44\u0e21\u0e48\u0e17\u0e23\u0e32\u0e1a","NationEn":"Unknown","Province":"\u0e2a\u0e21\u0e38\u0e17\u0e23\u0e2a\u0e32\u0e04\u0e23","ProvinceId":62,"District":"","ProvinceEn":"Samut Sakhon","Detail":null,"StatQuarantine":0},{"ConfirmDate":1610582400000,"No":"11148","Age":null,"Gender":"\u0e44\u0e21\u0e48\u0e23\u0e30\u0e1a\u0e38\u0e40\u0e1e\u0e28","GenderEn":"Unknown","Nation":"\u0e44\u0e21\u0e48\u0e17\u0e23\u0e32\u0e1a","NationEn":"Unknown","Province":"\u0e2a\u0e21\u0e38\u0e17\u0e23\u0e2a\u0e32\u0e04\u0e23","ProvinceId":62,"District":"","ProvinceEn":"Samut Sakhon","Detail":null,"StatQuarantine":0},{"ConfirmDate":1610582400000,"No":"11147","Age":null,"Gender":"\u0e44\u0e21\u0e48\u0e23\u0e30\u0e1a\u0e38\u0e40\u0e1e\u0e28","GenderEn":"Unknown","Nation":"\u0e44\u0e21\u0e48\u0e17\u0e23\u0e32\u0e1a","NationEn":"Unknown","Province":"\u0e2a\u0e21\u0e38\u0e17\u0e23\u0e2a\u0e32\u0e04\u0e23","ProvinceId":62,"District":"","ProvinceEn":"Samut Sakhon","Detail":null,"StatQuarantine":0},{"ConfirmDate":1610582400000,"No":"11146","Age":null,"Gender":"\u0e44\u0e21\u0e48\u0e23\u0e30\u0e1a\u0e38\u0e40\u0e1e\u0e28","GenderEn":"Unknown","Nation":"\u0e44\u0e21\u0e48\u0e17\u0e23\u0e32\u0e1a","NationEn":"Unknown","Province":"\u0e2a\u0e21\u0e38\u0e17\u0e23\u0e2a\u0e32\u0e04\u0e23","ProvinceId":62,"District":"","ProvinceEn":"Samut Sakhon","Detail":null,"StatQuarantine":0},{"ConfirmDate":1610582400000,"No":"11145","Age":null,"Gender":"\u0e44\u0e21\u0e48\u0e23\u0e30\u0e1a\u0e38\u0e40\u0e1e\u0e28","GenderEn":"Unknown","Nation":"\u0e44\u0e21\u0e48\u0e17\u0e23\u0e32\u0e1a","NationEn":"Unknown","Province":"\u0e2a\u0e21\u0e38\u0e17\u0e23\u0e2a\u0e32\u0e04\u0e23","ProvinceId":62,"District":"","ProvinceEn":"Samut Sakhon","Detail":null,"StatQuarantine":0},{"ConfirmDate":1610582400000,"No":"11144","Age":null,"Gender":"\u0e44\u0e21\u0e48\u0e23\u0e30\u0e1a\u0e38\u0e40\u0e1e\u0e28","GenderEn":"Unknown","Nation":"\u0e44\u0e21\u0e48\u0e17\u0e23\u0e32\u0e1a","NationEn":"Unknown","Province":"\u0e2a\u0e21\u0e38\u0e17\u0e23\u0e2a\u0e32\u0e04\u0e23","ProvinceId":62,"District":"","ProvinceEn":"Samut Sakhon","Detail":null,"StatQuarantine":0},{"ConfirmDate":1610582400000,"No":"11143","Age":null,"Gender":"\u0e44\u0e21\u0e48\u0e23\u0e30\u0e1a\u0e38\u0e40\u0e1e\u0e28","GenderEn":"Unknown","Nation":"\u0e44\u0e21\u0e48\u0e17\u0e23\u0e32\u0e1a","NationEn":"Unknown","Province":"\u0e2a\u0e21\u0e38\u0e17\u0e23\u0e2a\u0e32\u0e04\u0e23","ProvinceId":62,"District":"","ProvinceEn":"Samut Sakhon","Detail":null,"StatQuarantine":0},{"ConfirmDate":1610582400000,"No":"11142","Age":null,"Gender":"\u0e44\u0e21\u0e48\u0e23\u0e30\u0e1a\u0e38\u0e40\u0e1e\u0e28","GenderEn":"Unknown","Nation":"\u0e44\u0e21\u0e48\u0e17\u0e23\u0e32\u0e1a","NationEn":"Unknown","Province":"\u0e2a\u0e21\u0e38\u0e17\u0e23\u0e2a\u0e32\u0e04\u0e23","ProvinceId":62,"District":"","ProvinceEn":"Samut Sakhon","Detail":null,"StatQuarantine":0},{"ConfirmDate":1610582400000,"No":"11141","Age":null,"Gender":"\u0e44\u0e21\u0e48\u0e23\u0e30\u0e1a\u0e38\u0e40\u0e1e\u0e28","GenderEn":"Unknown","Nation":"\u0e44\u0e21\u0e48\u0e17\u0e23\u0e32\u0e1a","NationEn":"Unknown","Province":"\u0e2a\u0e21\u0e38\u0e17\u0e23\u0e2a\u0e32\u0e04\u0e23","ProvinceId":62,"District":"","ProvinceEn":"Samut Sakhon","Detail":null,"StatQuarantine":0},{"ConfirmDate":1610582400000,"No":"11140","Age":null,"Gender":"\u0e44\u0e21\u0e48\u0e23\u0e30\u0e1a\u0e38\u0e40\u0e1e\u0e28","GenderEn":"Unknown","Nation":"\u0e44\u0e21\u0e48\u0e17\u0e23\u0e32\u0e1a","NationEn":"Unknown","Province":"\u0e2a\u0e21\u0e38\u0e17\u0e23\u0e2a\u0e32\u0e04\u0e23","ProvinceId":62,"District":"","ProvinceEn":"Samut Sakhon","Detail":null,"StatQuarantine":0},{"ConfirmDate":1610582400000,"No":"11139","Age":null,"Gender":"\u0e44\u0e21\u0e48\u0e23\u0e30\u0e1a\u0e38\u0e40\u0e1e\u0e28","GenderEn":"Unknown","Nation":"\u0e44\u0e21\u0e48\u0e17\u0e23\u0e32\u0e1a","NationEn":"Unknown","Province":"\u0e2a\u0e21\u0e38\u0e17\u0e23\u0e2a\u0e32\u0e04\u0e23","ProvinceId":62,"District":"","ProvinceEn":"Samut Sakhon","Detail":null,"StatQuarantine":0},{"ConfirmDate":1610582400000,"No":"11138","Age":null,"Gender":"\u0e44\u0e21\u0e48\u0e23\u0e30\u0e1a\u0e38\u0e40\u0e1e\u0e28","GenderEn":"Unknown","Nation":"\u0e44\u0e21\u0e48\u0e17\u0e23\u0e32\u0e1a","NationEn":"Unknown","Province":"\u0e2a\u0e21\u0e38\u0e17\u0e23\u0e2a\u0e32\u0e04\u0e23","ProvinceId":62,"District":"","ProvinceEn":"Samut Sakhon","Detail":null,"StatQuarantine":0},{"ConfirmDate":1610582400000,"No":"11137","Age":null,"Gender":"\u0e44\u0e21\u0e48\u0e23\u0e30\u0e1a\u0e38\u0e40\u0e1e\u0e28","GenderEn":"Unknown","Nation":"\u0e44\u0e21\u0e48\u0e17\u0e23\u0e32\u0e1a","NationEn":"Unknown","Province":"\u0e2a\u0e21\u0e38\u0e17\u0e23\u0e2a\u0e32\u0e04\u0e23","ProvinceId":62,"District":"","ProvinceEn":"Samut Sakhon","Detail":null,"StatQuarantine":0},{"ConfirmDate":1610582400000,"No":"11136","Age":null,"Gender":"\u0e44\u0e21\u0e48\u0e23\u0e30\u0e1a\u0e38\u0e40\u0e1e\u0e28","GenderEn":"Unknown","Nation":"\u0e44\u0e21\u0e48\u0e17\u0e23\u0e32\u0e1a","NationEn":"Unknown","Province":"\u0e2a\u0e21\u0e38\u0e17\u0e23\u0e2a\u0e32\u0e04\u0e23","ProvinceId":62,"District":"","ProvinceEn":"Samut Sakhon","Detail":null,"StatQuarantine":0},{"ConfirmDate":1610582400000,"No":"11135","Age":null,"Gender":"\u0e44\u0e21\u0e48\u0e23\u0e30\u0e1a\u0e38\u0e40\u0e1e\u0e28","GenderEn":"Unknown","Nation":"\u0e44\u0e21\u0e48\u0e17\u0e23\u0e32\u0e1a","NationEn":"Unknown","Province":"\u0e2a\u0e21\u0e38\u0e17\u0e23\u0e2a\u0e32\u0e04\u0e23","ProvinceId":62,"District":"","ProvinceEn":"Samut Sakhon","Detail":null,"StatQuarantine":0},{"ConfirmDate":1610582400000,"No":"11134","Age":null,"Gender":"\u0e44\u0e21\u0e48\u0e23\u0e30\u0e1a\u0e38\u0e40\u0e1e\u0e28","GenderEn":"Unknown","Nation":"\u0e44\u0e21\u0e48\u0e17\u0e23\u0e32\u0e1a","NationEn":"Unknown","Province":"\u0e2a\u0e21\u0e38\u0e17\u0e23\u0e2a\u0e32\u0e04\u0e23","ProvinceId":62,"District":"","ProvinceEn":"Samut Sakhon","Detail":null,"StatQuarantine":0},{"ConfirmDate":1610582400000,"No":"11133","Age":null,"Gender":"\u0e44\u0e21\u0e48\u0e23\u0e30\u0e1a\u0e38\u0e40\u0e1e\u0e28","GenderEn":"Unknown","Nation":"\u0e44\u0e21\u0e48\u0e17\u0e23\u0e32\u0e1a","NationEn":"Unknown","Province":"\u0e2a\u0e21\u0e38\u0e17\u0e23\u0e2a\u0e32\u0e04\u0e23","ProvinceId":62,"District":"","ProvinceEn":"Samut Sakhon","Detail":null,"StatQuarantine":0},{"ConfirmDate":1610582400000,"No":"11132","Age":null,"Gender":"\u0e44\u0e21\u0e48\u0e23\u0e30\u0e1a\u0e38\u0e40\u0e1e\u0e28","GenderEn":"Unknown","Nation":"\u0e44\u0e21\u0e48\u0e17\u0e23\u0e32\u0e1a","NationEn":"Unknown","Province":"\u0e2a\u0e21\u0e38\u0e17\u0e23\u0e2a\u0e32\u0e04\u0e23","ProvinceId":62,"District":"","ProvinceEn":"Samut Sakhon","Detail":null,"StatQuarantine":0},{"ConfirmDate":1610582400000,"No":"11131","Age":null,"Gender":"\u0e44\u0e21\u0e48\u0e23\u0e30\u0e1a\u0e38\u0e40\u0e1e\u0e28","GenderEn":"Unknown","Nation":"\u0e44\u0e21\u0e48\u0e17\u0e23\u0e32\u0e1a","NationEn":"Unknown","Province":"\u0e2a\u0e21\u0e38\u0e17\u0e23\u0e2a\u0e32\u0e04\u0e23","ProvinceId":62,"District":"","ProvinceEn":"Samut Sakhon","Detail":null,"StatQuarantine":0},{"ConfirmDate":1610582400000,"No":"11130","Age":null,"Gender":"\u0e44\u0e21\u0e48\u0e23\u0e30\u0e1a\u0e38\u0e40\u0e1e\u0e28","GenderEn":"Unknown","Nation":"\u0e44\u0e21\u0e48\u0e17\u0e23\u0e32\u0e1a","NationEn":"Unknown","Province":"\u0e2a\u0e21\u0e38\u0e17\u0e23\u0e2a\u0e32\u0e04\u0e23","ProvinceId":62,"District":"","ProvinceEn":"Samut Sakhon","Detail":null,"StatQuarantine":0},{"ConfirmDate":1610582400000,"No":"11129","Age":null,"Gender":"\u0e44\u0e21\u0e48\u0e23\u0e30\u0e1a\u0e38\u0e40\u0e1e\u0e28","GenderEn":"Unknown","Nation":"\u0e44\u0e21\u0e48\u0e17\u0e23\u0e32\u0e1a","NationEn":"Unknown","Province":"\u0e2a\u0e21\u0e38\u0e17\u0e23\u0e2a\u0e32\u0e04\u0e23","ProvinceId":62,"District":"","ProvinceEn":"Samut Sakhon","Detail":null,"StatQuarantine":0},{"ConfirmDate":1610582400000,"No":"11128","Age":null,"Gender":"\u0e44\u0e21\u0e48\u0e23\u0e30\u0e1a\u0e38\u0e40\u0e1e\u0e28","GenderEn":"Unknown","Nation":"\u0e44\u0e21\u0e48\u0e17\u0e23\u0e32\u0e1a","NationEn":"Unknown","Province":"\u0e2a\u0e21\u0e38\u0e17\u0e23\u0e2a\u0e32\u0e04\u0e23","ProvinceId":62,"District":"","ProvinceEn":"Samut Sakhon","Detail":null,"StatQuarantine":0},{"ConfirmDate":1610582400000,"No":"11127","Age":null,"Gender":"\u0e44\u0e21\u0e48\u0e23\u0e30\u0e1a\u0e38\u0e40\u0e1e\u0e28","GenderEn":"Unknown","Nation":"\u0e44\u0e21\u0e48\u0e17\u0e23\u0e32\u0e1a","NationEn":"Unknown","Province":"\u0e2a\u0e21\u0e38\u0e17\u0e23\u0e2a\u0e32\u0e04\u0e23","ProvinceId":62,"District":"","ProvinceEn":"Samut Sakhon","Detail":null,"StatQuarantine":0},{"ConfirmDate":1610582400000,"No":"11126","Age":null,"Gender":"\u0e44\u0e21\u0e48\u0e23\u0e30\u0e1a\u0e38\u0e40\u0e1e\u0e28","GenderEn":"Unknown","Nation":"\u0e44\u0e21\u0e48\u0e17\u0e23\u0e32\u0e1a","NationEn":"Unknown","Province":"\u0e2a\u0e21\u0e38\u0e17\u0e23\u0e2a\u0e32\u0e04\u0e23","ProvinceId":62,"District":"","ProvinceEn":"Samut Sakhon","Detail":null,"StatQuarantine":0},{"ConfirmDate":1610582400000,"No":"11125","Age":null,"Gender":"\u0e44\u0e21\u0e48\u0e23\u0e30\u0e1a\u0e38\u0e40\u0e1e\u0e28","GenderEn":"Unknown","Nation":"\u0e44\u0e21\u0e48\u0e17\u0e23\u0e32\u0e1a","NationEn":"Unknown","Province":"\u0e2a\u0e21\u0e38\u0e17\u0e23\u0e2a\u0e32\u0e04\u0e23","ProvinceId":62,"District":"","ProvinceEn":"Samut Sakhon","Detail":null,"StatQuarantine":0},{"ConfirmDate":1610582400000,"No":"11124","Age":null,"Gender":"\u0e44\u0e21\u0e48\u0e23\u0e30\u0e1a\u0e38\u0e40\u0e1e\u0e28","GenderEn":"Unknown","Nation":"\u0e44\u0e21\u0e48\u0e17\u0e23\u0e32\u0e1a","NationEn":"Unknown","Province":"\u0e2a\u0e21\u0e38\u0e17\u0e23\u0e2a\u0e32\u0e04\u0e23","ProvinceId":62,"District":"","ProvinceEn":"Samut Sakhon","Detail":null,"StatQuarantine":0},{"ConfirmDate":1610582400000,"No":"11123","Age":null,"Gender":"\u0e44\u0e21\u0e48\u0e23\u0e30\u0e1a\u0e38\u0e40\u0e1e\u0e28","GenderEn":"Unknown","Nation":"\u0e44\u0e21\u0e48\u0e17\u0e23\u0e32\u0e1a","NationEn":"Unknown","Province":"\u0e2a\u0e21\u0e38\u0e17\u0e23\u0e2a\u0e32\u0e04\u0e23","ProvinceId":62,"District":"","ProvinceEn":"Samut Sakhon","Detail":null,"StatQuarantine":0},{"ConfirmDate":1610582400000,"No":"11122","Age":null,"Gender":"\u0e44\u0e21\u0e48\u0e23\u0e30\u0e1a\u0e38\u0e40\u0e1e\u0e28","GenderEn":"Unknown","Nation":"\u0e44\u0e21\u0e48\u0e17\u0e23\u0e32\u0e1a","NationEn":"Unknown","Province":"\u0e2a\u0e21\u0e38\u0e17\u0e23\u0e2a\u0e32\u0e04\u0e23","ProvinceId":62,"District":"","ProvinceEn":"Samut Sakhon","Detail":null,"StatQuarantine":0},{"ConfirmDate":1610582400000,"No":"11121","Age":null,"Gender":"\u0e44\u0e21\u0e48\u0e23\u0e30\u0e1a\u0e38\u0e40\u0e1e\u0e28","GenderEn":"Unknown","Nation":"\u0e44\u0e21\u0e48\u0e17\u0e23\u0e32\u0e1a","NationEn":"Unknown","Province":"\u0e2a\u0e21\u0e38\u0e17\u0e23\u0e2a\u0e32\u0e04\u0e23","ProvinceId":62,"District":"","ProvinceEn":"Samut Sakhon","Detail":null,"StatQuarantine":0},{"ConfirmDate":1610582400000,"No":"11120","Age":null,"Gender":"\u0e44\u0e21\u0e48\u0e23\u0e30\u0e1a\u0e38\u0e40\u0e1e\u0e28","GenderEn":"Unknown","Nation":"\u0e44\u0e21\u0e48\u0e17\u0e23\u0e32\u0e1a","NationEn":"Unknown","Province":"\u0e2a\u0e21\u0e38\u0e17\u0e23\u0e2a\u0e32\u0e04\u0e23","ProvinceId":62,"District":"","ProvinceEn":"Samut Sakhon","Detail":null,"StatQuarantine":0},{"ConfirmDate":1610582400000,"No":"11119","Age":null,"Gender":"\u0e44\u0e21\u0e48\u0e23\u0e30\u0e1a\u0e38\u0e40\u0e1e\u0e28","GenderEn":"Unknown","Nation":"\u0e44\u0e21\u0e48\u0e17\u0e23\u0e32\u0e1a","NationEn":"Unknown","Province":"\u0e2a\u0e21\u0e38\u0e17\u0e23\u0e2a\u0e32\u0e04\u0e23","ProvinceId":62,"District":"","ProvinceEn":"Samut Sakhon","Detail":null,"StatQuarantine":0},{"ConfirmDate":1610582400000,"No":"11118","Age":null,"Gender":"\u0e44\u0e21\u0e48\u0e23\u0e30\u0e1a\u0e38\u0e40\u0e1e\u0e28","GenderEn":"Unknown","Nation":"\u0e44\u0e21\u0e48\u0e17\u0e23\u0e32\u0e1a","NationEn":"Unknown","Province":"\u0e2a\u0e21\u0e38\u0e17\u0e23\u0e2a\u0e32\u0e04\u0e23","ProvinceId":62,"District":"","ProvinceEn":"Samut Sakhon","Detail":null,"StatQuarantine":0},{"ConfirmDate":1610582400000,"No":"11117","Age":null,"Gender":"\u0e44\u0e21\u0e48\u0e23\u0e30\u0e1a\u0e38\u0e40\u0e1e\u0e28","GenderEn":"Unknown","Nation":"\u0e44\u0e21\u0e48\u0e17\u0e23\u0e32\u0e1a","NationEn":"Unknown","Province":"\u0e2a\u0e21\u0e38\u0e17\u0e23\u0e2a\u0e32\u0e04\u0e23","ProvinceId":62,"District":"","ProvinceEn":"Samut Sakhon","Detail":null,"StatQuarantine":0},{"ConfirmDate":1610582400000,"No":"11116","Age":null,"Gender":"\u0e44\u0e21\u0e48\u0e23\u0e30\u0e1a\u0e38\u0e40\u0e1e\u0e28","GenderEn":"Unknown","Nation":"\u0e44\u0e21\u0e48\u0e17\u0e23\u0e32\u0e1a","NationEn":"Unknown","Province":"\u0e2a\u0e21\u0e38\u0e17\u0e23\u0e2a\u0e32\u0e04\u0e23","ProvinceId":62,"District":"","ProvinceEn":"Samut Sakhon","Detail":null,"StatQuarantine":0},{"ConfirmDate":1610582400000,"No":"11115","Age":null,"Gender":"\u0e44\u0e21\u0e48\u0e23\u0e30\u0e1a\u0e38\u0e40\u0e1e\u0e28","GenderEn":"Unknown","Nation":"\u0e44\u0e21\u0e48\u0e17\u0e23\u0e32\u0e1a","NationEn":"Unknown","Province":"\u0e2a\u0e21\u0e38\u0e17\u0e23\u0e2a\u0e32\u0e04\u0e23","ProvinceId":62,"District":"","ProvinceEn":"Samut Sakhon","Detail":null,"StatQuarantine":0},{"ConfirmDate":1610582400000,"No":"11114","Age":null,"Gender":"\u0e44\u0e21\u0e48\u0e23\u0e30\u0e1a\u0e38\u0e40\u0e1e\u0e28","GenderEn":"Unknown","Nation":"\u0e44\u0e21\u0e48\u0e17\u0e23\u0e32\u0e1a","NationEn":"Unknown","Province":"\u0e2a\u0e21\u0e38\u0e17\u0e23\u0e2a\u0e32\u0e04\u0e23","ProvinceId":62,"District":"","ProvinceEn":"Samut Sakhon","Detail":null,"StatQuarantine":0},{"ConfirmDate":1610582400000,"No":"11113","Age":null,"Gender":"\u0e44\u0e21\u0e48\u0e23\u0e30\u0e1a\u0e38\u0e40\u0e1e\u0e28","GenderEn":"Unknown","Nation":"\u0e44\u0e21\u0e48\u0e17\u0e23\u0e32\u0e1a","NationEn":"Unknown","Province":"\u0e2a\u0e21\u0e38\u0e17\u0e23\u0e2a\u0e32\u0e04\u0e23","ProvinceId":62,"District":"","ProvinceEn":"Samut Sakhon","Detail":null,"StatQuarantine":0},{"ConfirmDate":1610582400000,"No":"11112","Age":null,"Gender":"\u0e44\u0e21\u0e48\u0e23\u0e30\u0e1a\u0e38\u0e40\u0e1e\u0e28","GenderEn":"Unknown","Nation":"\u0e44\u0e21\u0e48\u0e17\u0e23\u0e32\u0e1a","NationEn":"Unknown","Province":"\u0e2a\u0e21\u0e38\u0e17\u0e23\u0e2a\u0e32\u0e04\u0e23","ProvinceId":62,"District":"","ProvinceEn":"Samut Sakhon","Detail":null,"StatQuarantine":0},{"ConfirmDate":1610582400000,"No":"11111","Age":null,"Gender":"\u0e44\u0e21\u0e48\u0e23\u0e30\u0e1a\u0e38\u0e40\u0e1e\u0e28","GenderEn":"Unknown","Nation":"\u0e44\u0e21\u0e48\u0e17\u0e23\u0e32\u0e1a","NationEn":"Unknown","Province":"\u0e2a\u0e21\u0e38\u0e17\u0e23\u0e2a\u0e32\u0e04\u0e23","ProvinceId":62,"District":"","ProvinceEn":"Samut Sakhon","Detail":null,"StatQuarantine":0},{"ConfirmDate":1610582400000,"No":"11110","Age":null,"Gender":"\u0e44\u0e21\u0e48\u0e23\u0e30\u0e1a\u0e38\u0e40\u0e1e\u0e28","GenderEn":"Unknown","Nation":"\u0e44\u0e21\u0e48\u0e17\u0e23\u0e32\u0e1a","NationEn":"Unknown","Province":"\u0e2a\u0e21\u0e38\u0e17\u0e23\u0e2a\u0e32\u0e04\u0e23","ProvinceId":62,"District":"","ProvinceEn":"Samut Sakhon","Detail":null,"StatQuarantine":0},{"ConfirmDate":1610582400000,"No":"11109","Age":null,"Gender":"\u0e44\u0e21\u0e48\u0e23\u0e30\u0e1a\u0e38\u0e40\u0e1e\u0e28","GenderEn":"Unknown","Nation":"\u0e44\u0e21\u0e48\u0e17\u0e23\u0e32\u0e1a","NationEn":"Unknown","Province":"\u0e2a\u0e21\u0e38\u0e17\u0e23\u0e2a\u0e32\u0e04\u0e23","ProvinceId":62,"District":"","ProvinceEn":"Samut Sakhon","Detail":null,"StatQuarantine":0},{"ConfirmDate":1610582400000,"No":"11108","Age":null,"Gender":"\u0e44\u0e21\u0e48\u0e23\u0e30\u0e1a\u0e38\u0e40\u0e1e\u0e28","GenderEn":"Unknown","Nation":"\u0e44\u0e21\u0e48\u0e17\u0e23\u0e32\u0e1a","NationEn":"Unknown","Province":"\u0e2a\u0e21\u0e38\u0e17\u0e23\u0e2a\u0e32\u0e04\u0e23","ProvinceId":62,"District":"","ProvinceEn":"Samut Sakhon","Detail":null,"StatQuarantine":0},{"ConfirmDate":1610582400000,"No":"11107","Age":null,"Gender":"\u0e44\u0e21\u0e48\u0e23\u0e30\u0e1a\u0e38\u0e40\u0e1e\u0e28","GenderEn":"Unknown","Nation":"\u0e44\u0e21\u0e48\u0e17\u0e23\u0e32\u0e1a","NationEn":"Unknown","Province":"\u0e2a\u0e21\u0e38\u0e17\u0e23\u0e2a\u0e32\u0e04\u0e23","ProvinceId":62,"District":"","ProvinceEn":"Samut Sakhon","Detail":null,"StatQuarantine":0},{"ConfirmDate":1610582400000,"No":"11106","Age":null,"Gender":"\u0e44\u0e21\u0e48\u0e23\u0e30\u0e1a\u0e38\u0e40\u0e1e\u0e28","GenderEn":"Unknown","Nation":"\u0e44\u0e21\u0e48\u0e17\u0e23\u0e32\u0e1a","NationEn":"Unknown","Province":"\u0e2a\u0e21\u0e38\u0e17\u0e23\u0e2a\u0e32\u0e04\u0e23","ProvinceId":62,"District":"","ProvinceEn":"Samut Sakhon","Detail":null,"StatQuarantine":0},{"ConfirmDate":1610582400000,"No":"11105","Age":null,"Gender":"\u0e44\u0e21\u0e48\u0e23\u0e30\u0e1a\u0e38\u0e40\u0e1e\u0e28","GenderEn":"Unknown","Nation":"\u0e44\u0e21\u0e48\u0e17\u0e23\u0e32\u0e1a","NationEn":"Unknown","Province":"\u0e2a\u0e21\u0e38\u0e17\u0e23\u0e2a\u0e32\u0e04\u0e23","ProvinceId":62,"District":"","ProvinceEn":"Samut Sakhon","Detail":null,"StatQuarantine":0},{"ConfirmDate":1610582400000,"No":"11104","Age":null,"Gender":"\u0e44\u0e21\u0e48\u0e23\u0e30\u0e1a\u0e38\u0e40\u0e1e\u0e28","GenderEn":"Unknown","Nation":"\u0e44\u0e21\u0e48\u0e17\u0e23\u0e32\u0e1a","NationEn":"Unknown","Province":"\u0e2a\u0e21\u0e38\u0e17\u0e23\u0e2a\u0e32\u0e04\u0e23","ProvinceId":62,"District":"","ProvinceEn":"Samut Sakhon","Detail":null,"StatQuarantine":0},{"ConfirmDate":1610582400000,"No":"11103","Age":null,"Gender":"\u0e44\u0e21\u0e48\u0e23\u0e30\u0e1a\u0e38\u0e40\u0e1e\u0e28","GenderEn":"Unknown","Nation":"\u0e44\u0e21\u0e48\u0e17\u0e23\u0e32\u0e1a","NationEn":"Unknown","Province":"\u0e2a\u0e21\u0e38\u0e17\u0e23\u0e2a\u0e32\u0e04\u0e23","ProvinceId":62,"District":"","ProvinceEn":"Samut Sakhon","Detail":null,"StatQuarantine":0},{"ConfirmDate":1610582400000,"No":"11102","Age":null,"Gender":"\u0e44\u0e21\u0e48\u0e23\u0e30\u0e1a\u0e38\u0e40\u0e1e\u0e28","GenderEn":"Unknown","Nation":"\u0e44\u0e21\u0e48\u0e17\u0e23\u0e32\u0e1a","NationEn":"Unknown","Province":"\u0e2a\u0e21\u0e38\u0e17\u0e23\u0e2a\u0e32\u0e04\u0e23","ProvinceId":62,"District":"","ProvinceEn":"Samut Sakhon","Detail":null,"StatQuarantine":0},{"ConfirmDate":1610582400000,"No":"11101","Age":null,"Gender":"\u0e44\u0e21\u0e48\u0e23\u0e30\u0e1a\u0e38\u0e40\u0e1e\u0e28","GenderEn":"Unknown","Nation":"\u0e44\u0e21\u0e48\u0e17\u0e23\u0e32\u0e1a","NationEn":"Unknown","Province":"\u0e2a\u0e21\u0e38\u0e17\u0e23\u0e2a\u0e32\u0e04\u0e23","ProvinceId":62,"District":"","ProvinceEn":"Samut Sakhon","Detail":null,"StatQuarantine":0},{"ConfirmDate":1610582400000,"No":"11100","Age":null,"Gender":"\u0e44\u0e21\u0e48\u0e23\u0e30\u0e1a\u0e38\u0e40\u0e1e\u0e28","GenderEn":"Unknown","Nation":"\u0e44\u0e21\u0e48\u0e17\u0e23\u0e32\u0e1a","NationEn":"Unknown","Province":"\u0e2a\u0e21\u0e38\u0e17\u0e23\u0e2a\u0e32\u0e04\u0e23","ProvinceId":62,"District":"","ProvinceEn":"Samut Sakhon","Detail":null,"StatQuarantine":0},{"ConfirmDate":1610582400000,"No":"11099","Age":null,"Gender":"\u0e44\u0e21\u0e48\u0e23\u0e30\u0e1a\u0e38\u0e40\u0e1e\u0e28","GenderEn":"Unknown","Nation":"\u0e44\u0e21\u0e48\u0e17\u0e23\u0e32\u0e1a","NationEn":"Unknown","Province":"\u0e2a\u0e21\u0e38\u0e17\u0e23\u0e2a\u0e32\u0e04\u0e23","ProvinceId":62,"District":"","ProvinceEn":"Samut Sakhon","Detail":null,"StatQuarantine":0},{"ConfirmDate":1610582400000,"No":"11098","Age":null,"Gender":"\u0e44\u0e21\u0e48\u0e23\u0e30\u0e1a\u0e38\u0e40\u0e1e\u0e28","GenderEn":"Unknown","Nation":"\u0e44\u0e21\u0e48\u0e17\u0e23\u0e32\u0e1a","NationEn":"Unknown","Province":"\u0e2a\u0e21\u0e38\u0e17\u0e23\u0e2a\u0e32\u0e04\u0e23","ProvinceId":62,"District":"","ProvinceEn":"Samut Sakhon","Detail":null,"StatQuarantine":0},{"ConfirmDate":1610582400000,"No":"11097","Age":null,"Gender":"\u0e44\u0e21\u0e48\u0e23\u0e30\u0e1a\u0e38\u0e40\u0e1e\u0e28","GenderEn":"Unknown","Nation":"\u0e44\u0e21\u0e48\u0e17\u0e23\u0e32\u0e1a","NationEn":"Unknown","Province":"\u0e2a\u0e21\u0e38\u0e17\u0e23\u0e2a\u0e32\u0e04\u0e23","ProvinceId":62,"District":"","ProvinceEn":"Samut Sakhon","Detail":null,"StatQuarantine":0},{"ConfirmDate":1610582400000,"No":"11096","Age":null,"Gender":"\u0e44\u0e21\u0e48\u0e23\u0e30\u0e1a\u0e38\u0e40\u0e1e\u0e28","GenderEn":"Unknown","Nation":"\u0e44\u0e21\u0e48\u0e17\u0e23\u0e32\u0e1a","NationEn":"Unknown","Province":"\u0e2a\u0e21\u0e38\u0e17\u0e23\u0e2a\u0e32\u0e04\u0e23","ProvinceId":62,"District":"","ProvinceEn":"Samut Sakhon","Detail":null,"StatQuarantine":0},{"ConfirmDate":1610582400000,"No":"11095","Age":null,"Gender":"\u0e44\u0e21\u0e48\u0e23\u0e30\u0e1a\u0e38\u0e40\u0e1e\u0e28","GenderEn":"Unknown","Nation":"\u0e44\u0e21\u0e48\u0e17\u0e23\u0e32\u0e1a","NationEn":"Unknown","Province":"\u0e2a\u0e21\u0e38\u0e17\u0e23\u0e2a\u0e32\u0e04\u0e23","ProvinceId":62,"District":"","ProvinceEn":"Samut Sakhon","Detail":null,"StatQuarantine":0},{"ConfirmDate":1610582400000,"No":"11094","Age":null,"Gender":"\u0e44\u0e21\u0e48\u0e23\u0e30\u0e1a\u0e38\u0e40\u0e1e\u0e28","GenderEn":"Unknown","Nation":"\u0e44\u0e21\u0e48\u0e17\u0e23\u0e32\u0e1a","NationEn":"Unknown","Province":"\u0e2a\u0e21\u0e38\u0e17\u0e23\u0e2a\u0e32\u0e04\u0e23","ProvinceId":62,"District":"","ProvinceEn":"Samut Sakhon","Detail":null,"StatQuarantine":0},{"ConfirmDate":1610582400000,"No":"11093","Age":null,"Gender":"\u0e44\u0e21\u0e48\u0e23\u0e30\u0e1a\u0e38\u0e40\u0e1e\u0e28","GenderEn":"Unknown","Nation":"\u0e44\u0e21\u0e48\u0e17\u0e23\u0e32\u0e1a","NationEn":"Unknown","Province":"\u0e2a\u0e21\u0e38\u0e17\u0e23\u0e2a\u0e32\u0e04\u0e23","ProvinceId":62,"District":"","ProvinceEn":"Samut Sakhon","Detail":null,"StatQuarantine":0},{"ConfirmDate":1610582400000,"No":"11092","Age":null,"Gender":"\u0e44\u0e21\u0e48\u0e23\u0e30\u0e1a\u0e38\u0e40\u0e1e\u0e28","GenderEn":"Unknown","Nation":"\u0e44\u0e21\u0e48\u0e17\u0e23\u0e32\u0e1a","NationEn":"Unknown","Province":"\u0e2a\u0e21\u0e38\u0e17\u0e23\u0e2a\u0e32\u0e04\u0e23","ProvinceId":62,"District":"","ProvinceEn":"Samut Sakhon","Detail":null,"StatQuarantine":0},{"ConfirmDate":1610582400000,"No":"11091","Age":null,"Gender":"\u0e44\u0e21\u0e48\u0e23\u0e30\u0e1a\u0e38\u0e40\u0e1e\u0e28","GenderEn":"Unknown","Nation":"\u0e44\u0e21\u0e48\u0e17\u0e23\u0e32\u0e1a","NationEn":"Unknown","Province":"\u0e2a\u0e21\u0e38\u0e17\u0e23\u0e2a\u0e32\u0e04\u0e23","ProvinceId":62,"District":"","ProvinceEn":"Samut Sakhon","Detail":null,"StatQuarantine":0},{"ConfirmDate":1610582400000,"No":"11090","Age":55.0,"Gender":"\u0e2b\u0e0d\u0e34\u0e07","GenderEn":"Female","Nation":"\u0e44\u0e21\u0e48\u0e17\u0e23\u0e32\u0e1a","NationEn":"Unknown","Province":"\u0e2a\u0e21\u0e38\u0e17\u0e23\u0e2a\u0e32\u0e04\u0e23","ProvinceId":62,"District":"","ProvinceEn":"Samut Sakhon","Detail":null,"StatQuarantine":0},{"ConfirmDate":1610582400000,"No":"11089","Age":30.0,"Gender":"\u0e0a\u0e32\u0e22","GenderEn":"Male","Nation":"\u0e44\u0e21\u0e48\u0e17\u0e23\u0e32\u0e1a","NationEn":"Unknown","Province":"\u0e2a\u0e21\u0e38\u0e17\u0e23\u0e2a\u0e32\u0e04\u0e23","ProvinceId":62,"District":"","ProvinceEn":"Samut Sakhon","Detail":null,"StatQuarantine":0},{"ConfirmDate":1610582400000,"No":"11088","Age":49.0,"Gender":"\u0e0a\u0e32\u0e22","GenderEn":"Male","Nation":"\u0e44\u0e21\u0e48\u0e17\u0e23\u0e32\u0e1a","NationEn":"Unknown","Province":"\u0e2a\u0e21\u0e38\u0e17\u0e23\u0e2a\u0e32\u0e04\u0e23","ProvinceId":62,"District":"","ProvinceEn":"Samut Sakhon","Detail":null,"StatQuarantine":0},{"ConfirmDate":1610582400000,"No":"11087","Age":58.0,"Gender":"\u0e0a\u0e32\u0e22","GenderEn":"Male","Nation":"\u0e44\u0e21\u0e48\u0e17\u0e23\u0e32\u0e1a","NationEn":"Unknown","Province":"\u0e2a\u0e21\u0e38\u0e17\u0e23\u0e2a\u0e32\u0e04\u0e23","ProvinceId":62,"District":"","ProvinceEn":"Samut Sakhon","Detail":null,"StatQuarantine":0},{"ConfirmDate":1610582400000,"No":"11086","Age":28.0,"Gender":"\u0e2b\u0e0d\u0e34\u0e07","GenderEn":"Female","Nation":"\u0e44\u0e21\u0e48\u0e17\u0e23\u0e32\u0e1a","NationEn":"Unknown","Province":"\u0e2a\u0e21\u0e38\u0e17\u0e23\u0e2a\u0e32\u0e04\u0e23","ProvinceId":62,"District":"","ProvinceEn":"Samut Sakhon","Detail":null,"StatQuarantine":0},{"ConfirmDate":1610582400000,"No":"11085","Age":31.0,"Gender":"\u0e0a\u0e32\u0e22","GenderEn":"Male","Nation":"\u0e44\u0e21\u0e48\u0e17\u0e23\u0e32\u0e1a","NationEn":"Unknown","Province":"\u0e2a\u0e21\u0e38\u0e17\u0e23\u0e2a\u0e32\u0e04\u0e23","ProvinceId":62,"District":"","ProvinceEn":"Samut Sakhon","Detail":null,"StatQuarantine":0},{"ConfirmDate":1610582400000,"No":"11084","Age":41.0,"Gender":"\u0e2b\u0e0d\u0e34\u0e07","GenderEn":"Female","Nation":"\u0e44\u0e21\u0e48\u0e17\u0e23\u0e32\u0e1a","NationEn":"Unknown","Province":"\u0e2a\u0e21\u0e38\u0e17\u0e23\u0e2a\u0e32\u0e04\u0e23","ProvinceId":62,"District":"","ProvinceEn":"Samut Sakhon","Detail":null,"StatQuarantine":0},{"ConfirmDate":1610582400000,"No":"11083","Age":2.0,"Gender":"\u0e0a\u0e32\u0e22","GenderEn":"Male","Nation":"\u0e44\u0e21\u0e48\u0e17\u0e23\u0e32\u0e1a","NationEn":"Unknown","Province":"\u0e2a\u0e21\u0e38\u0e17\u0e23\u0e2a\u0e32\u0e04\u0e23","ProvinceId":62,"District":"","ProvinceEn":"Samut Sakhon","Detail":null,"StatQuarantine":0},{"ConfirmDate":1610582400000,"No":"11082","Age":37.0,"Gender":"\u0e0a\u0e32\u0e22","GenderEn":"Male","Nation":"\u0e44\u0e21\u0e48\u0e17\u0e23\u0e32\u0e1a","NationEn":"Unknown","Province":"\u0e2a\u0e21\u0e38\u0e17\u0e23\u0e2a\u0e32\u0e04\u0e23","ProvinceId":62,"District":"","ProvinceEn":"Samut Sakhon","Detail":null,"StatQuarantine":0},{"ConfirmDate":1610582400000,"No":"11081","Age":21.0,"Gender":"\u0e2b\u0e0d\u0e34\u0e07","GenderEn":"Female","Nation":"\u0e44\u0e21\u0e48\u0e17\u0e23\u0e32\u0e1a","NationEn":"Unknown","Province":"\u0e2a\u0e21\u0e38\u0e17\u0e23\u0e2a\u0e32\u0e04\u0e23","ProvinceId":62,"District":"","ProvinceEn":"Samut Sakhon","Detail":null,"StatQuarantine":0},{"ConfirmDate":1610582400000,"No":"11080","Age":2.0,"Gender":"\u0e0a\u0e32\u0e22","GenderEn":"Male","Nation":"\u0e44\u0e21\u0e48\u0e17\u0e23\u0e32\u0e1a","NationEn":"Unknown","Province":"\u0e2a\u0e21\u0e38\u0e17\u0e23\u0e2a\u0e32\u0e04\u0e23","ProvinceId":62,"District":"","ProvinceEn":"Samut Sakhon","Detail":null,"StatQuarantine":0},{"ConfirmDate":1610582400000,"No":"11079","Age":52.0,"Gender":"\u0e2b\u0e0d\u0e34\u0e07","GenderEn":"Female","Nation":"\u0e44\u0e21\u0e48\u0e17\u0e23\u0e32\u0e1a","NationEn":"Unknown","Province":"\u0e2a\u0e21\u0e38\u0e17\u0e23\u0e2a\u0e32\u0e04\u0e23","ProvinceId":62,"District":"","ProvinceEn":"Samut Sakhon","Detail":null,"StatQuarantine":0},{"ConfirmDate":1610582400000,"No":"11078","Age":23.0,"Gender":"\u0e2b\u0e0d\u0e34\u0e07","GenderEn":"Female","Nation":"\u0e44\u0e21\u0e48\u0e17\u0e23\u0e32\u0e1a","NationEn":"Unknown","Province":"\u0e2a\u0e21\u0e38\u0e17\u0e23\u0e2a\u0e32\u0e04\u0e23","ProvinceId":62,"District":"","ProvinceEn":"Samut Sakhon","Detail":null,"StatQuarantine":0},{"ConfirmDate":1610582400000,"No":"11077","Age":23.0,"Gender":"\u0e2b\u0e0d\u0e34\u0e07","GenderEn":"Female","Nation":"\u0e44\u0e21\u0e48\u0e17\u0e23\u0e32\u0e1a","NationEn":"Unknown","Province":"\u0e2a\u0e21\u0e38\u0e17\u0e23\u0e2a\u0e32\u0e04\u0e23","ProvinceId":62,"District":"","ProvinceEn":"Samut Sakhon","Detail":null,"StatQuarantine":0},{"ConfirmDate":1610582400000,"No":"11076","Age":33.0,"Gender":"\u0e2b\u0e0d\u0e34\u0e07","GenderEn":"Female","Nation":"\u0e44\u0e21\u0e48\u0e17\u0e23\u0e32\u0e1a","NationEn":"Unknown","Province":"\u0e2a\u0e21\u0e38\u0e17\u0e23\u0e2a\u0e32\u0e04\u0e23","ProvinceId":62,"District":"","ProvinceEn":"Samut Sakhon","Detail":null,"StatQuarantine":0},{"ConfirmDate":1610582400000,"No":"11075","Age":68.0,"Gender":"\u0e2b\u0e0d\u0e34\u0e07","GenderEn":"Female","Nation":"\u0e44\u0e21\u0e48\u0e17\u0e23\u0e32\u0e1a","NationEn":"Unknown","Province":"\u0e2a\u0e21\u0e38\u0e17\u0e23\u0e2a\u0e32\u0e04\u0e23","ProvinceId":62,"District":"","ProvinceEn":"Samut Sakhon","Detail":null,"StatQuarantine":0},{"ConfirmDate":1610582400000,"No":"11074","Age":13.0,"Gender":"\u0e2b\u0e0d\u0e34\u0e07","GenderEn":"Female","Nation":"\u0e44\u0e21\u0e48\u0e17\u0e23\u0e32\u0e1a","NationEn":"Unknown","Province":"\u0e2a\u0e21\u0e38\u0e17\u0e23\u0e2a\u0e32\u0e04\u0e23","ProvinceId":62,"District":"","ProvinceEn":"Samut Sakhon","Detail":null,"StatQuarantine":0},{"ConfirmDate":1610582400000,"No":"11073","Age":65.0,"Gender":"\u0e0a\u0e32\u0e22","GenderEn":"Male","Nation":"\u0e44\u0e21\u0e48\u0e17\u0e23\u0e32\u0e1a","NationEn":"Unknown","Province":"\u0e2a\u0e21\u0e38\u0e17\u0e23\u0e2a\u0e32\u0e04\u0e23","ProvinceId":62,"District":"","ProvinceEn":"Samut Sakhon","Detail":null,"StatQuarantine":0},{"ConfirmDate":1610582400000,"No":"11072","Age":20.0,"Gender":"\u0e2b\u0e0d\u0e34\u0e07","GenderEn":"Female","Nation":"\u0e44\u0e21\u0e48\u0e17\u0e23\u0e32\u0e1a","NationEn":"Unknown","Province":"\u0e2a\u0e21\u0e38\u0e17\u0e23\u0e2a\u0e32\u0e04\u0e23","ProvinceId":62,"District":"","ProvinceEn":"Samut Sakhon","Detail":null,"StatQuarantine":0},{"ConfirmDate":1610582400000,"No":"11071","Age":40.0,"Gender":"\u0e0a\u0e32\u0e22","GenderEn":"Male","Nation":"\u0e44\u0e21\u0e48\u0e17\u0e23\u0e32\u0e1a","NationEn":"Unknown","Province":"\u0e2a\u0e21\u0e38\u0e17\u0e23\u0e2a\u0e32\u0e04\u0e23","ProvinceId":62,"District":"","ProvinceEn":"Samut Sakhon","Detail":null,"StatQuarantine":0},{"ConfirmDate":1610582400000,"No":"11070","Age":30.0,"Gender":"\u0e0a\u0e32\u0e22","GenderEn":"Male","Nation":"\u0e44\u0e21\u0e48\u0e17\u0e23\u0e32\u0e1a","NationEn":"Unknown","Province":"\u0e2a\u0e21\u0e38\u0e17\u0e23\u0e2a\u0e32\u0e04\u0e23","ProvinceId":62,"District":"","ProvinceEn":"Samut Sakhon","Detail":null,"StatQuarantine":0},{"ConfirmDate":1610582400000,"No":"11069","Age":53.0,"Gender":"\u0e2b\u0e0d\u0e34\u0e07","GenderEn":"Female","Nation":"\u0e44\u0e21\u0e48\u0e17\u0e23\u0e32\u0e1a","NationEn":"Unknown","Province":"\u0e2a\u0e21\u0e38\u0e17\u0e23\u0e2a\u0e32\u0e04\u0e23","ProvinceId":62,"District":"","ProvinceEn":"Samut Sakhon","Detail":null,"StatQuarantine":0},{"ConfirmDate":1610582400000,"No":"11068","Age":26.0,"Gender":"\u0e2b\u0e0d\u0e34\u0e07","GenderEn":"Female","Nation":"\u0e44\u0e21\u0e48\u0e17\u0e23\u0e32\u0e1a","NationEn":"Unknown","Province":"\u0e2a\u0e21\u0e38\u0e17\u0e23\u0e2a\u0e32\u0e04\u0e23","ProvinceId":62,"District":"","ProvinceEn":"Samut Sakhon","Detail":null,"StatQuarantine":0},{"ConfirmDate":1610582400000,"No":"11067","Age":44.0,"Gender":"\u0e2b\u0e0d\u0e34\u0e07","GenderEn":"Female","Nation":"\u0e44\u0e21\u0e48\u0e17\u0e23\u0e32\u0e1a","NationEn":"Unknown","Province":"\u0e2a\u0e21\u0e38\u0e17\u0e23\u0e2a\u0e32\u0e04\u0e23","ProvinceId":62,"District":"","ProvinceEn":"Samut Sakhon","Detail":null,"StatQuarantine":0},{"ConfirmDate":1610582400000,"No":"11066","Age":21.0,"Gender":"\u0e2b\u0e0d\u0e34\u0e07","GenderEn":"Female","Nation":"\u0e44\u0e21\u0e48\u0e17\u0e23\u0e32\u0e1a","NationEn":"Unknown","Province":"\u0e2a\u0e21\u0e38\u0e17\u0e23\u0e2a\u0e32\u0e04\u0e23","ProvinceId":62,"District":"","ProvinceEn":"Samut Sakhon","Detail":null,"StatQuarantine":0},{"ConfirmDate":1610582400000,"No":"11065","Age":34.0,"Gender":"\u0e0a\u0e32\u0e22","GenderEn":"Male","Nation":"\u0e44\u0e21\u0e48\u0e17\u0e23\u0e32\u0e1a","NationEn":"Unknown","Province":"\u0e2a\u0e21\u0e38\u0e17\u0e23\u0e2a\u0e32\u0e04\u0e23","ProvinceId":62,"District":"","ProvinceEn":"Samut Sakhon","Detail":null,"StatQuarantine":0},{"ConfirmDate":1610582400000,"No":"11064","Age":25.0,"Gender":"\u0e0a\u0e32\u0e22","GenderEn":"Male","Nation":"\u0e44\u0e21\u0e48\u0e17\u0e23\u0e32\u0e1a","NationEn":"Unknown","Province":"\u0e2a\u0e21\u0e38\u0e17\u0e23\u0e2a\u0e32\u0e04\u0e23","ProvinceId":62,"District":"","ProvinceEn":"Samut Sakhon","Detail":null,"StatQuarantine":0},{"ConfirmDate":1610582400000,"No":"11063","Age":23.0,"Gender":"\u0e0a\u0e32\u0e22","GenderEn":"Male","Nation":"\u0e44\u0e21\u0e48\u0e17\u0e23\u0e32\u0e1a","NationEn":"Unknown","Province":"\u0e2a\u0e21\u0e38\u0e17\u0e23\u0e2a\u0e32\u0e04\u0e23","ProvinceId":62,"District":"","ProvinceEn":"Samut Sakhon","Detail":null,"StatQuarantine":0},{"ConfirmDate":1610582400000,"No":"11062","Age":32.0,"Gender":"\u0e0a\u0e32\u0e22","GenderEn":"Male","Nation":"\u0e44\u0e21\u0e48\u0e17\u0e23\u0e32\u0e1a","NationEn":"Unknown","Province":"\u0e2a\u0e21\u0e38\u0e17\u0e23\u0e2a\u0e32\u0e04\u0e23","ProvinceId":62,"District":"","ProvinceEn":"Samut Sakhon","Detail":null,"StatQuarantine":0},{"ConfirmDate":1610582400000,"No":"11061","Age":23.0,"Gender":"\u0e0a\u0e32\u0e22","GenderEn":"Male","Nation":"\u0e44\u0e21\u0e48\u0e17\u0e23\u0e32\u0e1a","NationEn":"Unknown","Province":"\u0e2a\u0e21\u0e38\u0e17\u0e23\u0e2a\u0e32\u0e04\u0e23","ProvinceId":62,"District":"","ProvinceEn":"Samut Sakhon","Detail":null,"StatQuarantine":0},{"ConfirmDate":1610582400000,"No":"11060","Age":34.0,"Gender":"\u0e2b\u0e0d\u0e34\u0e07","GenderEn":"Female","Nation":"\u0e44\u0e21\u0e48\u0e17\u0e23\u0e32\u0e1a","NationEn":"Unknown","Province":"\u0e2a\u0e21\u0e38\u0e17\u0e23\u0e2a\u0e32\u0e04\u0e23","ProvinceId":62,"District":"","ProvinceEn":"Samut Sakhon","Detail":null,"StatQuarantine":0},{"ConfirmDate":1610582400000,"No":"11059","Age":23.0,"Gender":"\u0e0a\u0e32\u0e22","GenderEn":"Male","Nation":"\u0e44\u0e21\u0e48\u0e17\u0e23\u0e32\u0e1a","NationEn":"Unknown","Province":"\u0e2a\u0e21\u0e38\u0e17\u0e23\u0e2a\u0e32\u0e04\u0e23","ProvinceId":62,"District":"","ProvinceEn":"Samut Sakhon","Detail":null,"StatQuarantine":0},{"ConfirmDate":1610582400000,"No":"11058","Age":29.0,"Gender":"\u0e0a\u0e32\u0e22","GenderEn":"Male","Nation":"\u0e44\u0e21\u0e48\u0e17\u0e23\u0e32\u0e1a","NationEn":"Unknown","Province":"\u0e2a\u0e21\u0e38\u0e17\u0e23\u0e2a\u0e32\u0e04\u0e23","ProvinceId":62,"District":"","ProvinceEn":"Samut Sakhon","Detail":null,"StatQuarantine":0},{"ConfirmDate":1610582400000,"No":"11057","Age":42.0,"Gender":"\u0e2b\u0e0d\u0e34\u0e07","GenderEn":"Female","Nation":"\u0e44\u0e21\u0e48\u0e17\u0e23\u0e32\u0e1a","NationEn":"Unknown","Province":"\u0e2a\u0e21\u0e38\u0e17\u0e23\u0e2a\u0e32\u0e04\u0e23","ProvinceId":62,"District":"","ProvinceEn":"Samut Sakhon","Detail":null,"StatQuarantine":0},{"ConfirmDate":1610582400000,"No":"11056","Age":48.0,"Gender":"\u0e0a\u0e32\u0e22","GenderEn":"Male","Nation":"\u0e44\u0e21\u0e48\u0e17\u0e23\u0e32\u0e1a","NationEn":"Unknown","Province":"\u0e2a\u0e21\u0e38\u0e17\u0e23\u0e2a\u0e32\u0e04\u0e23","ProvinceId":62,"District":"","ProvinceEn":"Samut Sakhon","Detail":null,"StatQuarantine":0},{"ConfirmDate":1610582400000,"No":"11055","Age":19.0,"Gender":"\u0e0a\u0e32\u0e22","GenderEn":"Male","Nation":"Thailand","NationEn":"Thailand","Province":"\u0e2a\u0e21\u0e38\u0e17\u0e23\u0e2a\u0e32\u0e04\u0e23","ProvinceId":62,"District":"\u0e01\u0e23\u0e30\u0e17\u0e38\u0e48\u0e21\u0e41\u0e1a\u0e19","ProvinceEn":"Samut Sakhon","Detail":null,"StatQuarantine":0},{"ConfirmDate":1610582400000,"No":"11054","Age":18.0,"Gender":"\u0e2b\u0e0d\u0e34\u0e07","GenderEn":"Female","Nation":"Thailand","NationEn":"Thailand","Province":"\u0e23\u0e30\u0e22\u0e2d\u0e07","ProvinceId":50,"District":"\u0e40\u0e21\u0e37\u0e2d\u0e07","ProvinceEn":"Rayong","Detail":null,"StatQuarantine":0},{"ConfirmDate":1610582400000,"No":"11053","Age":16.0,"Gender":"\u0e0a\u0e32\u0e22","GenderEn":"Male","Nation":"Thailand","NationEn":"Thailand","Province":"\u0e0a\u0e25\u0e1a\u0e38\u0e23\u0e35","ProvinceId":9,"District":"\u0e28\u0e23\u0e35\u0e23\u0e32\u0e0a\u0e32","ProvinceEn":"Chonburi","Detail":null,"StatQuarantine":0},{"ConfirmDate":1610582400000,"No":"11052","Age":27.0,"Gender":"\u0e0a\u0e32\u0e22","GenderEn":"Male","Nation":"Thailand","NationEn":"Thailand","Province":"\u0e0a\u0e25\u0e1a\u0e38\u0e23\u0e35","ProvinceId":9,"District":"\u0e1a\u0e32\u0e07\u0e25\u0e30\u0e21\u0e38\u0e07","ProvinceEn":"Chonburi","Detail":null,"StatQuarantine":0},{"ConfirmDate":1610582400000,"No":"11051","Age":39.0,"Gender":"\u0e0a\u0e32\u0e22","GenderEn":"Male","Nation":"Thailand","NationEn":"Thailand","Province":"\u0e0a\u0e25\u0e1a\u0e38\u0e23\u0e35","ProvinceId":9,"District":"\u0e1a\u0e32\u0e07\u0e25\u0e30\u0e21\u0e38\u0e07","ProvinceEn":"Chonburi","Detail":null,"StatQuarantine":0},{"ConfirmDate":1610582400000,"No":"11050","Age":49.0,"Gender":"\u0e0a\u0e32\u0e22","GenderEn":"Male","Nation":"Thailand","NationEn":"Thailand","Province":"\u0e0a\u0e25\u0e1a\u0e38\u0e23\u0e35","ProvinceId":9,"District":"\u0e1a\u0e32\u0e07\u0e25\u0e30\u0e21\u0e38\u0e07","ProvinceEn":"Chonburi","Detail":null,"StatQuarantine":0},{"ConfirmDate":1610582400000,"No":"11049","Age":34.0,"Gender":"\u0e2b\u0e0d\u0e34\u0e07","GenderEn":"Female","Nation":"Thailand","NationEn":"Thailand","Province":"\u0e0a\u0e25\u0e1a\u0e38\u0e23\u0e35","ProvinceId":9,"District":"\u0e1a\u0e32\u0e07\u0e25\u0e30\u0e21\u0e38\u0e07","ProvinceEn":"Chonburi","Detail":null,"StatQuarantine":0},{"ConfirmDate":1610582400000,"No":"11048","Age":28.0,"Gender":"\u0e2b\u0e0d\u0e34\u0e07","GenderEn":"Female","Nation":"Thailand","NationEn":"Thailand","Province":"\u0e0a\u0e25\u0e1a\u0e38\u0e23\u0e35","ProvinceId":9,"District":"\u0e2a\u0e31\u0e15\u0e2b\u0e35\u0e1a","ProvinceEn":"Chonburi","Detail":null,"StatQuarantine":0},{"ConfirmDate":1610582400000,"No":"11047","Age":35.0,"Gender":"\u0e2b\u0e0d\u0e34\u0e07","GenderEn":"Female","Nation":"Thailand","NationEn":"Thailand","Province":"\u0e0a\u0e25\u0e1a\u0e38\u0e23\u0e35","ProvinceId":9,"District":"\u0e2a\u0e31\u0e15\u0e2b\u0e35\u0e1a","ProvinceEn":"Chonburi","Detail":null,"StatQuarantine":0},{"ConfirmDate":1610582400000,"No":"11046","Age":29.0,"Gender":"\u0e2b\u0e0d\u0e34\u0e07","GenderEn":"Female","Nation":"Thailand","NationEn":"Thailand","Province":"\u0e0a\u0e25\u0e1a\u0e38\u0e23\u0e35","ProvinceId":9,"District":"\u0e28\u0e23\u0e35\u0e23\u0e32\u0e0a\u0e32","ProvinceEn":"Chonburi","Detail":null,"StatQuarantine":0},{"ConfirmDate":1610582400000,"No":"11045","Age":32.0,"Gender":"\u0e2b\u0e0d\u0e34\u0e07","GenderEn":"Female","Nation":"Thailand","NationEn":"Thailand","Province":"\u0e2a\u0e21\u0e38\u0e17\u0e23\u0e1b\u0e23\u0e32\u0e01\u0e32\u0e23","ProvinceId":60,"District":"\u0e23\u0e32\u0e29\u0e0e\u0e23\u0e1a\u0e39\u0e23\u0e13\u0e30","ProvinceEn":"Samut Prakan","Detail":null,"StatQuarantine":0},{"ConfirmDate":1610582400000,"No":"11044","Age":22.0,"Gender":"\u0e2b\u0e0d\u0e34\u0e07","GenderEn":"Female","Nation":"Thailand","NationEn":"Thailand","Province":"\u0e2a\u0e21\u0e38\u0e17\u0e23\u0e1b\u0e23\u0e32\u0e01\u0e32\u0e23","ProvinceId":60,"District":"\u0e40\u0e21\u0e37\u0e2d\u0e07\u0e2a\u0e21\u0e38\u0e17\u0e23\u0e1b\u0e23\u0e32\u0e01\u0e32\u0e23","ProvinceEn":"Samut Prakan","Detail":null,"StatQuarantine":0},{"ConfirmDate":1610582400000,"No":"11043","Age":30.0,"Gender":"\u0e0a\u0e32\u0e22","GenderEn":"Male","Nation":"Cambodia","NationEn":"Cambodia","Province":"\u0e09\u0e30\u0e40\u0e0a\u0e34\u0e07\u0e40\u0e17\u0e23\u0e32","ProvinceId":8,"District":"\u0e40\u0e21\u0e37\u0e2d\u0e07","ProvinceEn":"Chachoengsao","Detail":null,"StatQuarantine":0},{"ConfirmDate":1610582400000,"No":"11042","Age":40.0,"Gender":"\u0e0a\u0e32\u0e22","GenderEn":"Male","Nation":"Thailand","NationEn":"Thailand","Province":"\u0e23\u0e30\u0e22\u0e2d\u0e07","ProvinceId":50,"District":"\u0e40\u0e21\u0e37\u0e2d\u0e07","ProvinceEn":"Rayong","Detail":null,"StatQuarantine":0},{"ConfirmDate":1610582400000,"No":"11041","Age":35.0,"Gender":"\u0e2b\u0e0d\u0e34\u0e07","GenderEn":"Female","Nation":"Thailand","NationEn":"Thailand","Province":"\u0e23\u0e30\u0e22\u0e2d\u0e07","ProvinceId":50,"District":"\u0e40\u0e21\u0e37\u0e2d\u0e07","ProvinceEn":"Rayong","Detail":null,"StatQuarantine":0},{"ConfirmDate":1610582400000,"No":"11040","Age":50.0,"Gender":"\u0e0a\u0e32\u0e22","GenderEn":"Male","Nation":"Thailand","NationEn":"Thailand","Province":"\u0e23\u0e30\u0e22\u0e2d\u0e07","ProvinceId":50,"District":"\u0e40\u0e21\u0e37\u0e2d\u0e07","ProvinceEn":"Rayong","Detail":null,"StatQuarantine":0},{"ConfirmDate":1610582400000,"No":"11039","Age":61.0,"Gender":"\u0e2b\u0e0d\u0e34\u0e07","GenderEn":"Female","Nation":"Thailand","NationEn":"Thailand","Province":"\u0e23\u0e30\u0e22\u0e2d\u0e07","ProvinceId":50,"District":"\u0e40\u0e21\u0e37\u0e2d\u0e07","ProvinceEn":"Rayong","Detail":null,"StatQuarantine":0},{"ConfirmDate":1610582400000,"No":"11038","Age":37.0,"Gender":"\u0e2b\u0e0d\u0e34\u0e07","GenderEn":"Female","Nation":"Thailand","NationEn":"Thailand","Province":"\u0e23\u0e30\u0e22\u0e2d\u0e07","ProvinceId":50,"District":"\u0e19\u0e34\u0e04\u0e21\u0e1e\u0e31\u0e12\u0e19\u0e32","ProvinceEn":"Rayong","Detail":null,"StatQuarantine":0},{"ConfirmDate":1610582400000,"No":"11037","Age":54.0,"Gender":"\u0e2b\u0e0d\u0e34\u0e07","GenderEn":"Female","Nation":"Thailand","NationEn":"Thailand","Province":"\u0e23\u0e30\u0e22\u0e2d\u0e07","ProvinceId":50,"District":"\u0e1b\u0e25\u0e27\u0e01\u0e41\u0e14\u0e07","ProvinceEn":"Rayong","Detail":null,"StatQuarantine":0},{"ConfirmDate":1610582400000,"No":"11036","Age":55.0,"Gender":"\u0e2b\u0e0d\u0e34\u0e07","GenderEn":"Female","Nation":"Thailand","NationEn":"Thailand","Province":"\u0e23\u0e30\u0e22\u0e2d\u0e07","ProvinceId":50,"District":"\u0e41\u0e01\u0e25\u0e07","ProvinceEn":"Rayong","Detail":null,"StatQuarantine":0},{"ConfirmDate":1610582400000,"No":"11035","Age":46.0,"Gender":"\u0e0a\u0e32\u0e22","GenderEn":"Male","Nation":"Thailand","NationEn":"Thailand","Province":"\u0e2a\u0e21\u0e38\u0e17\u0e23\u0e1b\u0e23\u0e32\u0e01\u0e32\u0e23","ProvinceId":60,"District":"\u0e1a\u0e32\u0e07\u0e1e\u0e25\u0e35","ProvinceEn":"Samut Prakan","Detail":null,"StatQuarantine":0},{"ConfirmDate":1610582400000,"No":"11034","Age":50.0,"Gender":"\u0e0a\u0e32\u0e22","GenderEn":"Male","Nation":"Japan","NationEn":"Japan","Province":"\u0e0a\u0e25\u0e1a\u0e38\u0e23\u0e35","ProvinceId":9,"District":"\u0e28\u0e23\u0e35\u0e23\u0e32\u0e0a\u0e32","ProvinceEn":"Chonburi","Detail":null,"StatQuarantine":0},{"ConfirmDate":1610582400000,"No":"11033","Age":31.0,"Gender":"\u0e2b\u0e0d\u0e34\u0e07","GenderEn":"Female","Nation":"Thailand","NationEn":"Thailand","Province":"\u0e23\u0e30\u0e22\u0e2d\u0e07","ProvinceId":50,"District":"\u0e21\u0e32\u0e1a\u0e15\u0e32\u0e1e\u0e38\u0e14","ProvinceEn":"Rayong","Detail":null,"StatQuarantine":0},{"ConfirmDate":1610582400000,"No":"11032","Age":49.0,"Gender":"\u0e0a\u0e32\u0e22","GenderEn":"Male","Nation":"Canada","NationEn":"Canada","Province":"\u0e2a\u0e21\u0e38\u0e17\u0e23\u0e1b\u0e23\u0e32\u0e01\u0e32\u0e23","ProvinceId":60,"District":"\u0e1a\u0e32\u0e07\u0e1e\u0e25\u0e35","ProvinceEn":"Samut Prakan","Detail":null,"StatQuarantine":0},{"ConfirmDate":1610582400000,"No":"11031","Age":66.0,"Gender":"\u0e2b\u0e0d\u0e34\u0e07","GenderEn":"Female","Nation":"Thailand","NationEn":"Thailand","Province":"\u0e0a\u0e25\u0e1a\u0e38\u0e23\u0e35","ProvinceId":9,"District":"\u0e28\u0e23\u0e35\u0e23\u0e32\u0e0a\u0e32","ProvinceEn":"Chonburi","Detail":null,"StatQuarantine":0},{"ConfirmDate":1610582400000,"No":"11030","Age":27.0,"Gender":"\u0e0a\u0e32\u0e22","GenderEn":"Male","Nation":"Thailand","NationEn":"Thailand","Province":"\u0e23\u0e30\u0e22\u0e2d\u0e07","ProvinceId":50,"District":"\u0e1a\u0e49\u0e32\u0e19\u0e09\u0e32\u0e07","ProvinceEn":"Rayong","Detail":null,"StatQuarantine":0},{"ConfirmDate":1610582400000,"No":"11029","Age":16.0,"Gender":"\u0e0a\u0e32\u0e22","GenderEn":"Male","Nation":"Thailand","NationEn":"Thailand","Province":"\u0e23\u0e30\u0e22\u0e2d\u0e07","ProvinceId":50,"District":"\u0e1a\u0e49\u0e32\u0e19\u0e09\u0e32\u0e07","ProvinceEn":"Rayong","Detail":null,"StatQuarantine":0},{"ConfirmDate":1610582400000,"No":"11028","Age":0.0,"Gender":"\u0e0a\u0e32\u0e22","GenderEn":"Male","Nation":"Thailand","NationEn":"Thailand","Province":"\u0e2a\u0e21\u0e38\u0e17\u0e23\u0e1b\u0e23\u0e32\u0e01\u0e32\u0e23","ProvinceId":60,"District":"\u0e40\u0e21\u0e37\u0e2d\u0e07","ProvinceEn":"Samut Prakan","Detail":null,"StatQuarantine":0},{"ConfirmDate":1610582400000,"No":"11027","Age":39.0,"Gender":"\u0e0a\u0e32\u0e22","GenderEn":"Male","Nation":"Thailand","NationEn":"Thailand","Province":"\u0e0a\u0e25\u0e1a\u0e38\u0e23\u0e35","ProvinceId":9,"District":"\u0e1e\u0e31\u0e17\u0e22\u0e32","ProvinceEn":"Chonburi","Detail":null,"StatQuarantine":0},{"ConfirmDate":1610582400000,"No":"11026","Age":49.0,"Gender":"\u0e0a\u0e32\u0e22","GenderEn":"Male","Nation":"Thailand","NationEn":"Thailand","Province":"\u0e0a\u0e25\u0e1a\u0e38\u0e23\u0e35","ProvinceId":9,"District":"\u0e1a\u0e32\u0e07\u0e25\u0e30\u0e21\u0e38\u0e38\u0e07","ProvinceEn":"Chonburi","Detail":null,"StatQuarantine":0},{"ConfirmDate":1610582400000,"No":"11025","Age":22.0,"Gender":"\u0e0a\u0e32\u0e22","GenderEn":"Male","Nation":"Thailand","NationEn":"Thailand","Province":"\u0e2a\u0e21\u0e38\u0e17\u0e23\u0e1b\u0e23\u0e32\u0e01\u0e32\u0e23","ProvinceId":60,"District":"\u0e40\u0e21\u0e37\u0e2d\u0e07","ProvinceEn":"Samut Prakan","Detail":null,"StatQuarantine":0},{"ConfirmDate":1610582400000,"No":"11024","Age":49.0,"Gender":"\u0e0a\u0e32\u0e22","GenderEn":"Male","Nation":"India","NationEn":"India","Province":"\u0e01\u0e23\u0e38\u0e07\u0e40\u0e17\u0e1e\u0e21\u0e2b\u0e32\u0e19\u0e04\u0e23","ProvinceId":1,"District":"\u0e04\u0e25\u0e2d\u0e07\u0e2a\u0e32\u0e19","ProvinceEn":"Bangkok","Detail":null,"StatQuarantine":0},{"ConfirmDate":1610582400000,"No":"11023","Age":45.0,"Gender":"\u0e2b\u0e0d\u0e34\u0e07","GenderEn":"Female","Nation":"Thailand","NationEn":"Thailand","Province":"\u0e01\u0e23\u0e38\u0e07\u0e40\u0e17\u0e1e\u0e21\u0e2b\u0e32\u0e19\u0e04\u0e23","ProvinceId":1,"District":"\u0e25\u0e32\u0e14\u0e01\u0e23\u0e30\u0e1a\u0e31\u0e07","ProvinceEn":"Bangkok","Detail":null,"StatQuarantine":0},{"ConfirmDate":1610582400000,"No":"11022","Age":20.0,"Gender":"\u0e0a\u0e32\u0e22","GenderEn":"Male","Nation":"Thailand","NationEn":"Thailand","Province":"\u0e01\u0e23\u0e38\u0e07\u0e40\u0e17\u0e1e\u0e21\u0e2b\u0e32\u0e19\u0e04\u0e23","ProvinceId":1,"District":"\u0e2b\u0e19\u0e2d\u0e07\u0e41\u0e02\u0e21","ProvinceEn":"Bangkok","Detail":null,"StatQuarantine":0},{"ConfirmDate":1610582400000,"No":"11021","Age":56.0,"Gender":"\u0e2b\u0e0d\u0e34\u0e07","GenderEn":"Female","Nation":"Thailand","NationEn":"Thailand","Province":"\u0e01\u0e23\u0e38\u0e07\u0e40\u0e17\u0e1e\u0e21\u0e2b\u0e32\u0e19\u0e04\u0e23","ProvinceId":1,"District":"\u0e40\u0e21\u0e37\u0e2d\u0e07\u0e2a\u0e21\u0e38\u0e17\u0e23\u0e1b\u0e23\u0e32\u0e01\u0e32\u0e23","ProvinceEn":"Bangkok","Detail":null,"StatQuarantine":0},{"ConfirmDate":1610582400000,"No":"11020","Age":66.0,"Gender":"\u0e2b\u0e0d\u0e34\u0e07","GenderEn":"Female","Nation":"Thailand","NationEn":"Thailand","Province":"\u0e01\u0e23\u0e38\u0e07\u0e40\u0e17\u0e1e\u0e21\u0e2b\u0e32\u0e19\u0e04\u0e23","ProvinceId":1,"District":"\u0e40\u0e21\u0e37\u0e2d\u0e07\u0e2a\u0e21\u0e38\u0e17\u0e23\u0e1b\u0e23\u0e32\u0e01\u0e32\u0e23","ProvinceEn":"Bangkok","Detail":null,"StatQuarantine":0},{"ConfirmDate":1610582400000,"No":"11019","Age":43.0,"Gender":"\u0e0a\u0e32\u0e22","GenderEn":"Male","Nation":"Pakistan","NationEn":"Pakistan","Province":"\u0e01\u0e23\u0e38\u0e07\u0e40\u0e17\u0e1e\u0e21\u0e2b\u0e32\u0e19\u0e04\u0e23","ProvinceId":1,"District":"\u0e1e\u0e23\u0e30\u0e19\u0e04\u0e23","ProvinceEn":"Bangkok","Detail":null,"StatQuarantine":0},{"ConfirmDate":1610582400000,"No":"11018","Age":59.0,"Gender":"\u0e0a\u0e32\u0e22","GenderEn":"Male","Nation":"Netherlands","NationEn":"Netherlands","Province":"\u0e01\u0e23\u0e38\u0e07\u0e40\u0e17\u0e1e\u0e21\u0e2b\u0e32\u0e19\u0e04\u0e23","ProvinceId":1,"District":"\u0e1e\u0e23\u0e30\u0e19\u0e04\u0e23","ProvinceEn":"Bangkok","Detail":null,"StatQuarantine":0},{"ConfirmDate":1610582400000,"No":"11017","Age":0.0,"Gender":"\u0e0a\u0e32\u0e22","GenderEn":"Male","Nation":"Pakistan","NationEn":"Pakistan","Province":"\u0e01\u0e23\u0e38\u0e07\u0e40\u0e17\u0e1e\u0e21\u0e2b\u0e32\u0e19\u0e04\u0e23","ProvinceId":1,"District":"\u0e27\u0e31\u0e12\u0e19\u0e32","ProvinceEn":"Bangkok","Detail":null,"StatQuarantine":0},{"ConfirmDate":1610582400000,"No":"11016","Age":25.0,"Gender":"\u0e2b\u0e0d\u0e34\u0e07","GenderEn":"Female","Nation":"Thailand","NationEn":"Thailand","Province":"\u0e01\u0e23\u0e38\u0e07\u0e40\u0e17\u0e1e\u0e21\u0e2b\u0e32\u0e19\u0e04\u0e23","ProvinceId":1,"District":"\u0e1e\u0e0d\u0e32\u0e44\u0e17","ProvinceEn":"Bangkok","Detail":null,"StatQuarantine":0},{"ConfirmDate":1610582400000,"No":"11015","Age":19.0,"Gender":"\u0e2b\u0e0d\u0e34\u0e07","GenderEn":"Female","Nation":"Burma","NationEn":"Burmese","Province":"\u0e01\u0e23\u0e38\u0e07\u0e40\u0e17\u0e1e\u0e21\u0e2b\u0e32\u0e19\u0e04\u0e23","ProvinceId":1,"District":"\u0e1a\u0e32\u0e07\u0e02\u0e38\u0e19\u0e40\u0e17\u0e35\u0e22\u0e19","ProvinceEn":"Bangkok","Detail":null,"StatQuarantine":0},{"ConfirmDate":1610582400000,"No":"11014","Age":32.0,"Gender":"\u0e0a\u0e32\u0e22","GenderEn":"Male","Nation":"Burma","NationEn":"Burmese","Province":"\u0e01\u0e23\u0e38\u0e07\u0e40\u0e17\u0e1e\u0e21\u0e2b\u0e32\u0e19\u0e04\u0e23","ProvinceId":1,"District":"\u0e1a\u0e32\u0e07\u0e02\u0e38\u0e19\u0e40\u0e17\u0e35\u0e22\u0e19","ProvinceEn":"Bangkok","Detail":null,"StatQuarantine":0},{"ConfirmDate":1610582400000,"No":"11013","Age":45.0,"Gender":"\u0e2b\u0e0d\u0e34\u0e07","GenderEn":"Female","Nation":"Burma","NationEn":"Burmese","Province":"\u0e01\u0e23\u0e38\u0e07\u0e40\u0e17\u0e1e\u0e21\u0e2b\u0e32\u0e19\u0e04\u0e23","ProvinceId":1,"District":"\u0e1a\u0e32\u0e07\u0e02\u0e38\u0e19\u0e40\u0e17\u0e35\u0e22\u0e19","ProvinceEn":"Bangkok","Detail":null,"StatQuarantine":0},{"ConfirmDate":1610582400000,"No":"11012","Age":18.0,"Gender":"\u0e2b\u0e0d\u0e34\u0e07","GenderEn":"Female","Nation":"Thailand","NationEn":"Thailand","Province":"\u0e01\u0e23\u0e38\u0e07\u0e40\u0e17\u0e1e\u0e21\u0e2b\u0e32\u0e19\u0e04\u0e23","ProvinceId":1,"District":"\u0e1a\u0e32\u0e07\u0e40\u0e02\u0e19","ProvinceEn":"Bangkok","Detail":null,"StatQuarantine":0},{"ConfirmDate":1610582400000,"No":"11011","Age":57.0,"Gender":"\u0e0a\u0e32\u0e22","GenderEn":"Male","Nation":"Australia","NationEn":"Australia","Province":"\u0e01\u0e23\u0e38\u0e07\u0e40\u0e17\u0e1e\u0e21\u0e2b\u0e32\u0e19\u0e04\u0e23","ProvinceId":1,"District":"\u0e27\u0e31\u0e12\u0e19\u0e32","ProvinceEn":"Bangkok","Detail":null,"StatQuarantine":0},{"ConfirmDate":1610582400000,"No":"11010","Age":37.0,"Gender":"\u0e0a\u0e32\u0e22","GenderEn":"Male","Nation":"Thailand","NationEn":"Thailand","Province":"\u0e01\u0e23\u0e38\u0e07\u0e40\u0e17\u0e1e\u0e21\u0e2b\u0e32\u0e19\u0e04\u0e23","ProvinceId":1,"District":"\u0e18\u0e19\u0e1a\u0e38\u0e23\u0e35","ProvinceEn":"Bangkok","Detail":null,"StatQuarantine":0},{"ConfirmDate":1610582400000,"No":"11009","Age":12.0,"Gender":"\u0e0a\u0e32\u0e22","GenderEn":"Male","Nation":"Thailand","NationEn":"Thailand","Province":"\u0e01\u0e23\u0e38\u0e07\u0e40\u0e17\u0e1e\u0e21\u0e2b\u0e32\u0e19\u0e04\u0e23","ProvinceId":1,"District":"\u0e08\u0e2d\u0e21\u0e17\u0e2d\u0e07","ProvinceEn":"Bangkok","Detail":null,"StatQuarantine":0},{"ConfirmDate":1610582400000,"No":"11008","Age":30.0,"Gender":"\u0e2b\u0e0d\u0e34\u0e07","GenderEn":"Female","Nation":"Thailand","NationEn":"Thailand","Province":"\u0e01\u0e23\u0e38\u0e07\u0e40\u0e17\u0e1e\u0e21\u0e2b\u0e32\u0e19\u0e04\u0e23","ProvinceId":1,"District":"\u0e14\u0e34\u0e19\u0e41\u0e14\u0e07","ProvinceEn":"Bangkok","Detail":null,"StatQuarantine":0},{"ConfirmDate":1610582400000,"No":"11007","Age":37.0,"Gender":"\u0e2b\u0e0d\u0e34\u0e07","GenderEn":"Female","Nation":"Thailand","NationEn":"Thailand","Province":"\u0e01\u0e23\u0e38\u0e07\u0e40\u0e17\u0e1e\u0e21\u0e2b\u0e32\u0e19\u0e04\u0e23","ProvinceId":1,"District":"\u0e04\u0e25\u0e2d\u0e07\u0e40\u0e15\u0e22","ProvinceEn":"Bangkok","Detail":null,"StatQuarantine":0},{"ConfirmDate":1610582400000,"No":"11006","Age":39.0,"Gender":"\u0e0a\u0e32\u0e22","GenderEn":"Male","Nation":"Greece","NationEn":null,"Province":"\u0e01\u0e23\u0e38\u0e07\u0e40\u0e17\u0e1e\u0e21\u0e2b\u0e32\u0e19\u0e04\u0e23","ProvinceId":1,"District":"\u0e1a\u0e32\u0e07\u0e23\u0e31\u0e01","ProvinceEn":"Bangkok","Detail":null,"StatQuarantine":0},{"ConfirmDate":1610582400000,"No":"11005","Age":38.0,"Gender":"\u0e2b\u0e0d\u0e34\u0e07","GenderEn":"Female","Nation":"Thailand","NationEn":"Thailand","Province":"\u0e01\u0e23\u0e38\u0e07\u0e40\u0e17\u0e1e\u0e21\u0e2b\u0e32\u0e19\u0e04\u0e23","ProvinceId":1,"District":"\u0e1a\u0e32\u0e07\u0e1a\u0e2d\u0e19","ProvinceEn":"Bangkok","Detail":null,"StatQuarantine":0},{"ConfirmDate":1610582400000,"No":"11004","Age":45.0,"Gender":"\u0e0a\u0e32\u0e22","GenderEn":"Male","Nation":"Thailand","NationEn":"Thailand","Province":"\u0e01\u0e23\u0e38\u0e07\u0e40\u0e17\u0e1e\u0e21\u0e2b\u0e32\u0e19\u0e04\u0e23","ProvinceId":1,"District":"\u0e17\u0e27\u0e35\u0e27\u0e31\u0e12\u0e19\u0e32","ProvinceEn":"Bangkok","Detail":null,"StatQuarantine":0},{"ConfirmDate":1610582400000,"No":"11003","Age":29.0,"Gender":"\u0e2b\u0e0d\u0e34\u0e07","GenderEn":"Female","Nation":"Thailand","NationEn":"Thailand","Province":"\u0e19\u0e23\u0e32\u0e18\u0e34\u0e27\u0e32\u0e2a","ProvinceId":25,"District":"\u0e2a\u0e38\u0e44\u0e2b\u0e07-\u0e42\u0e01\u0e25\u0e01","ProvinceEn":"Narathiwat","Detail":null,"StatQuarantine":0},{"ConfirmDate":1610582400000,"No":"11002","Age":37.0,"Gender":"\u0e2b\u0e0d\u0e34\u0e07","GenderEn":"Female","Nation":"Thailand","NationEn":"Thailand","Province":"\u0e19\u0e04\u0e23\u0e23\u0e32\u0e0a\u0e2a\u0e35\u0e21\u0e32","ProvinceId":21,"District":"\u0e1b\u0e32\u0e01\u0e0a\u0e48\u0e2d\u0e07","ProvinceEn":"Nakhon Ratchasima","Detail":null,"StatQuarantine":0},{"ConfirmDate":1610582400000,"No":"11001","Age":49.0,"Gender":"\u0e0a\u0e32\u0e22","GenderEn":"Male","Nation":"UnitedStatesofAmerica","NationEn":"UnitedStatesofAmerica","Province":"\u0e19\u0e19\u0e17\u0e1a\u0e38\u0e23\u0e35","ProvinceId":24,"District":"\u0e27\u0e31\u0e12\u0e19\u0e32","ProvinceEn":"Nonthaburi","Detail":null,"StatQuarantine":0},{"ConfirmDate":1610582400000,"No":"11000","Age":38.0,"Gender":"\u0e0a\u0e32\u0e22","GenderEn":"Male","Nation":"Thailand","NationEn":"Thailand","Province":"\u0e2a\u0e34\u0e07\u0e2b\u0e4c\u0e1a\u0e38\u0e23\u0e35","ProvinceId":65,"District":"\u0e04\u0e48\u0e32\u0e22\u0e1a\u0e32\u0e07\u0e23\u0e30\u0e08\u0e31\u0e19","ProvinceEn":"Sing Buri","Detail":null,"StatQuarantine":0},{"ConfirmDate":1610582400000,"No":"10999","Age":49.0,"Gender":"\u0e0a\u0e32\u0e22","GenderEn":"Male","Nation":"Thailand","NationEn":"Thailand","Province":"\u0e2d\u0e48\u0e32\u0e07\u0e17\u0e2d\u0e07","ProvinceId":72,"District":"\u0e40\u0e21\u0e37\u0e2d\u0e07","ProvinceEn":"Ang Thong","Detail":null,"StatQuarantine":0},{"ConfirmDate":1610582400000,"No":"10998","Age":48.0,"Gender":"\u0e0a\u0e32\u0e22","GenderEn":"Male","Nation":"Thailand","NationEn":"Thailand","Province":"\u0e2d\u0e48\u0e32\u0e07\u0e17\u0e2d\u0e07","ProvinceId":72,"District":"\u0e40\u0e21\u0e37\u0e2d\u0e07","ProvinceEn":"Ang Thong","Detail":null,"StatQuarantine":0},{"ConfirmDate":1610582400000,"No":"10997","Age":50.0,"Gender":"\u0e0a\u0e32\u0e22","GenderEn":"Male","Nation":"Thailand","NationEn":"Thailand","Province":"\u0e2d\u0e48\u0e32\u0e07\u0e17\u0e2d\u0e07","ProvinceId":72,"District":"\u0e27\u0e34\u0e40\u0e28\u0e29\u0e0a\u0e31\u0e22\u0e0a\u0e32\u0e0d","ProvinceEn":"Ang Thong","Detail":null,"StatQuarantine":0},{"ConfirmDate":1610582400000,"No":"10996","Age":65.0,"Gender":"\u0e2b\u0e0d\u0e34\u0e07","GenderEn":"Female","Nation":"Thailand","NationEn":"Thailand","Province":"\u0e2d\u0e48\u0e32\u0e07\u0e17\u0e2d\u0e07","ProvinceId":72,"District":"\u0e27\u0e34\u0e40\u0e28\u0e29\u0e0a\u0e31\u0e22\u0e0a\u0e32\u0e0d","ProvinceEn":"Ang Thong","Detail":null,"StatQuarantine":0},{"ConfirmDate":1610582400000,"No":"10995","Age":58.0,"Gender":"\u0e2b\u0e0d\u0e34\u0e07","GenderEn":"Female","Nation":"Thailand","NationEn":"Thailand","Province":"\u0e19\u0e19\u0e17\u0e1a\u0e38\u0e23\u0e35","ProvinceId":24,"District":"\u0e40\u0e21\u0e37\u0e2d\u0e07","ProvinceEn":"Nonthaburi","Detail":null,"StatQuarantine":0},{"ConfirmDate":1610582400000,"No":"10994","Age":47.0,"Gender":"\u0e0a\u0e32\u0e22","GenderEn":"Male","Nation":"Thailand","NationEn":"Thailand","Province":"\u0e2d\u0e48\u0e32\u0e07\u0e17\u0e2d\u0e07","ProvinceId":72,"District":"\u0e40\u0e21\u0e37\u0e2d\u0e07","ProvinceEn":"Ang Thong","Detail":null,"StatQuarantine":0},{"ConfirmDate":1610582400000,"No":"10993","Age":53.0,"Gender":"\u0e0a\u0e32\u0e22","GenderEn":"Male","Nation":"Thailand","NationEn":"Thailand","Province":"\u0e19\u0e19\u0e17\u0e1a\u0e38\u0e23\u0e35","ProvinceId":24,"District":"\u0e25\u0e33\u0e25\u0e39\u0e01\u0e01\u0e32","ProvinceEn":"Nonthaburi","Detail":null,"StatQuarantine":0},{"ConfirmDate":1610582400000,"No":"10992","Age":41.0,"Gender":"\u0e2b\u0e0d\u0e34\u0e07","GenderEn":"Female","Nation":"Thailand","NationEn":"Thailand","Province":"\u0e1b\u0e17\u0e38\u0e21\u0e18\u0e32\u0e19\u0e35","ProvinceId":29,"District":"\u0e04\u0e25\u0e2d\u0e07\u0e2b\u0e25\u0e27\u0e07","ProvinceEn":"Pathum Thani","Detail":null,"StatQuarantine":0}]