[{"id":108,"status":"patient_has_been_here","date":1611446400000,"placename":"Maria garden restuarant","lat":13.86747225,"lng":100.4526443,"age":0,"gender":0,"nationality":0,"from":0,"patientstatus":0,"note":" \u0e01\u0e17\u0e21.\u0e40\u0e1b\u0e34\u0e14\u0e44\u0e17\u0e21\u0e4c\u0e44\u0e25\u0e19\u0e4c \u0e1c\u0e39\u0e49\u0e1b\u0e48\u0e27\u0e22\u0e42\u0e04\u0e27\u0e34\u0e14  \u0e1b\u0e23\u0e30\u0e08\u0e33\u0e27\u0e31\u0e19\u0e17\u0e35\u0e48  30 \u0e21\u0e04.","source":"https:\/\/www.facebook.com\/earthpongsakornk\/posts\/454073426002558","parentcase":0},{"id":109,"status":"patient_has_been_here","date":1611446400000,"placename":"\u0e17\u0e47\u0e2d\u0e1b\u0e2a\u0e4c\u0e21\u0e32\u0e23\u0e4c\u0e40\u0e01\u0e47\u0e15 \u0e41\u0e1f\u0e0a\u0e31\u0e48\u0e19\u0e44\u0e2d\u0e2a\u0e4c\u0e41\u0e25\u0e19\u0e14\u0e4c","lat":13.82613606,"lng":100.6794717,"age":0,"gender":0,"nationality":0,"from":0,"patientstatus":0,"note":" \u0e01\u0e17\u0e21.\u0e40\u0e1b\u0e34\u0e14\u0e44\u0e17\u0e21\u0e4c\u0e44\u0e25\u0e19\u0e4c \u0e1c\u0e39\u0e49\u0e1b\u0e48\u0e27\u0e22\u0e42\u0e04\u0e27\u0e34\u0e14  \u0e1b\u0e23\u0e30\u0e08\u0e33\u0e27\u0e31\u0e19\u0e17\u0e35\u0e48  30 \u0e21\u0e04.","source":"https:\/\/www.facebook.com\/earthpongsakornk\/posts\/454073426002558","parentcase":0},{"id":110,"status":"patient_has_been_here","date":1611446400000,"placename":"Big C \u0e40\u0e04\u0e2b\u0e30\u0e23\u0e48\u0e21\u0e40\u0e01\u0e25\u0e49\u0e32","lat":13.76535838,"lng":100.7249794,"age":0,"gender":0,"nationality":0,"from":0,"patientstatus":0,"note":" \u0e01\u0e17\u0e21.\u0e40\u0e1b\u0e34\u0e14\u0e44\u0e17\u0e21\u0e4c\u0e44\u0e25\u0e19\u0e4c \u0e1c\u0e39\u0e49\u0e1b\u0e48\u0e27\u0e22\u0e42\u0e04\u0e27\u0e34\u0e14  \u0e1b\u0e23\u0e30\u0e08\u0e33\u0e27\u0e31\u0e19\u0e17\u0e35\u0e48  31 \u0e21\u0e04.","source":"https:\/\/www.facebook.com\/earthpongsakornk\/posts\/455454052531162","parentcase":0},{"id":111,"status":"patient_has_been_here","date":1611446400000,"placename":"Maria garden restuarant","lat":13.86748347,"lng":100.4526764,"age":0,"gender":0,"nationality":0,"from":0,"patientstatus":0,"note":" \u0e01\u0e17\u0e21.\u0e40\u0e1b\u0e34\u0e14\u0e44\u0e17\u0e21\u0e4c\u0e44\u0e25\u0e19\u0e4c \u0e1c\u0e39\u0e49\u0e1b\u0e48\u0e27\u0e22\u0e42\u0e04\u0e27\u0e34\u0e14  \u0e1b\u0e23\u0e30\u0e08\u0e33\u0e27\u0e31\u0e19\u0e17\u0e35\u0e48  31 \u0e21\u0e04.","source":"https:\/\/www.facebook.com\/earthpongsakornk\/posts\/455454052531162","parentcase":0},{"id":112,"status":"patient_has_been_here","date":1611446400000,"placename":"\u0e15\u0e25\u0e32\u0e14\u0e1a\u0e32\u0e07\u0e41\u0e04","lat":13.71189925,"lng":100.4275498,"age":0,"gender":0,"nationality":0,"from":0,"patientstatus":0,"note":" \u0e01\u0e17\u0e21.\u0e40\u0e1b\u0e34\u0e14\u0e44\u0e17\u0e21\u0e4c\u0e44\u0e25\u0e19\u0e4c \u0e1c\u0e39\u0e49\u0e1b\u0e48\u0e27\u0e22\u0e42\u0e04\u0e27\u0e34\u0e14  \u0e1b\u0e23\u0e30\u0e08\u0e33\u0e27\u0e31\u0e19\u0e17\u0e35\u0e48  3 \u0e01\u0e1e.","source":"https:\/\/www.facebook.com\/earthpongsakornk\/posts\/456692252407342","parentcase":0},{"id":113,"status":"patient_has_been_here","date":1611446400000,"placename":"\u0e0b\u0e35\u0e04\u0e2d\u0e19 \u0e1a\u0e32\u0e07\u0e41\u0e04","lat":13.71171772,"lng":100.4340445,"age":0,"gender":0,"nationality":0,"from":0,"patientstatus":0,"note":" \u0e01\u0e17\u0e21.\u0e40\u0e1b\u0e34\u0e14\u0e44\u0e17\u0e21\u0e4c\u0e44\u0e25\u0e19\u0e4c \u0e1c\u0e39\u0e49\u0e1b\u0e48\u0e27\u0e22\u0e42\u0e04\u0e27\u0e34\u0e14  \u0e1b\u0e23\u0e30\u0e08\u0e33\u0e27\u0e31\u0e19\u0e17\u0e35\u0e48  3 \u0e01\u0e1e.","source":"https:\/\/www.facebook.com\/earthpongsakornk\/posts\/456692252407342","parentcase":0},{"id":114,"status":"patient_has_been_here","date":1611446400000,"placename":"\u0e15\u0e25\u0e32\u0e14\u0e19\u0e31\u0e14\u0e27\u0e31\u0e14\u0e0a\u0e31\u0e22\u0e09\u0e34\u0e21\u0e1e\u0e25\u0e35","lat":13.73482245,"lng":100.4325106,"age":0,"gender":0,"nationality":0,"from":0,"patientstatus":0,"note":" \u0e01\u0e17\u0e21.\u0e40\u0e1b\u0e34\u0e14\u0e44\u0e17\u0e21\u0e4c\u0e44\u0e25\u0e19\u0e4c \u0e1c\u0e39\u0e49\u0e1b\u0e48\u0e27\u0e22\u0e42\u0e04\u0e27\u0e34\u0e14  \u0e1b\u0e23\u0e30\u0e08\u0e33\u0e27\u0e31\u0e19\u0e17\u0e35\u0e48  6 \u0e01\u0e1e.","source":"https:\/\/www.facebook.com\/earthpongsakornk\/posts\/457868322289735","parentcase":0},{"id":115,"status":"patient_has_been_here","date":1611446400000,"placename":"FOOD COURT \u0e0b\u0e35\u0e04\u0e2d\u0e19\u0e1a\u0e32\u0e07\u0e41\u0e04","lat":13.71181605,"lng":100.4344132,"age":0,"gender":0,"nationality":0,"from":0,"patientstatus":0,"note":" \u0e01\u0e17\u0e21.\u0e40\u0e1b\u0e34\u0e14\u0e44\u0e17\u0e21\u0e4c\u0e44\u0e25\u0e19\u0e4c \u0e1c\u0e39\u0e49\u0e1b\u0e48\u0e27\u0e22\u0e42\u0e04\u0e27\u0e34\u0e14  \u0e1b\u0e23\u0e30\u0e08\u0e33\u0e27\u0e31\u0e19\u0e17\u0e35\u0e48  6 \u0e01\u0e1e.","source":"https:\/\/www.facebook.com\/earthpongsakornk\/posts\/457868322289735","parentcase":0},{"id":116,"status":"patient_has_been_here","date":1611446400000,"placename":"\u00a0\u0e15\u0e25\u0e32\u0e14\u0e1e\u0e25\u0e39","lat":13.72090217,"lng":100.4771691,"age":0,"gender":0,"nationality":0,"from":0,"patientstatus":0,"note":" \u0e01\u0e17\u0e21.\u0e40\u0e1b\u0e34\u0e14\u0e44\u0e17\u0e21\u0e4c\u0e44\u0e25\u0e19\u0e4c \u0e1c\u0e39\u0e49\u0e1b\u0e48\u0e27\u0e22\u0e42\u0e04\u0e27\u0e34\u0e14  \u0e1b\u0e23\u0e30\u0e08\u0e33\u0e27\u0e31\u0e19\u0e17\u0e35\u0e48  6 \u0e01\u0e1e.","source":"https:\/\/www.facebook.com\/earthpongsakornk\/posts\/457868322289735","parentcase":0},{"id":117,"status":"patient_has_been_here","date":1611792000000,"placename":"\u0e15\u0e25\u0e32\u0e14\u0e19\u0e31\u0e14\u0e2a\u0e32\u0e22\u0e44\u0e2b\u0e21","lat":13.92160509,"lng":100.6679682,"age":0,"gender":0,"nationality":0,"from":0,"patientstatus":0,"note":"\u0e15\u0e25\u0e32\u0e14\u0e19\u0e31\u0e14\u0e2a\u0e32\u0e22\u0e44\u0e2b\u0e21\u200b\u0e41\u0e08\u0e49\u0e07\u0e1c\u0e25\u0e15\u0e23\u0e27\u0e08\u0e40\u0e0a\u0e37\u0e49\u0e2d\u0e42\u0e04\u0e27\u0e34\u0e14-19 \u0e02\u0e2d\u0e07\u0e1c\u0e39\u0e49\u0e04\u0e49\u0e32\u0e43\u0e19\u0e41\u0e1c\u0e07\u200b \u0e02\u0e49\u0e32\u0e27\u0e21\u0e31\u0e19\u0e44\u0e01\u0e48 \u0e40\u0e1b\u0e47\u0e19\u0e1a\u0e27\u0e01 1 \u0e23\u0e32\u0e22","source":"https:\/\/web.facebook.com\/permalink.php?story_fbid=2793010280917181&id=2007100666174817","parentcase":0},{"id":118,"status":"unspecified_location","date":1611792000000,"placename":"\u0e42\u0e23\u0e07\u0e07\u0e32\u0e19\u0e41\u0e16\u0e27 \u0e16.\u0e40\u0e1e\u0e0a\u0e23\u0e40\u0e01\u0e29\u0e21 \u0e40\u0e02\u0e15\u0e20\u0e32\u0e29\u0e35\u0e40\u0e08\u0e23\u0e34\u0e0d","lat":13.71657541,"lng":100.4430568,"age":0,"gender":0,"nationality":0,"from":0,"patientstatus":0,"note":" \u0e01\u0e17\u0e21.\u0e40\u0e1b\u0e34\u0e14\u0e44\u0e17\u0e21\u0e4c\u0e44\u0e25\u0e19\u0e4c \u0e1c\u0e39\u0e49\u0e1b\u0e48\u0e27\u0e22\u0e42\u0e04\u0e27\u0e34\u0e14  \u0e1b\u0e23\u0e30\u0e08\u0e33\u0e27\u0e31\u0e19\u0e17\u0e35\u0e48  3 \u0e01\u0e1e.","source":"https:\/\/www.facebook.com\/earthpongsakornk\/posts\/456692252407342","parentcase":0},{"id":119,"status":"sanitizing","date":1612051200000,"placename":"polli's cafe","lat":13.72654449,"lng":100.5997291,"age":0,"gender":0,"nationality":0,"from":0,"patientstatus":0,"note":"polli's cafe \u0e1b\u0e34\u0e14\u0e23\u0e49\u0e32\u0e19\u0e17\u0e33\u0e04\u0e27\u0e32\u0e21\u0e2a\u0e30\u0e2d\u0e32\u0e14","source":"https:\/\/nineentertain.mcot.net\/top-story-2477666","parentcase":0},{"id":120,"status":"patient_has_been_here","date":1612224000000,"placename":"\u0e21\u0e2b\u0e32\u0e27\u0e34\u0e17\u0e22\u0e32\u0e25\u0e31\u0e22\u0e40\u0e01\u0e29\u0e15\u0e23\u0e28\u0e32\u0e2a\u0e15\u0e23\u0e4c \u0e01\u0e33\u0e41\u0e1e\u0e07\u0e41\u0e2a\u0e19","lat":14.02205306,"lng":99.99050403,"age":0,"gender":0,"nationality":0,"from":0,"patientstatus":0,"note":"\u0e19\u0e34\u0e2a\u0e34\u0e15\u0e21.\u0e40\u0e01\u0e29\u0e15\u0e23 \u0e15\u0e34\u0e14 '\u0e42\u0e04\u0e27\u0e34\u0e14' \u0e40\u0e1c\u0e22\u0e40\u0e14\u0e34\u0e19\u0e17\u0e32\u0e07\u0e21\u0e32\u0e08\u0e32\u0e01\u0e2a\u0e21\u0e38\u0e17\u0e23\u0e2a\u0e32\u0e04\u0e23 \u0e2b\u0e25\u0e31\u0e07\u0e40\u0e1b\u0e34\u0e14\u0e40\u0e23\u0e35\u0e22\u0e19\u0e27\u0e31\u0e19\u0e41\u0e23\u0e01","source":"https:\/\/today.line.me\/th\/v2\/article\/k1kpqJ","parentcase":0}]