[{"id":95,"status":"patient_has_been_here","date":1611792000000,"placename":"\u0e15\u0e25\u0e32\u0e14\u0e19\u0e31\u0e14\u0e2a\u0e32\u0e22\u0e44\u0e2b\u0e21","lat":13.92160509,"lng":100.6679682,"age":0,"gender":0,"nationality":0,"from":0,"patientstatus":0,"note":"\u0e15\u0e25\u0e32\u0e14\u0e19\u0e31\u0e14\u0e2a\u0e32\u0e22\u0e44\u0e2b\u0e21\u200b\u0e41\u0e08\u0e49\u0e07\u0e1c\u0e25\u0e15\u0e23\u0e27\u0e08\u0e40\u0e0a\u0e37\u0e49\u0e2d\u0e42\u0e04\u0e27\u0e34\u0e14-19 \u0e02\u0e2d\u0e07\u0e1c\u0e39\u0e49\u0e04\u0e49\u0e32\u0e43\u0e19\u0e41\u0e1c\u0e07\u200b \u0e02\u0e49\u0e32\u0e27\u0e21\u0e31\u0e19\u0e44\u0e01\u0e48 \u0e40\u0e1b\u0e47\u0e19\u0e1a\u0e27\u0e01 1 \u0e23\u0e32\u0e22","source":"https:\/\/web.facebook.com\/permalink.php?story_fbid=2793010280917181&id=2007100666174817","parentcase":0},{"id":96,"status":"unspecified_location","date":1611792000000,"placename":"\u0e42\u0e23\u0e07\u0e07\u0e32\u0e19\u0e41\u0e16\u0e27 \u0e16.\u0e40\u0e1e\u0e0a\u0e23\u0e40\u0e01\u0e29\u0e21 \u0e40\u0e02\u0e15\u0e20\u0e32\u0e29\u0e35\u0e40\u0e08\u0e23\u0e34\u0e0d","lat":13.71657541,"lng":100.4430568,"age":0,"gender":0,"nationality":0,"from":0,"patientstatus":0,"note":" \u0e01\u0e17\u0e21.\u0e40\u0e1b\u0e34\u0e14\u0e44\u0e17\u0e21\u0e4c\u0e44\u0e25\u0e19\u0e4c \u0e1c\u0e39\u0e49\u0e1b\u0e48\u0e27\u0e22\u0e42\u0e04\u0e27\u0e34\u0e14  \u0e1b\u0e23\u0e30\u0e08\u0e33\u0e27\u0e31\u0e19\u0e17\u0e35\u0e48  3 \u0e01\u0e1e.","source":"https:\/\/www.facebook.com\/earthpongsakornk\/posts\/456692252407342","parentcase":0},{"id":97,"status":"patient_has_been_here","date":1611964800000,"placename":"\u0e15\u0e25\u0e32\u0e14\u0e1a\u0e32\u0e07\u0e41\u0e04","lat":13.71191258,"lng":100.4275328,"age":0,"gender":0,"nationality":0,"from":0,"patientstatus":0,"note":" \u0e01\u0e17\u0e21.\u0e40\u0e1b\u0e34\u0e14\u0e44\u0e17\u0e21\u0e4c\u0e44\u0e25\u0e19\u0e4c \u0e1c\u0e39\u0e49\u0e1b\u0e48\u0e27\u0e22\u0e42\u0e04\u0e27\u0e34\u0e14  \u0e1b\u0e23\u0e30\u0e08\u0e33\u0e27\u0e31\u0e19\u0e17\u0e35\u0e48  7 \u0e01\u0e1e.","source":"https:\/\/www.facebook.com\/earthpongsakornk\/posts\/459053292171238","parentcase":0},{"id":98,"status":"patient_has_been_here","date":1611964800000,"placename":"\u0e15\u0e25\u0e32\u0e14\u0e19\u0e31\u0e14\u0e1b\u0e32\u0e01\u0e17\u0e32\u0e07\u0e2b\u0e21\u0e39\u0e48\u0e1a\u0e49\u0e32\u0e19\u0e40\u0e28\u0e23\u0e29\u0e10\u0e01\u0e34\u0e08","lat":13.70913342,"lng":100.3775196,"age":0,"gender":0,"nationality":0,"from":0,"patientstatus":0,"note":" \u0e01\u0e17\u0e21.\u0e40\u0e1b\u0e34\u0e14\u0e44\u0e17\u0e21\u0e4c\u0e44\u0e25\u0e19\u0e4c \u0e1c\u0e39\u0e49\u0e1b\u0e48\u0e27\u0e22\u0e42\u0e04\u0e27\u0e34\u0e14  \u0e1b\u0e23\u0e30\u0e08\u0e33\u0e27\u0e31\u0e19\u0e17\u0e35\u0e48  8 \u0e01\u0e1e.","source":"https:\/\/www.facebook.com\/earthpongsakornk\/posts\/459702178773016","parentcase":0},{"id":99,"status":"patient_has_been_here","date":1611964800000,"placename":"\u0e15\u0e25\u0e32\u0e14\u0e04\u0e25\u0e2d\u0e07\u0e40\u0e15\u0e22","lat":13.719072,"lng":100.5602382,"age":0,"gender":0,"nationality":0,"from":0,"patientstatus":0,"note":" \u0e01\u0e17\u0e21.\u0e40\u0e1b\u0e34\u0e14\u0e44\u0e17\u0e21\u0e4c\u0e44\u0e25\u0e19\u0e4c \u0e1c\u0e39\u0e49\u0e1b\u0e48\u0e27\u0e22\u0e42\u0e04\u0e27\u0e34\u0e14  \u0e1b\u0e23\u0e30\u0e08\u0e33\u0e27\u0e31\u0e19\u0e17\u0e35\u0e48  9 \u0e01\u0e1e.","source":"https:\/\/www.facebook.com\/earthpongsakornk\/posts\/460298838713350","parentcase":0},{"id":100,"status":"sanitizing","date":1612051200000,"placename":"polli's cafe","lat":13.72654449,"lng":100.5997291,"age":0,"gender":0,"nationality":0,"from":0,"patientstatus":0,"note":"polli's cafe \u0e1b\u0e34\u0e14\u0e23\u0e49\u0e32\u0e19\u0e17\u0e33\u0e04\u0e27\u0e32\u0e21\u0e2a\u0e30\u0e2d\u0e32\u0e14","source":"https:\/\/nineentertain.mcot.net\/top-story-2477666","parentcase":0},{"id":101,"status":"patient_has_been_here","date":1612137600000,"placename":"\u0e15\u0e25\u0e32\u0e14\u0e1a\u0e32\u0e07\u0e41\u0e04","lat":13.71187991,"lng":100.4275505,"age":0,"gender":0,"nationality":0,"from":0,"patientstatus":0,"note":" \u0e01\u0e17\u0e21.\u0e40\u0e1b\u0e34\u0e14\u0e44\u0e17\u0e21\u0e4c\u0e44\u0e25\u0e19\u0e4c \u0e1c\u0e39\u0e49\u0e1b\u0e48\u0e27\u0e22\u0e42\u0e04\u0e27\u0e34\u0e14  \u0e1b\u0e23\u0e30\u0e08\u0e33\u0e27\u0e31\u0e19\u0e17\u0e35\u0e48  8 \u0e01\u0e1e.","source":"https:\/\/www.facebook.com\/earthpongsakornk\/posts\/459702178773016","parentcase":0},{"id":102,"status":"patient_has_been_here","date":1612137600000,"placename":"central eastville","lat":13.8024451,"lng":100.6150688,"age":0,"gender":0,"nationality":0,"from":0,"patientstatus":0,"note":" \u0e01\u0e17\u0e21.\u0e40\u0e1b\u0e34\u0e14\u0e44\u0e17\u0e21\u0e4c\u0e44\u0e25\u0e19\u0e4c \u0e1c\u0e39\u0e49\u0e1b\u0e48\u0e27\u0e22\u0e42\u0e04\u0e27\u0e34\u0e14  \u0e1b\u0e23\u0e30\u0e08\u0e33\u0e27\u0e31\u0e19\u0e17\u0e35\u0e48  9 \u0e01\u0e1e.","source":"https:\/\/www.facebook.com\/earthpongsakornk\/posts\/460298838713350","parentcase":0},{"id":103,"status":"patient_has_been_here","date":1612137600000,"placename":"TOT \u0e08\u0e32\u0e21\u0e08\u0e38\u0e23\u0e35\u0e2a\u0e41\u0e04\u0e27\u0e23\u0e4c","lat":13.73297,"lng":100.5312183,"age":0,"gender":0,"nationality":0,"from":0,"patientstatus":0,"note":" \u0e01\u0e17\u0e21.\u0e40\u0e1b\u0e34\u0e14\u0e44\u0e17\u0e21\u0e4c\u0e44\u0e25\u0e19\u0e4c \u0e1c\u0e39\u0e49\u0e1b\u0e48\u0e27\u0e22\u0e42\u0e04\u0e27\u0e34\u0e14  \u0e1b\u0e23\u0e30\u0e08\u0e33\u0e27\u0e31\u0e19\u0e17\u0e35\u0e48  9 \u0e01\u0e1e.","source":"https:\/\/www.facebook.com\/earthpongsakornk\/posts\/460298838713350","parentcase":0},{"id":104,"status":"patient_has_been_here","date":1612137600000,"placename":"AIS \u0e08\u0e32\u0e21\u0e08\u0e38\u0e23\u0e35\u0e2a\u0e41\u0e04\u0e27\u0e23\u0e4c","lat":13.73284921,"lng":100.5310277,"age":0,"gender":0,"nationality":0,"from":0,"patientstatus":0,"note":" \u0e01\u0e17\u0e21.\u0e40\u0e1b\u0e34\u0e14\u0e44\u0e17\u0e21\u0e4c\u0e44\u0e25\u0e19\u0e4c \u0e1c\u0e39\u0e49\u0e1b\u0e48\u0e27\u0e22\u0e42\u0e04\u0e27\u0e34\u0e14  \u0e1b\u0e23\u0e30\u0e08\u0e33\u0e27\u0e31\u0e19\u0e17\u0e35\u0e48  9 \u0e01\u0e1e.","source":"https:\/\/www.facebook.com\/earthpongsakornk\/posts\/460298838713350","parentcase":0},{"id":105,"status":"patient_has_been_here","date":1612137600000,"placename":"DTAC \u0e08\u0e32\u0e21\u0e08\u0e38\u0e23\u0e35\u0e2a\u0e41\u0e04\u0e27\u0e23\u0e4c","lat":13.73275779,"lng":100.5306012,"age":0,"gender":0,"nationality":0,"from":0,"patientstatus":0,"note":" \u0e01\u0e17\u0e21.\u0e40\u0e1b\u0e34\u0e14\u0e44\u0e17\u0e21\u0e4c\u0e44\u0e25\u0e19\u0e4c \u0e1c\u0e39\u0e49\u0e1b\u0e48\u0e27\u0e22\u0e42\u0e04\u0e27\u0e34\u0e14  \u0e1b\u0e23\u0e30\u0e08\u0e33\u0e27\u0e31\u0e19\u0e17\u0e35\u0e48  9 \u0e01\u0e1e.","source":"https:\/\/www.facebook.com\/earthpongsakornk\/posts\/460298838713350","parentcase":0},{"id":106,"status":"patient_has_been_here","date":1612137600000,"placename":"\u0e22\u0e32\u0e42\u0e22\u0e2d\u0e34 \u0e08\u0e32\u0e21\u0e08\u0e38\u0e23\u0e35\u0e2a\u0e41\u0e04\u0e27\u0e23\u0e4c","lat":13.73278269,"lng":100.5301812,"age":0,"gender":0,"nationality":0,"from":0,"patientstatus":0,"note":" \u0e01\u0e17\u0e21.\u0e40\u0e1b\u0e34\u0e14\u0e44\u0e17\u0e21\u0e4c\u0e44\u0e25\u0e19\u0e4c \u0e1c\u0e39\u0e49\u0e1b\u0e48\u0e27\u0e22\u0e42\u0e04\u0e27\u0e34\u0e14  \u0e1b\u0e23\u0e30\u0e08\u0e33\u0e27\u0e31\u0e19\u0e17\u0e35\u0e48  9 \u0e01\u0e1e.","source":"https:\/\/www.facebook.com\/earthpongsakornk\/posts\/460298838713350","parentcase":0},{"id":107,"status":"patient_has_been_here","date":1612137600000,"placename":"\u0e15\u0e25\u0e32\u0e14\u0e2a\u0e34\u0e19\u0e23\u0e27\u0e22\u0e14\u0e35","lat":13.7111331,"lng":100.4158913,"age":0,"gender":0,"nationality":0,"from":0,"patientstatus":0,"note":" \u0e01\u0e17\u0e21.\u0e40\u0e1b\u0e34\u0e14\u0e44\u0e17\u0e21\u0e4c\u0e44\u0e25\u0e19\u0e4c \u0e1c\u0e39\u0e49\u0e1b\u0e48\u0e27\u0e22\u0e42\u0e04\u0e27\u0e34\u0e14  \u0e1b\u0e23\u0e30\u0e08\u0e33\u0e27\u0e31\u0e19\u0e17\u0e35\u0e48  9 \u0e01\u0e1e.","source":"https:\/\/www.facebook.com\/earthpongsakornk\/posts\/460298838713350","parentcase":0},{"id":108,"status":"patient_has_been_here","date":1612224000000,"placename":"\u0e21\u0e2b\u0e32\u0e27\u0e34\u0e17\u0e22\u0e32\u0e25\u0e31\u0e22\u0e40\u0e01\u0e29\u0e15\u0e23\u0e28\u0e32\u0e2a\u0e15\u0e23\u0e4c \u0e01\u0e33\u0e41\u0e1e\u0e07\u0e41\u0e2a\u0e19","lat":14.02205306,"lng":99.99050403,"age":0,"gender":0,"nationality":0,"from":0,"patientstatus":0,"note":"\u0e19\u0e34\u0e2a\u0e34\u0e15\u0e21.\u0e40\u0e01\u0e29\u0e15\u0e23 \u0e15\u0e34\u0e14 '\u0e42\u0e04\u0e27\u0e34\u0e14' \u0e40\u0e1c\u0e22\u0e40\u0e14\u0e34\u0e19\u0e17\u0e32\u0e07\u0e21\u0e32\u0e08\u0e32\u0e01\u0e2a\u0e21\u0e38\u0e17\u0e23\u0e2a\u0e32\u0e04\u0e23 \u0e2b\u0e25\u0e31\u0e07\u0e40\u0e1b\u0e34\u0e14\u0e40\u0e23\u0e35\u0e22\u0e19\u0e27\u0e31\u0e19\u0e41\u0e23\u0e01","source":"https:\/\/today.line.me\/th\/v2\/article\/k1kpqJ","parentcase":0},{"id":109,"status":"patient_has_been_here","date":1612224000000,"placename":"\u0e25\u0e32\u0e19\u0e1e\u0e23\u0e30\u0e23\u0e39\u0e1b\u0e08\u0e38\u0e2c\u0e32","lat":13.7384795,"lng":100.5317281,"age":0,"gender":0,"nationality":0,"from":0,"patientstatus":0,"note":" \u0e01\u0e17\u0e21.\u0e40\u0e1b\u0e34\u0e14\u0e44\u0e17\u0e21\u0e4c\u0e44\u0e25\u0e19\u0e4c \u0e1c\u0e39\u0e49\u0e1b\u0e48\u0e27\u0e22\u0e42\u0e04\u0e27\u0e34\u0e14  \u0e1b\u0e23\u0e30\u0e08\u0e33\u0e27\u0e31\u0e19\u0e17\u0e35\u0e48  9 \u0e01\u0e1e.","source":"https:\/\/www.facebook.com\/earthpongsakornk\/posts\/460298838713350","parentcase":0},{"id":110,"status":"patient_has_been_here","date":1612396800000,"placename":"\u0e15\u0e25\u0e32\u0e14\u0e2a\u0e27\u0e19\u0e2b\u0e25\u0e27\u0e07 \u0e08\u0e38\u0e2c\u0e32","lat":13.74289669,"lng":100.5245605,"age":0,"gender":0,"nationality":0,"from":0,"patientstatus":0,"note":" \u0e01\u0e17\u0e21.\u0e40\u0e1b\u0e34\u0e14\u0e44\u0e17\u0e21\u0e4c\u0e44\u0e25\u0e19\u0e4c \u0e1c\u0e39\u0e49\u0e1b\u0e48\u0e27\u0e22\u0e42\u0e04\u0e27\u0e34\u0e14  \u0e1b\u0e23\u0e30\u0e08\u0e33\u0e27\u0e31\u0e19\u0e17\u0e35\u0e48  9 \u0e01\u0e1e.","source":"https:\/\/www.facebook.com\/earthpongsakornk\/posts\/460298838713350","parentcase":0},{"id":111,"status":"patient_has_been_here","date":1612483200000,"placename":"\u0e08\u0e38\u0e2c\u0e32 \u0e1d\u0e31\u0e48\u0e07\u0e15\u0e30\u0e27\u0e31\u0e19\u0e15\u0e01","lat":13.73982463,"lng":100.527923,"age":0,"gender":0,"nationality":0,"from":0,"patientstatus":0,"note":" \u0e01\u0e17\u0e21.\u0e40\u0e1b\u0e34\u0e14\u0e44\u0e17\u0e21\u0e4c\u0e44\u0e25\u0e19\u0e4c \u0e1c\u0e39\u0e49\u0e1b\u0e48\u0e27\u0e22\u0e42\u0e04\u0e27\u0e34\u0e14  \u0e1b\u0e23\u0e30\u0e08\u0e33\u0e27\u0e31\u0e19\u0e17\u0e35\u0e48  9 \u0e01\u0e1e.","source":"https:\/\/www.facebook.com\/earthpongsakornk\/posts\/460298838713350","parentcase":0},{"id":112,"status":"patient_has_been_here","date":1612569600000,"placename":"\u0e2d\u0e32\u0e04\u0e32\u0e23\u0e08\u0e38\u0e2c\u0e32\u0e19\u0e34\u0e27\u0e32\u0e2a","lat":13.74181404,"lng":100.5259746,"age":0,"gender":0,"nationality":0,"from":0,"patientstatus":0,"note":" \u0e01\u0e17\u0e21.\u0e40\u0e1b\u0e34\u0e14\u0e44\u0e17\u0e21\u0e4c\u0e44\u0e25\u0e19\u0e4c \u0e1c\u0e39\u0e49\u0e1b\u0e48\u0e27\u0e22\u0e42\u0e04\u0e27\u0e34\u0e14  \u0e1b\u0e23\u0e30\u0e08\u0e33\u0e27\u0e31\u0e19\u0e17\u0e35\u0e48  9 \u0e01\u0e1e.","source":"https:\/\/www.facebook.com\/earthpongsakornk\/posts\/460298838713350","parentcase":0}]