[{"id":0,"status":"patient_has_been_here","date":1610236800000,"placename":"42 Tee-Off Driving Range \u0e04\u0e25\u0e2d\u0e07\u0e40\u0e15\u0e22","lat":13.71656113,"lng":100.5877128,"age":0,"gender":0,"nationality":0,"from":0,"patientstatus":0,"note":" \u0e01\u0e17\u0e21.\u0e40\u0e1b\u0e34\u0e14\u0e44\u0e17\u0e21\u0e4c\u0e44\u0e25\u0e19\u0e4c \u0e1c\u0e39\u0e49\u0e1b\u0e48\u0e27\u0e22\u0e42\u0e04\u0e27\u0e34\u0e14  31 \u0e23\u0e32\u0e22 ","source":"https:\/\/www.facebook.com\/earthpongsakornk\/posts\/444769200266314","parentcase":0},{"id":1,"status":"patient_has_been_here","date":1610236800000,"placename":"\u0e15\u0e25\u0e32\u0e14\u0e04\u0e25\u0e2d\u0e07\u0e40\u0e15\u0e22 \u0e42\u0e0b\u0e19\u0e1c\u0e25\u0e44\u0e21\u0e49","lat":13.716139,"lng":100.5657565,"age":0,"gender":0,"nationality":0,"from":0,"patientstatus":0,"note":" \u0e01\u0e17\u0e21.\u0e40\u0e1b\u0e34\u0e14\u0e44\u0e17\u0e21\u0e4c\u0e44\u0e25\u0e19\u0e4c \u0e1c\u0e39\u0e49\u0e1b\u0e48\u0e27\u0e22\u0e42\u0e04\u0e27\u0e34\u0e14  \u0e1b\u0e23\u0e30\u0e08\u0e33\u0e27\u0e31\u0e19\u0e17\u0e35\u0e48 16 \u0e21\u0e04.","source":"https:\/\/www.facebook.com\/earthpongsakornk\/posts\/445342323542335","parentcase":0},{"id":2,"status":"patient_has_been_here","date":1610236800000,"placename":"BIg C \u0e1e\u0e23\u0e30\u0e23\u0e32\u0e21 4","lat":13.71882479,"lng":100.5690529,"age":0,"gender":0,"nationality":0,"from":0,"patientstatus":0,"note":" \u0e01\u0e17\u0e21.\u0e40\u0e1b\u0e34\u0e14\u0e44\u0e17\u0e21\u0e4c\u0e44\u0e25\u0e19\u0e4c \u0e1c\u0e39\u0e49\u0e1b\u0e48\u0e27\u0e22\u0e42\u0e04\u0e27\u0e34\u0e14  \u0e1b\u0e23\u0e30\u0e08\u0e33\u0e27\u0e31\u0e19\u0e17\u0e35\u0e48 16 \u0e21\u0e04.","source":"https:\/\/www.facebook.com\/earthpongsakornk\/posts\/445342323542335","parentcase":0},{"id":3,"status":"patient_has_been_here","date":1610236800000,"placename":"\u0e04\u0e25\u0e34\u0e19\u0e34\u0e01\u0e21\u0e34\u0e15\u0e23\u0e44\u0e21\u0e15\u0e23\u0e35 \u0e2a\u0e32\u0e02\u0e32\u0e04\u0e25\u0e2d\u0e07\u0e16\u0e19\u0e19","lat":13.88099633,"lng":100.3703526,"age":0,"gender":0,"nationality":0,"from":0,"patientstatus":0,"note":"\u0e19\u0e19\u0e17\u0e1a\u0e38\u0e23\u0e35 \u0e1e\u0e1a\u0e1c\u0e39\u0e49\u0e1b\u0e48\u0e27\u0e22\u0e42\u0e04\u0e27\u0e34\u0e14\u0e43\u0e2b\u0e21\u0e48 2 \u0e23\u0e32\u0e22 \u0e1e\u0e48\u0e2d\u0e04\u0e49\u0e32\u0e2d\u0e32\u0e40\u0e08\u0e35\u0e22\u0e19\u0e40\u0e1b\u0e47\u0e19\u0e40\u0e25\u0e37\u0e2d\u0e14 \u0e2d\u0e35\u0e01\u0e04\u0e19\u0e2a\u0e32\u0e27\u0e17\u0e49\u0e2d\u0e07\u0e43\u0e01\u0e25\u0e49\u0e04\u0e25\u0e2d\u0e14","source":"https:\/\/www.thairath.co.th\/news\/local\/central\/2014408","parentcase":0},{"id":4,"status":"patient_has_been_here","date":1610236800000,"placename":"\u0e23\u0e49\u0e32\u0e19\u0e2b\u0e21\u0e39 \u0e1b\u0e39 \u0e40\u0e19\u0e37\u0e49\u0e2d \u0e40\u0e25\u0e35\u0e22\u0e1a\u0e17\u0e32\u0e07\u0e14\u0e48\u0e27\u0e19\u0e1e\u0e23\u0e30\u0e23\u0e32\u0e21 2","lat":13.68095074,"lng":100.4755182,"age":0,"gender":0,"nationality":0,"from":0,"patientstatus":0,"note":" \u0e01\u0e17\u0e21.\u0e40\u0e1b\u0e34\u0e14\u0e44\u0e17\u0e21\u0e4c\u0e44\u0e25\u0e19\u0e4c \u0e1c\u0e39\u0e49\u0e1b\u0e48\u0e27\u0e22\u0e42\u0e04\u0e27\u0e34\u0e14  \u0e1b\u0e23\u0e30\u0e08\u0e33\u0e27\u0e31\u0e19\u0e17\u0e35\u0e48 17 \u0e21\u0e04.","source":"https:\/\/www.facebook.com\/earthpongsakornk\/posts\/446094123467155","parentcase":0},{"id":5,"status":"patient_has_been_here","date":1610236800000,"placename":"\u0e15\u0e25\u0e32\u0e14\u0e19\u0e31\u0e14\u0e08\u0e15\u0e38\u0e08\u0e31\u0e01\u0e23","lat":13.79941413,"lng":100.5487864,"age":0,"gender":0,"nationality":0,"from":0,"patientstatus":0,"note":" \u0e01\u0e17\u0e21.\u0e40\u0e1b\u0e34\u0e14\u0e44\u0e17\u0e21\u0e4c\u0e44\u0e25\u0e19\u0e4c \u0e1c\u0e39\u0e49\u0e1b\u0e48\u0e27\u0e22\u0e42\u0e04\u0e27\u0e34\u0e14  \u0e1b\u0e23\u0e30\u0e08\u0e33\u0e27\u0e31\u0e19\u0e17\u0e35\u0e48 17 \u0e21\u0e04.","source":"https:\/\/www.facebook.com\/earthpongsakornk\/posts\/446094123467155","parentcase":0},{"id":6,"status":"patient_has_been_here","date":1610236800000,"placename":"\u0e41\u0e21\u0e04\u0e42\u0e04\u0e23 \u0e01\u0e31\u0e25\u0e1b\u0e1e\u0e24\u0e01\u0e29\u0e4c","lat":13.70244197,"lng":100.44601,"age":0,"gender":0,"nationality":0,"from":0,"patientstatus":0,"note":" \u0e01\u0e17\u0e21.\u0e40\u0e1b\u0e34\u0e14\u0e44\u0e17\u0e21\u0e4c\u0e44\u0e25\u0e19\u0e4c \u0e1c\u0e39\u0e49\u0e1b\u0e48\u0e27\u0e22\u0e42\u0e04\u0e27\u0e34\u0e14  \u0e1b\u0e23\u0e30\u0e08\u0e33\u0e27\u0e31\u0e19\u0e17\u0e35\u0e48 17 \u0e21\u0e04.","source":"https:\/\/www.facebook.com\/earthpongsakornk\/posts\/446094123467155","parentcase":0},{"id":7,"status":"patient_has_been_here","date":1610236800000,"placename":"\u0e27\u0e31\u0e14\u0e04\u0e39\u0e48\u0e2a\u0e23\u0e49\u0e32\u0e07","lat":13.6044541,"lng":100.5457878,"age":0,"gender":0,"nationality":0,"from":0,"patientstatus":0,"note":" \u0e01\u0e17\u0e21.\u0e40\u0e1b\u0e34\u0e14\u0e44\u0e17\u0e21\u0e4c\u0e44\u0e25\u0e19\u0e4c \u0e1c\u0e39\u0e49\u0e1b\u0e48\u0e27\u0e22\u0e42\u0e04\u0e27\u0e34\u0e14  \u0e1b\u0e23\u0e30\u0e08\u0e33\u0e27\u0e31\u0e19\u0e17\u0e35\u0e48 19 \u0e21\u0e04.","source":"https:\/\/www.facebook.com\/earthpongsakornk\/posts\/447250593351508","parentcase":0},{"id":8,"status":"patient_has_been_here","date":1610236800000,"placename":"\u0e15\u0e25\u0e32\u0e14\u0e28\u0e32\u0e25\u0e32\u0e19\u0e49\u0e33\u0e23\u0e49\u0e2d\u0e19 \u0e1a\u0e32\u0e07\u0e01\u0e2d\u0e01\u0e19\u0e49\u0e2d\u0e22","lat":13.76023419,"lng":100.4805972,"age":0,"gender":0,"nationality":0,"from":0,"patientstatus":0,"note":" \u0e01\u0e17\u0e21.\u0e40\u0e1b\u0e34\u0e14\u0e44\u0e17\u0e21\u0e4c\u0e44\u0e25\u0e19\u0e4c \u0e1c\u0e39\u0e49\u0e1b\u0e48\u0e27\u0e22\u0e42\u0e04\u0e27\u0e34\u0e14  \u0e1b\u0e23\u0e30\u0e08\u0e33\u0e27\u0e31\u0e19\u0e17\u0e35\u0e48  20 \u0e21\u0e04.","source":"https:\/\/www.facebook.com\/earthpongsakornk\/posts\/447801579963076","parentcase":0},{"id":9,"status":"patient_has_been_here","date":1610236800000,"placename":"\u0e42\u0e23\u0e07\u0e41\u0e23\u0e21\u0e1a\u0e31\u0e19\u0e22\u0e31\u0e19\u0e17\u0e23\u0e35","lat":13.72394866,"lng":100.5396674,"age":0,"gender":0,"nationality":0,"from":0,"patientstatus":0,"note":"\u0e14\u0e35\u0e40\u0e08\u0e21\u0e30\u0e15\u0e39\u0e21 \u0e40\u0e1b\u0e34\u0e14\u0e44\u0e17\u0e21\u0e4c\u0e44\u0e25\u0e19\u0e4c \u0e25\u0e48\u0e32\u0e2a\u0e38\u0e14 \u0e40\u0e02\u0e49\u0e32\u0e23\u0e31\u0e1a\u0e01\u0e32\u0e23\u0e23\u0e31\u0e01\u0e29\u0e32\u0e41\u0e25\u0e49\u0e27 \u0e2b\u0e25\u0e31\u0e07\u0e1e\u0e1a\u0e15\u0e34\u0e14\u0e42\u0e04\u0e27\u0e34\u0e14-19","source":"https:\/\/today.line.me\/th\/v2\/article\/pp5xe7","parentcase":0},{"id":10,"status":"patient_has_been_here","date":1610236800000,"placename":"Joha korean bar \u0e2d\u0e32\u0e23\u0e35\u0e22\u0e4c","lat":13.78259045,"lng":100.5428075,"age":0,"gender":0,"nationality":0,"from":0,"patientstatus":0,"note":"\u0e14\u0e35\u0e40\u0e08\u0e21\u0e30\u0e15\u0e39\u0e21 \u0e40\u0e1b\u0e34\u0e14\u0e44\u0e17\u0e21\u0e4c\u0e44\u0e25\u0e19\u0e4c \u0e25\u0e48\u0e32\u0e2a\u0e38\u0e14 \u0e40\u0e02\u0e49\u0e32\u0e23\u0e31\u0e1a\u0e01\u0e32\u0e23\u0e23\u0e31\u0e01\u0e29\u0e32\u0e41\u0e25\u0e49\u0e27 \u0e2b\u0e25\u0e31\u0e07\u0e1e\u0e1a\u0e15\u0e34\u0e14\u0e42\u0e04\u0e27\u0e34\u0e14-19","source":"https:\/\/today.line.me\/th\/v2\/article\/pp5xe7","parentcase":0},{"id":11,"status":"patient_has_been_here","date":1610236800000,"placename":"\u0e41\u0e1f\u0e25\u0e0a\u0e40\u0e2d\u0e47\u0e01\u0e40\u0e1e\u0e25\u0e2a \u0e2b\u0e49\u0e32\u0e07\u0e1f\u0e2d\u0e23\u0e4c\u0e08\u0e39\u0e19","lat":13.75996845,"lng":100.565451,"age":0,"gender":0,"nationality":0,"from":0,"patientstatus":0,"note":" \u0e01\u0e17\u0e21.\u0e40\u0e1b\u0e34\u0e14\u0e44\u0e17\u0e21\u0e4c\u0e44\u0e25\u0e19\u0e4c \u0e1c\u0e39\u0e49\u0e1b\u0e48\u0e27\u0e22\u0e42\u0e04\u0e27\u0e34\u0e14  \u0e1b\u0e23\u0e30\u0e08\u0e33\u0e27\u0e31\u0e19\u0e17\u0e35\u0e48  21 \u0e21\u0e04.","source":"https:\/\/www.facebook.com\/earthpongsakornk\/posts\/448574889885745","parentcase":0},{"id":12,"status":"patient_has_been_here","date":1610323200000,"placename":"\u0e44\u0e1b\u0e23\u0e29\u0e13\u0e35\u0e22\u0e4c\u0e1a\u0e32\u0e07\u0e02\u0e38\u0e19\u0e40\u0e17\u0e35\u0e22\u0e19","lat":13.68517357,"lng":100.4452034,"age":0,"gender":0,"nationality":0,"from":0,"patientstatus":0,"note":"\u0e1e\u0e19\u0e31\u0e01\u0e07\u0e32\u0e19\u0e19\u0e33\u0e08\u0e48\u0e32\u0e22 \u0e44\u0e1b\u0e23\u0e29\u0e13\u0e35\u0e22\u0e4c\u0e1a\u0e32\u0e07\u0e02\u0e38\u0e19\u0e40\u0e17\u0e35\u0e22\u0e19 \u0e1b\u0e48\u0e27\u0e22\u0e42\u0e04\u0e27\u0e34\u0e14 \u0e2d\u0e32\u0e0a\u0e35\u0e1e\u0e40\u0e2a\u0e23\u0e34\u0e21\u0e02\u0e31\u0e1a\u0e21\u0e2d\u0e40\u0e15\u0e2d\u0e23\u0e4c\u0e44\u0e0b\u0e04\u0e4c\u0e23\u0e31\u0e1a\u0e08\u0e49\u0e32\u0e07","source":"https:\/\/www.thairath.co.th\/news\/local\/bangkok\/2010933","parentcase":0},{"id":13,"status":"patient_has_been_here","date":1610323200000,"placename":"\u0e42\u0e25\u0e15\u0e31\u0e2a \u0e1e\u0e23\u0e30\u0e23\u0e32\u0e214","lat":13.71764195,"lng":100.5687363,"age":0,"gender":0,"nationality":0,"from":0,"patientstatus":0,"note":" \u0e01\u0e17\u0e21.\u0e40\u0e1b\u0e34\u0e14\u0e44\u0e17\u0e21\u0e4c\u0e44\u0e25\u0e19\u0e4c \u0e1c\u0e39\u0e49\u0e1b\u0e48\u0e27\u0e22\u0e42\u0e04\u0e27\u0e34\u0e14  \u0e1b\u0e23\u0e30\u0e08\u0e33\u0e27\u0e31\u0e19\u0e17\u0e35\u0e48 16 \u0e21\u0e04.","source":"https:\/\/www.facebook.com\/earthpongsakornk\/posts\/445342323542335","parentcase":0},{"id":14,"status":"patient_has_been_here","date":1610323200000,"placename":"\u0e15\u0e25\u0e32\u0e14\u0e2a\u0e35\u0e48\u0e21\u0e38\u0e21\u0e40\u0e21\u0e37\u0e2d\u0e07","lat":13.96188176,"lng":100.6183624,"age":0,"gender":0,"nationality":0,"from":0,"patientstatus":0,"note":"\u0e19\u0e19\u0e17\u0e1a\u0e38\u0e23\u0e35 \u0e1e\u0e1a\u0e1c\u0e39\u0e49\u0e1b\u0e48\u0e27\u0e22\u0e42\u0e04\u0e27\u0e34\u0e14\u0e43\u0e2b\u0e21\u0e48 2 \u0e23\u0e32\u0e22 \u0e1e\u0e48\u0e2d\u0e04\u0e49\u0e32\u0e2d\u0e32\u0e40\u0e08\u0e35\u0e22\u0e19\u0e40\u0e1b\u0e47\u0e19\u0e40\u0e25\u0e37\u0e2d\u0e14 \u0e2d\u0e35\u0e01\u0e04\u0e19\u0e2a\u0e32\u0e27\u0e17\u0e49\u0e2d\u0e07\u0e43\u0e01\u0e25\u0e49\u0e04\u0e25\u0e2d\u0e14","source":"https:\/\/www.thairath.co.th\/news\/local\/central\/2014408","parentcase":0},{"id":15,"status":"patient_has_been_here","date":1610323200000,"placename":"\u0e15\u0e25\u0e32\u0e14\u0e2d\u0e34\u0e19\u0e14\u0e35\u0e49 \u0e14\u0e32\u0e27\u0e04\u0e30\u0e19\u0e2d\u0e07","lat":13.69104063,"lng":100.4810059,"age":0,"gender":0,"nationality":0,"from":0,"patientstatus":0,"note":" \u0e01\u0e17\u0e21.\u0e40\u0e1b\u0e34\u0e14\u0e44\u0e17\u0e21\u0e4c\u0e44\u0e25\u0e19\u0e4c \u0e1c\u0e39\u0e49\u0e1b\u0e48\u0e27\u0e22\u0e42\u0e04\u0e27\u0e34\u0e14  \u0e1b\u0e23\u0e30\u0e08\u0e33\u0e27\u0e31\u0e19\u0e17\u0e35\u0e48 19 \u0e21\u0e04.","source":"https:\/\/www.facebook.com\/earthpongsakornk\/posts\/447250593351508","parentcase":0},{"id":16,"status":"patient_has_been_here","date":1610323200000,"placename":"Yark tattoo","lat":13.8580228,"lng":100.5413658,"age":0,"gender":0,"nationality":0,"from":0,"patientstatus":0,"note":" \u0e01\u0e17\u0e21.\u0e40\u0e1b\u0e34\u0e14\u0e44\u0e17\u0e21\u0e4c\u0e44\u0e25\u0e19\u0e4c \u0e1c\u0e39\u0e49\u0e1b\u0e48\u0e27\u0e22\u0e42\u0e04\u0e27\u0e34\u0e14  \u0e1b\u0e23\u0e30\u0e08\u0e33\u0e27\u0e31\u0e19\u0e17\u0e35\u0e48  21 \u0e21\u0e04.","source":"https:\/\/www.facebook.com\/earthpongsakornk\/posts\/448574889885745","parentcase":0},{"id":17,"status":"patient_has_been_here","date":1610409600000,"placename":"\u0e15\u0e25\u0e32\u0e14\u0e41\u0e2a\u0e07\u0e08\u0e31\u0e19\u0e17\u0e23\u0e4c \u0e1a\u0e32\u0e07\u0e43\u0e2b\u0e0d\u0e48","lat":13.87094307,"lng":100.3899895,"age":0,"gender":0,"nationality":0,"from":0,"patientstatus":0,"note":"\u0e19\u0e19\u0e17\u0e1a\u0e38\u0e23\u0e35 \u0e1e\u0e1a\u0e1c\u0e39\u0e49\u0e1b\u0e48\u0e27\u0e22\u0e42\u0e04\u0e27\u0e34\u0e14\u0e43\u0e2b\u0e21\u0e48 2 \u0e23\u0e32\u0e22 \u0e1e\u0e48\u0e2d\u0e04\u0e49\u0e32\u0e2d\u0e32\u0e40\u0e08\u0e35\u0e22\u0e19\u0e40\u0e1b\u0e47\u0e19\u0e40\u0e25\u0e37\u0e2d\u0e14 \u0e2d\u0e35\u0e01\u0e04\u0e19\u0e2a\u0e32\u0e27\u0e17\u0e49\u0e2d\u0e07\u0e43\u0e01\u0e25\u0e49\u0e04\u0e25\u0e2d\u0e14","source":"https:\/\/www.thairath.co.th\/news\/local\/central\/2014408","parentcase":0},{"id":18,"status":"patient_has_been_here","date":1610409600000,"placename":"\u0e18\u0e19\u0e32\u0e04\u0e32\u0e23\u0e01\u0e2a\u0e34\u0e01\u0e23\u0e44\u0e17\u0e22 \u0e2a\u0e32\u0e02\u0e32\u0e1e\u0e32\u0e0b\u0e34\u0e42\u0e2d","lat":13.76602425,"lng":100.4059999,"age":0,"gender":0,"nationality":0,"from":0,"patientstatus":0,"note":" \u0e01\u0e17\u0e21.\u0e40\u0e1b\u0e34\u0e14\u0e44\u0e17\u0e21\u0e4c\u0e44\u0e25\u0e19\u0e4c \u0e1c\u0e39\u0e49\u0e1b\u0e48\u0e27\u0e22\u0e42\u0e04\u0e27\u0e34\u0e14  \u0e1b\u0e23\u0e30\u0e08\u0e33\u0e27\u0e31\u0e19\u0e17\u0e35\u0e48 18 \u0e21\u0e04.","source":"https:\/\/www.facebook.com\/earthpongsakornk\/posts\/446659306743970","parentcase":0},{"id":19,"status":"patient_has_been_here","date":1610409600000,"placename":"\u0e18\u0e19\u0e32\u0e04\u0e32\u0e23\u0e44\u0e17\u0e22\u0e1e\u0e32\u0e13\u0e34\u0e0a\u0e22\u0e4c \u0e2a\u0e32\u0e02\u0e32\u0e1e\u0e32\u0e0b\u0e34\u0e42\u0e2d","lat":13.76630614,"lng":100.4061276,"age":0,"gender":0,"nationality":0,"from":0,"patientstatus":0,"note":" \u0e01\u0e17\u0e21.\u0e40\u0e1b\u0e34\u0e14\u0e44\u0e17\u0e21\u0e4c\u0e44\u0e25\u0e19\u0e4c \u0e1c\u0e39\u0e49\u0e1b\u0e48\u0e27\u0e22\u0e42\u0e04\u0e27\u0e34\u0e14  \u0e1b\u0e23\u0e30\u0e08\u0e33\u0e27\u0e31\u0e19\u0e17\u0e35\u0e48 18 \u0e21\u0e04.","source":"https:\/\/www.facebook.com\/earthpongsakornk\/posts\/446659306743970","parentcase":0},{"id":20,"status":"confirmed","date":1610496000000,"placename":"\u0e15\u0e25\u0e32\u0e14\u0e2a\u0e38\u0e0a\u0e32\u0e15\u0e34","lat":13.98572175,"lng":100.605784,"age":0,"gender":0,"nationality":0,"from":0,"patientstatus":0,"note":"\u0e41\u0e23\u0e07\u0e07\u0e32\u0e19\u0e15\u0e48\u0e32\u0e07\u0e0a\u0e32\u0e15\u0e34\u0e15\u0e34\u0e14\u0e40\u0e0a\u0e37\u0e49\u0e2d\u0e42\u0e04\u0e27\u0e34\u0e14\u0e2d\u0e35\u0e0115\u0e23\u0e32\u0e22\u0e43\u0e19\u0e15\u0e25\u0e32\u0e14\u0e14\u0e31\u0e07\u0e18\u0e31\u0e0d\u0e1a\u0e38\u0e23\u0e35","source":"https:\/\/today.line.me\/th\/v2\/article\/%E0%B8%94%E0%B9%88%E0%B8%A7%E0%B8%99%E0%B9%80%E0%B8%88%E0%B8%AD%E0%B9%81%E0%B8%A3%E0%B8%87%E0%B8%87%E0%B8%B2%E0%B8%99%E0%B8%95%E0%B9%88%E0%B8%B2%E0%B8%87%E0%B8%8A%E0%B8%B2%E0%B8%95%E0%B8%B4%E0%B8%95%E0%B8%B4%E0%B8%94%E0%B9%80%E0%B8%8A%E0%B8%B7%E0%B9%89%E0%B8%AD%E0%B9%82%E0%B8%84%E0%B8%A7%E0%B8%B4%E0%B8%94%E0%B8%AD%E0%B8%B5%E0%B8%8115%E0%B8%A3%E0%B8%B2%E0%B8%A2%E0%B9%83%E0%B8%99%E0%B8%95%E0%B8%A5%E0%B8%B2%E0%B8%94%E0%B8%94%E0%B8%B1%E0%B8%87%E0%B8%98%E0%B8%B1%E0%B8%8D%E0%B8%9A%E0%B8%B8%E0%B8%A3%E0%B8%B5-1Pr06B","parentcase":0},{"id":21,"status":"confirmed","date":1610496000000,"placename":"\u0e15\u0e25\u0e32\u0e14\u0e1e\u0e23\u0e1e\u0e31\u0e12\u0e19\u0e4c","lat":13.98404263,"lng":100.6076023,"age":0,"gender":0,"nationality":0,"from":0,"patientstatus":0,"note":"\u0e41\u0e23\u0e07\u0e07\u0e32\u0e19\u0e15\u0e48\u0e32\u0e07\u0e0a\u0e32\u0e15\u0e34\u0e15\u0e34\u0e14\u0e40\u0e0a\u0e37\u0e49\u0e2d\u0e42\u0e04\u0e27\u0e34\u0e14\u0e2d\u0e35\u0e0115\u0e23\u0e32\u0e22\u0e43\u0e19\u0e15\u0e25\u0e32\u0e14\u0e14\u0e31\u0e07\u0e18\u0e31\u0e0d\u0e1a\u0e38\u0e23\u0e35","source":"https:\/\/today.line.me\/th\/v2\/article\/%E0%B8%94%E0%B9%88%E0%B8%A7%E0%B8%99%E0%B9%80%E0%B8%88%E0%B8%AD%E0%B9%81%E0%B8%A3%E0%B8%87%E0%B8%87%E0%B8%B2%E0%B8%99%E0%B8%95%E0%B9%88%E0%B8%B2%E0%B8%87%E0%B8%8A%E0%B8%B2%E0%B8%95%E0%B8%B4%E0%B8%95%E0%B8%B4%E0%B8%94%E0%B9%80%E0%B8%8A%E0%B8%B7%E0%B9%89%E0%B8%AD%E0%B9%82%E0%B8%84%E0%B8%A7%E0%B8%B4%E0%B8%94%E0%B8%AD%E0%B8%B5%E0%B8%8115%E0%B8%A3%E0%B8%B2%E0%B8%A2%E0%B9%83%E0%B8%99%E0%B8%95%E0%B8%A5%E0%B8%B2%E0%B8%94%E0%B8%94%E0%B8%B1%E0%B8%87%E0%B8%98%E0%B8%B1%E0%B8%8D%E0%B8%9A%E0%B8%B8%E0%B8%A3%E0%B8%B5-1Pr06B","parentcase":0},{"id":22,"status":"patient_has_been_here","date":1610582400000,"placename":"\u0e15\u0e25\u0e32\u0e14\u0e16\u0e19\u0e2d\u0e21\u0e21\u0e34\u0e15\u0e23 \u0e41\u0e02\u0e27\u0e07\u0e17\u0e48\u0e32\u0e41\u0e23\u0e49\u0e07","lat":13.85814935,"lng":100.6435708,"age":0,"gender":0,"nationality":0,"from":0,"patientstatus":0,"note":" \u0e01\u0e17\u0e21.\u0e40\u0e1b\u0e34\u0e14\u0e44\u0e17\u0e21\u0e4c\u0e44\u0e25\u0e19\u0e4c \u0e1c\u0e39\u0e49\u0e1b\u0e48\u0e27\u0e22\u0e42\u0e04\u0e27\u0e34\u0e14  \u0e1b\u0e23\u0e30\u0e08\u0e33\u0e27\u0e31\u0e19\u0e17\u0e35\u0e48 17 \u0e21\u0e04.","source":"https:\/\/www.facebook.com\/earthpongsakornk\/posts\/446094123467155","parentcase":0},{"id":23,"status":"patient_has_been_here","date":1610582400000,"placename":"7-11 \u0e0b.\u0e1a\u0e32\u0e07\u0e02\u0e38\u0e19\u0e40\u0e17\u0e35\u0e22\u0e1914","lat":13.66198264,"lng":100.4257053,"age":0,"gender":0,"nationality":0,"from":0,"patientstatus":0,"note":" \u0e01\u0e17\u0e21.\u0e40\u0e1b\u0e34\u0e14\u0e44\u0e17\u0e21\u0e4c\u0e44\u0e25\u0e19\u0e4c \u0e1c\u0e39\u0e49\u0e1b\u0e48\u0e27\u0e22\u0e42\u0e04\u0e27\u0e34\u0e14  \u0e1b\u0e23\u0e30\u0e08\u0e33\u0e27\u0e31\u0e19\u0e17\u0e35\u0e48  20 \u0e21\u0e04.","source":"https:\/\/www.facebook.com\/earthpongsakornk\/posts\/447801579963076","parentcase":0},{"id":24,"status":"patient_has_been_here","date":1610582400000,"placename":"\u0e40\u0e14\u0e2d\u0e30\u0e21\u0e2d\u0e25\u0e25\u0e4c\u0e07\u0e32\u0e21\u0e27\u0e07\u0e28\u0e4c\u0e27\u0e32\u0e19","lat":13.85538476,"lng":100.5419177,"age":0,"gender":0,"nationality":0,"from":0,"patientstatus":0,"note":"\"\u0e19\u0e19\u0e17\u0e1a\u0e38\u0e23\u0e35\"\u0e40\u0e1b\u0e34\u0e14\u0e44\u0e17\u0e21\u0e4c\u0e44\u0e25\u0e19\u0e4c\u0e15\u0e34\u0e14\u0e40\u0e0a\u0e37\u0e49\u0e2d\u0e42\u0e04\u0e27\u0e34\u0e14-19 \u0e43\u0e2b\u0e21\u0e48 2 \u0e23\u0e32\u0e22 \u0e0a\u0e32\u0e22 1 \u0e2b\u0e0d\u0e34\u0e07 1","source":"https:\/\/today.line.me\/th\/v2\/article\/Pz8ME7","parentcase":0},{"id":25,"status":"patient_has_been_here","date":1610582400000,"placename":"\u0e15\u0e25\u0e32\u0e14\u0e2a\u0e30\u0e1e\u0e32\u0e19\u0e04\u0e27\u0e32\u0e22","lat":13.79040131,"lng":100.547787,"age":0,"gender":0,"nationality":0,"from":0,"patientstatus":0,"note":" \u0e01\u0e17\u0e21.\u0e40\u0e1b\u0e34\u0e14\u0e44\u0e17\u0e21\u0e4c\u0e44\u0e25\u0e19\u0e4c \u0e1c\u0e39\u0e49\u0e1b\u0e48\u0e27\u0e22\u0e42\u0e04\u0e27\u0e34\u0e14  \u0e1b\u0e23\u0e30\u0e08\u0e33\u0e27\u0e31\u0e19\u0e17\u0e35\u0e48  21 \u0e21\u0e04.","source":"https:\/\/www.facebook.com\/earthpongsakornk\/posts\/448574889885745","parentcase":0},{"id":26,"status":"patient_has_been_here","date":1610668800000,"placename":"\u0e1a\u0e23\u0e34\u0e29\u0e31\u0e17\u0e44\u0e17\u0e22\u0e2a\u0e21\u0e38\u0e17\u0e23\u0e1b\u0e23\u0e30\u0e01\u0e31\u0e19\u0e0a\u0e35\u0e27\u0e34\u0e15 \u0e2a\u0e32\u0e02\u0e32\u0e19\u0e19\u0e17\u0e1a\u0e38\u0e23\u0e35","lat":13.86007893,"lng":100.5121068,"age":0,"gender":0,"nationality":0,"from":0,"patientstatus":0,"note":"\u0e19\u0e19\u0e17\u0e1a\u0e38\u0e23\u0e35 \u0e1e\u0e1a\u0e1c\u0e39\u0e49\u0e1b\u0e48\u0e27\u0e22\u0e42\u0e04\u0e27\u0e34\u0e14\u0e43\u0e2b\u0e21\u0e48 2 \u0e23\u0e32\u0e22 \u0e1e\u0e48\u0e2d\u0e04\u0e49\u0e32\u0e2d\u0e32\u0e40\u0e08\u0e35\u0e22\u0e19\u0e40\u0e1b\u0e47\u0e19\u0e40\u0e25\u0e37\u0e2d\u0e14 \u0e2d\u0e35\u0e01\u0e04\u0e19\u0e2a\u0e32\u0e27\u0e17\u0e49\u0e2d\u0e07\u0e43\u0e01\u0e25\u0e49\u0e04\u0e25\u0e2d\u0e14","source":"https:\/\/www.thairath.co.th\/news\/local\/central\/2014408","parentcase":0},{"id":27,"status":"patient_has_been_here","date":1610668800000,"placename":"\u0e23\u0e49\u0e32\u0e19\u0e02\u0e49\u0e32\u0e19\u0e49\u0e2d\u0e22\u0e02\u0e2d\u0e0a\u0e32\u0e1a\u0e39 \u0e1f\u0e2d\u0e23\u0e4c\u0e08\u0e39\u0e19\u0e17\u0e32\u0e27\u0e19\u0e4c","lat":13.75896007,"lng":100.5651797,"age":0,"gender":0,"nationality":0,"from":0,"patientstatus":0,"note":" \u0e01\u0e17\u0e21.\u0e40\u0e1b\u0e34\u0e14\u0e44\u0e17\u0e21\u0e4c\u0e44\u0e25\u0e19\u0e4c \u0e1c\u0e39\u0e49\u0e1b\u0e48\u0e27\u0e22\u0e42\u0e04\u0e27\u0e34\u0e14  \u0e1b\u0e23\u0e30\u0e08\u0e33\u0e27\u0e31\u0e19\u0e17\u0e35\u0e48  21 \u0e21\u0e04.","source":"https:\/\/www.facebook.com\/earthpongsakornk\/posts\/448574889885745","parentcase":0},{"id":28,"status":"patient_has_been_here","date":1610668800000,"placename":"MRT \u0e23\u0e31\u0e0a\u0e14\u0e32\u0e20\u0e34\u0e40\u0e29\u0e01","lat":13.79943123,"lng":100.5744268,"age":0,"gender":0,"nationality":0,"from":0,"patientstatus":0,"note":" \u0e01\u0e17\u0e21.\u0e40\u0e1b\u0e34\u0e14\u0e44\u0e17\u0e21\u0e4c\u0e44\u0e25\u0e19\u0e4c \u0e1c\u0e39\u0e49\u0e1b\u0e48\u0e27\u0e22\u0e42\u0e04\u0e27\u0e34\u0e14  \u0e1b\u0e23\u0e30\u0e08\u0e33\u0e27\u0e31\u0e19\u0e17\u0e35\u0e48  21 \u0e21\u0e04.","source":"https:\/\/www.facebook.com\/earthpongsakornk\/posts\/448574889885745","parentcase":0},{"id":29,"status":"patient_has_been_here","date":1610668800000,"placename":"MRT \u0e1e\u0e23\u0e30\u0e23\u0e32\u0e21 9","lat":13.75775715,"lng":100.5651539,"age":0,"gender":0,"nationality":0,"from":0,"patientstatus":0,"note":" \u0e01\u0e17\u0e21.\u0e40\u0e1b\u0e34\u0e14\u0e44\u0e17\u0e21\u0e4c\u0e44\u0e25\u0e19\u0e4c \u0e1c\u0e39\u0e49\u0e1b\u0e48\u0e27\u0e22\u0e42\u0e04\u0e27\u0e34\u0e14  \u0e1b\u0e23\u0e30\u0e08\u0e33\u0e27\u0e31\u0e19\u0e17\u0e35\u0e48  21 \u0e21\u0e04.","source":"https:\/\/www.facebook.com\/earthpongsakornk\/posts\/448574889885745","parentcase":0},{"id":30,"status":"patient_has_been_here","date":1610668800000,"placename":"\u0e23\u0e49\u0e32\u0e19 pandora \u0e40\u0e0b\u0e47\u0e19\u0e17\u0e23\u0e31\u0e25\u0e1e\u0e23\u0e30\u0e23\u0e32\u0e21 9","lat":13.75776073,"lng":100.5659492,"age":0,"gender":0,"nationality":0,"from":0,"patientstatus":0,"note":" \u0e01\u0e17\u0e21.\u0e40\u0e1b\u0e34\u0e14\u0e44\u0e17\u0e21\u0e4c\u0e44\u0e25\u0e19\u0e4c \u0e1c\u0e39\u0e49\u0e1b\u0e48\u0e27\u0e22\u0e42\u0e04\u0e27\u0e34\u0e14  \u0e1b\u0e23\u0e30\u0e08\u0e33\u0e27\u0e31\u0e19\u0e17\u0e35\u0e48  21 \u0e21\u0e04.","source":"https:\/\/www.facebook.com\/earthpongsakornk\/posts\/448574889885745","parentcase":0},{"id":31,"status":"patient_has_been_here","date":1610668800000,"placename":"\u0e23\u0e49\u0e32\u0e19 Swarovski \u0e40\u0e0b\u0e47\u0e19\u0e17\u0e23\u0e31\u0e25\u0e1e\u0e23\u0e30\u0e23\u0e32\u0e21 9","lat":13.75871951,"lng":100.5660187,"age":0,"gender":0,"nationality":0,"from":0,"patientstatus":0,"note":" \u0e01\u0e17\u0e21.\u0e40\u0e1b\u0e34\u0e14\u0e44\u0e17\u0e21\u0e4c\u0e44\u0e25\u0e19\u0e4c \u0e1c\u0e39\u0e49\u0e1b\u0e48\u0e27\u0e22\u0e42\u0e04\u0e27\u0e34\u0e14  \u0e1b\u0e23\u0e30\u0e08\u0e33\u0e27\u0e31\u0e19\u0e17\u0e35\u0e48  21 \u0e21\u0e04.","source":"https:\/\/www.facebook.com\/earthpongsakornk\/posts\/448574889885745","parentcase":0},{"id":32,"status":"patient_has_been_here","date":1610668800000,"placename":"Bath&body works \u0e40\u0e0b\u0e47\u0e19\u0e17\u0e23\u0e31\u0e25\u0e1e\u0e23\u0e30\u0e23\u0e32\u0e21 9","lat":13.75843058,"lng":100.5660638,"age":0,"gender":0,"nationality":0,"from":0,"patientstatus":0,"note":" \u0e01\u0e17\u0e21.\u0e40\u0e1b\u0e34\u0e14\u0e44\u0e17\u0e21\u0e4c\u0e44\u0e25\u0e19\u0e4c \u0e1c\u0e39\u0e49\u0e1b\u0e48\u0e27\u0e22\u0e42\u0e04\u0e27\u0e34\u0e14  \u0e1b\u0e23\u0e30\u0e08\u0e33\u0e27\u0e31\u0e19\u0e17\u0e35\u0e48  21 \u0e21\u0e04.","source":"https:\/\/www.facebook.com\/earthpongsakornk\/posts\/448574889885745","parentcase":0},{"id":33,"status":"patient_has_been_here","date":1610668800000,"placename":"\u0e23\u0e49\u0e32\u0e19 nutrition depot \u0e40\u0e0b\u0e47\u0e19\u0e17\u0e23\u0e31\u0e25\u0e1e\u0e23\u0e30\u0e23\u0e32\u0e21 9","lat":13.758469,"lng":100.5662253,"age":0,"gender":0,"nationality":0,"from":0,"patientstatus":0,"note":" \u0e01\u0e17\u0e21.\u0e40\u0e1b\u0e34\u0e14\u0e44\u0e17\u0e21\u0e4c\u0e44\u0e25\u0e19\u0e4c \u0e1c\u0e39\u0e49\u0e1b\u0e48\u0e27\u0e22\u0e42\u0e04\u0e27\u0e34\u0e14  \u0e1b\u0e23\u0e30\u0e08\u0e33\u0e27\u0e31\u0e19\u0e17\u0e35\u0e48  21 \u0e21\u0e04.","source":"https:\/\/www.facebook.com\/earthpongsakornk\/posts\/448574889885745","parentcase":0},{"id":34,"status":"patient_has_been_here","date":1610668800000,"placename":"\u0e1d\u0e48\u0e32\u0e22\u0e17\u0e30\u0e40\u0e1a\u0e35\u0e22\u0e19 \u0e2a\u0e33\u0e19\u0e31\u0e01\u0e07\u0e32\u0e19\u0e40\u0e02\u0e15\u0e1e\u0e0d\u0e32\u0e44\u0e17","lat":13.7797938,"lng":100.542672,"age":0,"gender":0,"nationality":0,"from":0,"patientstatus":0,"note":" \u0e01\u0e17\u0e21.\u0e40\u0e1b\u0e34\u0e14\u0e44\u0e17\u0e21\u0e4c\u0e44\u0e25\u0e19\u0e4c \u0e1c\u0e39\u0e49\u0e1b\u0e48\u0e27\u0e22\u0e42\u0e04\u0e27\u0e34\u0e14  \u0e1b\u0e23\u0e30\u0e08\u0e33\u0e27\u0e31\u0e19\u0e17\u0e35\u0e48  21 \u0e21\u0e04.","source":"https:\/\/www.facebook.com\/earthpongsakornk\/posts\/448574889885745","parentcase":0},{"id":35,"status":"patient_has_been_here","date":1610841600000,"placename":"\u0e15\u0e25\u0e32\u0e14\u0e40\u0e08\u0e49\u0e32\u0e1e\u0e23\u0e30\u0e22\u0e32","lat":13.8442473,"lng":100.4414083,"age":0,"gender":0,"nationality":0,"from":0,"patientstatus":0,"note":"\"\u0e19\u0e19\u0e17\u0e1a\u0e38\u0e23\u0e35\"\u0e40\u0e1b\u0e34\u0e14\u0e44\u0e17\u0e21\u0e4c\u0e44\u0e25\u0e19\u0e4c\u0e15\u0e34\u0e14\u0e40\u0e0a\u0e37\u0e49\u0e2d\u0e42\u0e04\u0e27\u0e34\u0e14-19 \u0e43\u0e2b\u0e21\u0e48 2 \u0e23\u0e32\u0e22 \u0e0a\u0e32\u0e22 1 \u0e2b\u0e0d\u0e34\u0e07 1","source":"https:\/\/today.line.me\/th\/v2\/article\/Pz8ME7","parentcase":0},{"id":36,"status":"confirmed","date":1610928000000,"placename":"\u0e15\u0e25\u0e32\u0e14\u0e16\u0e19\u0e2d\u0e21\u0e21\u0e34\u0e15\u0e23","lat":13.85812537,"lng":100.6435831,"age":0,"gender":0,"nationality":0,"from":0,"patientstatus":0,"note":"\u0e1b\u0e34\u0e14\u0e15\u0e25\u0e32\u0e14\u0e16\u0e19\u0e2d\u0e21\u0e21\u0e34\u0e15\u0e23 \u0e2b\u0e25\u0e31\u0e07\u0e1e\u0e1a\u0e1c\u0e39\u0e49\u0e04\u0e49\u0e32\u0e15\u0e34\u0e14 '\u0e42\u0e04\u0e27\u0e34\u0e14' \u0e17\u0e33\u0e04\u0e27\u0e32\u0e21\u0e2a\u0e30\u0e2d\u0e32\u0e14-\u0e06\u0e48\u0e32\u0e40\u0e0a\u0e37\u0e49\u0e2d 3 \u0e27\u0e31\u0e19","source":"https:\/\/today.line.me\/th\/v2\/article\/%E0%B8%9B%E0%B8%B4%E0%B8%94%E0%B8%95%E0%B8%A5%E0%B8%B2%E0%B8%94%E0%B8%96%E0%B8%99%E0%B8%AD%E0%B8%A1%E0%B8%A1%E0%B8%B4%E0%B8%95%E0%B8%A3%20%E0%B8%AB%E0%B8%A5%E0%B8%B1%E0%B8%87%E0%B8%9E%E0%B8%9A%E0%B8%9C%E0%B8%B9%E0%B9%89%E0%B8%84%E0%B9%89%E0%B8%B2%E0%B8%95%E0%B8%B4%E0%B8%94%20%E0%B9%82%E0%B8%84%E0%B8%A7%E0%B8%B4%E0%B8%94%20%E0%B8%97%E0%B8%B3%E0%B8%84%E0%B8%A7%E0%B8%B2%E0%B8%A1%E0%B8%AA%E0%B8%B0%E0%B8%AD%E0%B8%B2%E0%B8%94%E0%B8%86%E0%B9%88%E0%B8%B2%E0%B9%80%E0%B8%8A%E0%B8%B7%E0%B9%89%E0%B8%AD%203%20%E0%B8%A7%E0%B8%B1%E0%B8%99-yGGyQB","parentcase":0},{"id":37,"status":"patient_has_been_here","date":1610928000000,"placename":"\u0e23\u0e49\u0e32\u0e19\u0e01\u0e30\u0e17\u0e34\u0e1a\u0e49\u0e32\u0e19\u0e2d\u0e32\u0e2b\u0e32\u0e23\u0e44\u0e17\u0e22 \u0e41\u0e25\u0e30\u0e02\u0e19\u0e21","lat":13.78228014,"lng":100.4472507,"age":0,"gender":0,"nationality":0,"from":0,"patientstatus":0,"note":"\u0e14\u0e35\u0e40\u0e08\u0e21\u0e30\u0e15\u0e39\u0e21 \u0e40\u0e1b\u0e34\u0e14\u0e44\u0e17\u0e21\u0e4c\u0e44\u0e25\u0e19\u0e4c \u0e25\u0e48\u0e32\u0e2a\u0e38\u0e14 \u0e40\u0e02\u0e49\u0e32\u0e23\u0e31\u0e1a\u0e01\u0e32\u0e23\u0e23\u0e31\u0e01\u0e29\u0e32\u0e41\u0e25\u0e49\u0e27 \u0e2b\u0e25\u0e31\u0e07\u0e1e\u0e1a\u0e15\u0e34\u0e14\u0e42\u0e04\u0e27\u0e34\u0e14-19","source":"https:\/\/today.line.me\/th\/v2\/article\/pp5xe7","parentcase":0},{"id":38,"status":"patient_has_been_here","date":1611014400000,"placename":"\u0e15\u0e36\u0e01 GMM Grammy","lat":13.74344039,"lng":100.5628862,"age":0,"gender":0,"nationality":0,"from":0,"patientstatus":0,"note":"\u0e14\u0e35\u0e40\u0e08\u0e21\u0e30\u0e15\u0e39\u0e21 \u0e40\u0e1b\u0e34\u0e14\u0e44\u0e17\u0e21\u0e4c\u0e44\u0e25\u0e19\u0e4c \u0e25\u0e48\u0e32\u0e2a\u0e38\u0e14 \u0e40\u0e02\u0e49\u0e32\u0e23\u0e31\u0e1a\u0e01\u0e32\u0e23\u0e23\u0e31\u0e01\u0e29\u0e32\u0e41\u0e25\u0e49\u0e27 \u0e2b\u0e25\u0e31\u0e07\u0e1e\u0e1a\u0e15\u0e34\u0e14\u0e42\u0e04\u0e27\u0e34\u0e14-19","source":"https:\/\/today.line.me\/th\/v2\/article\/pp5xe7","parentcase":0},{"id":39,"status":"patient_has_been_here","date":1611014400000,"placename":"Central embassy","lat":13.74395671,"lng":100.5458681,"age":0,"gender":0,"nationality":0,"from":0,"patientstatus":0,"note":"\u0e14\u0e35\u0e40\u0e08\u0e21\u0e30\u0e15\u0e39\u0e21 \u0e40\u0e1b\u0e34\u0e14\u0e44\u0e17\u0e21\u0e4c\u0e44\u0e25\u0e19\u0e4c \u0e25\u0e48\u0e32\u0e2a\u0e38\u0e14 \u0e40\u0e02\u0e49\u0e32\u0e23\u0e31\u0e1a\u0e01\u0e32\u0e23\u0e23\u0e31\u0e01\u0e29\u0e32\u0e41\u0e25\u0e49\u0e27 \u0e2b\u0e25\u0e31\u0e07\u0e1e\u0e1a\u0e15\u0e34\u0e14\u0e42\u0e04\u0e27\u0e34\u0e14-19","source":"https:\/\/today.line.me\/th\/v2\/article\/pp5xe7","parentcase":0},{"id":40,"status":"patient_has_been_here","date":1611014400000,"placename":"Foodland Thestreet Rachada","lat":13.77018438,"lng":100.5720987,"age":0,"gender":0,"nationality":0,"from":0,"patientstatus":0,"note":"\u0e14\u0e35\u0e40\u0e08\u0e21\u0e30\u0e15\u0e39\u0e21 \u0e40\u0e1b\u0e34\u0e14\u0e44\u0e17\u0e21\u0e4c\u0e44\u0e25\u0e19\u0e4c \u0e25\u0e48\u0e32\u0e2a\u0e38\u0e14 \u0e40\u0e02\u0e49\u0e32\u0e23\u0e31\u0e1a\u0e01\u0e32\u0e23\u0e23\u0e31\u0e01\u0e29\u0e32\u0e41\u0e25\u0e49\u0e27 \u0e2b\u0e25\u0e31\u0e07\u0e1e\u0e1a\u0e15\u0e34\u0e14\u0e42\u0e04\u0e27\u0e34\u0e14-19","source":"https:\/\/today.line.me\/th\/v2\/article\/pp5xe7","parentcase":0}]