[{"id":79,"status":"patient_has_been_here","date":1613001600000,"placename":"\u0e15\u0e25\u0e32\u0e14\u0e17\u0e48\u0e32\u0e14\u0e34\u0e19\u0e41\u0e14\u0e07 \u0e04\u0e25\u0e2d\u0e07\u0e2a\u0e32\u0e19","lat":13.73378448,"lng":100.5024518,"age":0,"gender":0,"nationality":0,"from":0,"patientstatus":0,"note":" \u0e01\u0e17\u0e21.\u0e40\u0e1b\u0e34\u0e14\u0e44\u0e17\u0e21\u0e4c\u0e44\u0e25\u0e19\u0e4c \u0e1c\u0e39\u0e49\u0e1b\u0e48\u0e27\u0e22\u0e42\u0e04\u0e27\u0e34\u0e14  \u0e1b\u0e23\u0e30\u0e08\u0e33\u0e27\u0e31\u0e19\u0e17\u0e35\u0e48  19 \u0e01\u0e1e.","source":"https:\/\/www.facebook.com\/earthpongsakornk\/posts\/466640598079174","parentcase":0}]