[{"id":79,"status":"patient_has_been_here","date":1612742400000,"placename":"\u0e2d\u0e32\u0e04\u0e32\u0e23\u0e40\u0e17\u0e34\u0e14\u0e1e\u0e23\u0e30\u0e40\u0e01\u0e35\u0e22\u0e23\u0e15\u0e34 \u0e1e\u0e23\u0e30\u0e23\u0e32\u0e214","lat":13.73207345,"lng":100.533142,"age":0,"gender":0,"nationality":0,"from":0,"patientstatus":0,"note":" \u0e01\u0e17\u0e21.\u0e40\u0e1b\u0e34\u0e14\u0e44\u0e17\u0e21\u0e4c\u0e44\u0e25\u0e19\u0e4c \u0e1c\u0e39\u0e49\u0e1b\u0e48\u0e27\u0e22\u0e42\u0e04\u0e27\u0e34\u0e14  \u0e1b\u0e23\u0e30\u0e08\u0e33\u0e27\u0e31\u0e19\u0e17\u0e35\u0e48  13 \u0e01\u0e1e.","source":"https:\/\/www.facebook.com\/earthpongsakornk\/posts\/462881311788436","parentcase":0},{"id":80,"status":"patient_has_been_here","date":1612742400000,"placename":"\u0e1b\u0e23\u0e30\u0e15\u0e39\u0e04\u0e13\u0e30\u0e2d\u0e31\u0e01\u0e29\u0e23\u0e28\u0e32\u0e2a\u0e15\u0e23\u0e4c \u0e08\u0e38\u0e2c\u0e32","lat":13.7386876,"lng":100.5346272,"age":0,"gender":0,"nationality":0,"from":0,"patientstatus":0,"note":" \u0e01\u0e17\u0e21.\u0e40\u0e1b\u0e34\u0e14\u0e44\u0e17\u0e21\u0e4c\u0e44\u0e25\u0e19\u0e4c \u0e1c\u0e39\u0e49\u0e1b\u0e48\u0e27\u0e22\u0e42\u0e04\u0e27\u0e34\u0e14  \u0e1b\u0e23\u0e30\u0e08\u0e33\u0e27\u0e31\u0e19\u0e17\u0e35\u0e48  14 \u0e01\u0e1e.","source":"https:\/\/www.facebook.com\/earthpongsakornk\/posts\/463535471723020","parentcase":0},{"id":81,"status":"patient_has_been_here","date":1612742400000,"placename":"\u0e42\u0e23\u0e07\u0e2d\u0e32\u0e2b\u0e32\u0e23\u0e04\u0e13\u0e30\u0e2d\u0e31\u0e01\u0e29\u0e23\u0e28\u0e32\u0e2a\u0e15\u0e23\u0e4c \u0e08\u0e38\u0e2c\u0e32","lat":13.73902918,"lng":100.5344107,"age":0,"gender":0,"nationality":0,"from":0,"patientstatus":0,"note":" \u0e01\u0e17\u0e21.\u0e40\u0e1b\u0e34\u0e14\u0e44\u0e17\u0e21\u0e4c\u0e44\u0e25\u0e19\u0e4c \u0e1c\u0e39\u0e49\u0e1b\u0e48\u0e27\u0e22\u0e42\u0e04\u0e27\u0e34\u0e14  \u0e1b\u0e23\u0e30\u0e08\u0e33\u0e27\u0e31\u0e19\u0e17\u0e35\u0e48  14 \u0e01\u0e1e.","source":"https:\/\/www.facebook.com\/earthpongsakornk\/posts\/463535471723020","parentcase":0},{"id":82,"status":"patient_has_been_here","date":1612742400000,"placename":"\u0e2b\u0e2d\u0e1b\u0e23\u0e30\u0e0a\u0e38\u0e21\u0e08\u0e38\u0e2c\u0e32","lat":13.73825721,"lng":100.5326718,"age":0,"gender":0,"nationality":0,"from":0,"patientstatus":0,"note":" \u0e01\u0e17\u0e21.\u0e40\u0e1b\u0e34\u0e14\u0e44\u0e17\u0e21\u0e4c\u0e44\u0e25\u0e19\u0e4c \u0e1c\u0e39\u0e49\u0e1b\u0e48\u0e27\u0e22\u0e42\u0e04\u0e27\u0e34\u0e14  \u0e1b\u0e23\u0e30\u0e08\u0e33\u0e27\u0e31\u0e19\u0e17\u0e35\u0e48  14 \u0e01\u0e1e.","source":"https:\/\/www.facebook.com\/earthpongsakornk\/posts\/463535471723020","parentcase":0},{"id":83,"status":"patient_has_been_here","date":1612828800000,"placename":"\u0e25\u0e32\u0e19\u0e08\u0e2d\u0e14\u0e23\u0e16\u0e2a\u0e33\u0e19\u0e31\u0e01\u0e17\u0e30\u0e40\u0e1a\u0e35\u0e22\u0e19\u0e08\u0e38\u0e2c\u0e32","lat":13.73822735,"lng":100.5284446,"age":0,"gender":0,"nationality":0,"from":0,"patientstatus":0,"note":" \u0e01\u0e17\u0e21.\u0e40\u0e1b\u0e34\u0e14\u0e44\u0e17\u0e21\u0e4c\u0e44\u0e25\u0e19\u0e4c \u0e1c\u0e39\u0e49\u0e1b\u0e48\u0e27\u0e22\u0e42\u0e04\u0e27\u0e34\u0e14  \u0e1b\u0e23\u0e30\u0e08\u0e33\u0e27\u0e31\u0e19\u0e17\u0e35\u0e48  14 \u0e01\u0e1e.","source":"https:\/\/www.facebook.com\/earthpongsakornk\/posts\/463535471723020","parentcase":0},{"id":84,"status":"patient_has_been_here","date":1612828800000,"placename":"\u0e15\u0e25\u0e32\u0e14\u0e2a\u0e33\u0e40\u0e2b\u0e23\u0e48 \u0e0b\u0e2d\u0e22\u0e2a\u0e21\u0e40\u0e14\u0e47\u0e08\u0e1e\u0e23\u0e30\u0e40\u0e08\u0e49\u0e32\u0e15\u0e32\u0e01\u0e2a\u0e34\u0e19 21","lat":13.71216883,"lng":100.4886336,"age":0,"gender":0,"nationality":0,"from":0,"patientstatus":0,"note":" \u0e01\u0e17\u0e21.\u0e40\u0e1b\u0e34\u0e14\u0e44\u0e17\u0e21\u0e4c\u0e44\u0e25\u0e19\u0e4c \u0e1c\u0e39\u0e49\u0e1b\u0e48\u0e27\u0e22\u0e42\u0e04\u0e27\u0e34\u0e14  \u0e1b\u0e23\u0e30\u0e08\u0e33\u0e27\u0e31\u0e19\u0e17\u0e35\u0e48  14 \u0e01\u0e1e.","source":"https:\/\/www.facebook.com\/earthpongsakornk\/posts\/463535471723020","parentcase":0},{"id":85,"status":"patient_has_been_here","date":1612828800000,"placename":"\u0e15\u0e25\u0e32\u0e14\u0e40\u0e07\u0e34\u0e19\u0e27\u0e34\u0e08\u0e34\u0e15\u0e23 \u0e04\u0e25\u0e2d\u0e07\u0e15\u0e49\u0e19\u0e44\u0e17\u0e23","lat":13.72441648,"lng":100.4930201,"age":0,"gender":0,"nationality":0,"from":0,"patientstatus":0,"note":" \u0e01\u0e17\u0e21.\u0e40\u0e1b\u0e34\u0e14\u0e44\u0e17\u0e21\u0e4c\u0e44\u0e25\u0e19\u0e4c \u0e1c\u0e39\u0e49\u0e1b\u0e48\u0e27\u0e22\u0e42\u0e04\u0e27\u0e34\u0e14  \u0e1b\u0e23\u0e30\u0e08\u0e33\u0e27\u0e31\u0e19\u0e17\u0e35\u0e48  14 \u0e01\u0e1e.","source":"https:\/\/www.facebook.com\/earthpongsakornk\/posts\/463535471723020","parentcase":0},{"id":86,"status":"patient_has_been_here","date":1612915200000,"placename":"\u0e1b\u0e49\u0e2d\u0e21 \u0e23\u0e1b\u0e20.\u0e28\u0e39\u0e19\u0e22\u0e4c\u0e2a\u0e31\u0e15\u0e27\u0e4c\u0e17\u0e14\u0e25\u0e2d\u0e07 \u0e08\u0e38\u0e2c\u0e32","lat":13.74243313,"lng":100.533686,"age":0,"gender":0,"nationality":0,"from":0,"patientstatus":0,"note":" \u0e01\u0e17\u0e21.\u0e40\u0e1b\u0e34\u0e14\u0e44\u0e17\u0e21\u0e4c\u0e44\u0e25\u0e19\u0e4c \u0e1c\u0e39\u0e49\u0e1b\u0e48\u0e27\u0e22\u0e42\u0e04\u0e27\u0e34\u0e14  \u0e1b\u0e23\u0e30\u0e08\u0e33\u0e27\u0e31\u0e19\u0e17\u0e35\u0e48  14 \u0e01\u0e1e.","source":"https:\/\/www.facebook.com\/earthpongsakornk\/posts\/463535471723020","parentcase":0},{"id":87,"status":"patient_has_been_here","date":1612915200000,"placename":"i'm park","lat":13.74007973,"lng":100.5246268,"age":0,"gender":0,"nationality":0,"from":0,"patientstatus":0,"note":" \u0e01\u0e17\u0e21.\u0e40\u0e1b\u0e34\u0e14\u0e44\u0e17\u0e21\u0e4c\u0e44\u0e25\u0e19\u0e4c \u0e1c\u0e39\u0e49\u0e1b\u0e48\u0e27\u0e22\u0e42\u0e04\u0e27\u0e34\u0e14  \u0e1b\u0e23\u0e30\u0e08\u0e33\u0e27\u0e31\u0e19\u0e17\u0e35\u0e48  14 \u0e01\u0e1e.","source":"https:\/\/www.facebook.com\/earthpongsakornk\/posts\/463535471723020","parentcase":0},{"id":88,"status":"patient_has_been_here","date":1612915200000,"placename":"\u0e15\u0e25\u0e32\u0e14\u0e2a\u0e35\u0e48\u0e21\u0e38\u0e21\u0e40\u0e21\u0e37\u0e2d\u0e07","lat":13.96212333,"lng":100.6186288,"age":0,"gender":0,"nationality":0,"from":0,"patientstatus":0,"note":" \u0e01\u0e17\u0e21.\u0e40\u0e1b\u0e34\u0e14\u0e44\u0e17\u0e21\u0e4c\u0e44\u0e25\u0e19\u0e4c \u0e1c\u0e39\u0e49\u0e1b\u0e48\u0e27\u0e22\u0e42\u0e04\u0e27\u0e34\u0e14  \u0e1b\u0e23\u0e30\u0e08\u0e33\u0e27\u0e31\u0e19\u0e17\u0e35\u0e48  15 \u0e01\u0e1e.","source":"https:\/\/www.facebook.com\/earthpongsakornk\/posts\/464117151664852","parentcase":0},{"id":89,"status":"patient_has_been_here","date":1613001600000,"placename":"\u0e15\u0e25\u0e32\u0e14\u0e17\u0e48\u0e32\u0e14\u0e34\u0e19\u0e41\u0e14\u0e07 \u0e04\u0e25\u0e2d\u0e07\u0e2a\u0e32\u0e19","lat":13.73378448,"lng":100.5024518,"age":0,"gender":0,"nationality":0,"from":0,"patientstatus":0,"note":" \u0e01\u0e17\u0e21.\u0e40\u0e1b\u0e34\u0e14\u0e44\u0e17\u0e21\u0e4c\u0e44\u0e25\u0e19\u0e4c \u0e1c\u0e39\u0e49\u0e1b\u0e48\u0e27\u0e22\u0e42\u0e04\u0e27\u0e34\u0e14  \u0e1b\u0e23\u0e30\u0e08\u0e33\u0e27\u0e31\u0e19\u0e17\u0e35\u0e48  19 \u0e01\u0e1e.","source":"https:\/\/www.facebook.com\/earthpongsakornk\/posts\/466640598079174","parentcase":0}]