[{"id":54,"status":"patient_has_been_here","date":1608163200000,"placename":"INC2 Tower B","lat":14.0782451,"lng":100.604118,"age":0,"gender":0,"nationality":"Thai","from":"Thailand","patientstatus":"unknown","note":"\u0e40\u0e04\u0e2a\u0e1a\u0e38\u0e04\u0e25\u0e32\u0e01\u0e23 \u0e2a\u0e27\u0e17\u0e0a. \u0e15\u0e34\u0e14\u0e42\u0e04\u0e27\u0e34\u0e14-19 \u0e44\u0e14\u0e49\u0e40\u0e02\u0e49\u0e32\u0e21\u0e32\u0e1b\u0e0f\u0e34\u0e1a\u0e31\u0e15\u0e34\u0e07\u0e32\u0e19\u0e17\u0e35\u0e48\u0e19\u0e35\u0e48\u0e27\u0e31\u0e19\u0e17\u0e35\u0e48 16-17 \u0e18.\u0e04. \u0e15\u0e23\u0e27\u0e08\u0e1e\u0e1a\u0e40\u0e0a\u0e37\u0e49\u0e2d\u0e15\u0e2d\u0e19\u0e40\u0e22\u0e47\u0e19\u0e27\u0e31\u0e19\u0e17\u0e35\u0e48 17 \u0e18.\u0e04.","source":"https:\/\/liff.line.me\/1454988218-NjbXbq18\/v2\/article\/jpyamK?utm_source=copyshare","parentcase":0},{"id":55,"status":"unspecified_location","date":1608163200000,"placename":"\u0e15\u0e25\u0e32\u0e14 \u0e40\u0e02\u0e15\u0e04\u0e25\u0e2d\u0e07\u0e2a\u0e32\u0e21\u0e27\u0e32","lat":13.86019768,"lng":100.7223304,"age":37,"gender":"male","nationality":"Thai","from":"Thailand","patientstatus":"unknown","note":"\u0e1c\u0e39\u0e49\u0e1b\u0e48\u0e27\u0e22\u0e42\u0e04\u0e27\u0e34\u0e14-19 \u0e0a\u0e32\u0e22\u0e27\u0e31\u0e22 37 \u0e1b\u0e35 \u0e2a\u0e48\u0e07\u0e2d\u0e32\u0e2b\u0e32\u0e23\u0e17\u0e30\u0e40\u0e25\u0e08\u0e32\u0e01\u0e2a\u0e21\u0e38\u0e17\u0e23\u0e2a\u0e32\u0e04\u0e23 \u0e44\u0e1b\u0e22\u0e31\u0e07\u0e15\u0e25\u0e32\u0e14\u0e04\u0e25\u0e2d\u0e07\u0e2a\u0e32\u0e21\u0e27\u0e32 \u0e41\u0e25\u0e30\u0e15\u0e25\u0e32\u0e14\u0e43\u0e19\u0e08\u0e31\u0e07\u0e2b\u0e27\u0e31\u0e14\u0e1b\u0e17\u0e38\u0e21\u0e18\u0e32\u0e19\u0e35 2 \u0e41\u0e2b\u0e48\u0e07 \u0e23\u0e30\u0e2b\u0e27\u0e48\u0e32\u0e07\u0e27\u0e31\u0e19\u0e17\u0e35\u0e48 1-17 \u0e18\u0e31\u0e19\u0e27\u0e32\u0e04\u0e21 2563","source":"https:\/\/www.pptvhd36.com\/news\/%E0%B8%9B%E0%B8%A3%E0%B8%B0%E0%B9%80%E0%B8%94%E0%B9%87%E0%B8%99%E0%B8%A3%E0%B9%89%E0%B8%AD%E0%B8%99\/138903","parentcase":0},{"id":56,"status":"unspecified_location","date":1608163200000,"placename":"\u0e23\u0e49\u0e32\u0e19\u0e0a\u0e32\u0e1a\u0e39 \u0e43\u0e19\u0e15\u0e25\u0e32\u0e14\u0e1e\u0e23\u0e30\u0e1b\u0e34\u0e48\u0e19 3","lat":13.8578211,"lng":100.4105189,"age":0,"gender":"male","nationality":"Thai","from":"Thailand","patientstatus":"unknown","note":"\u0e1c\u0e39\u0e49\u0e1b\u0e48\u0e27\u0e22\u0e42\u0e04\u0e27\u0e34\u0e14-19 \u0e0a\u0e32\u0e22 \u0e0a\u0e32\u0e27\u0e08.\u0e19\u0e19\u0e17\u0e1a\u0e38\u0e23\u0e35 \u0e15\u0e23\u0e27\u0e08\u0e1e\u0e1a\u0e40\u0e0a\u0e37\u0e49\u0e2d\u0e27\u0e31\u0e19\u0e17\u0e35\u0e48 21\/12\/20","source":"https:\/\/www.khaosod.co.th\/covid-19\/news_5583885","parentcase":0},{"id":57,"status":"patient_has_been_here","date":1608163200000,"placename":"\u0e15\u0e25\u0e32\u0e14\u0e2a\u0e14\u0e40\u0e04\u0e2b\u0e30\u0e1a\u0e32\u0e07\u0e1a\u0e31\u0e27","lat":13.85934159,"lng":100.5849015,"age":0,"gender":"male","nationality":"Thai","from":"Thailand","patientstatus":"unknown","note":"\u0e40\u0e04\u0e2a\u0e1c\u0e39\u0e49\u0e15\u0e34\u0e14\u0e40\u0e0a\u0e37\u0e49\u0e2d\u0e42\u0e04\u0e27\u0e34\u0e14-19 \u0e0a\u0e32\u0e22\u0e02\u0e32\u0e22\u0e2d\u0e32\u0e2b\u0e32\u0e23\u0e17\u0e30\u0e40\u0e25\u0e1b\u0e32\u0e01\u0e0b.\u0e1e\u0e2b\u0e2552","source":"https:\/\/www.dailynews.co.th\/regional\/814914","parentcase":0},{"id":58,"status":"patient_has_been_here","date":1608163200000,"placename":"\u0e42\u0e23\u0e07\u0e40\u0e23\u0e35\u0e22\u0e19\u0e40\u0e08\u0e35\u0e49\u0e22\u0e19\u0e2b\u0e31\u0e27 \u0e15.\u0e1a\u0e32\u0e07\u0e40\u0e25\u0e19 \u0e2d.\u0e1a\u0e32\u0e07\u0e40\u0e25\u0e19","lat":14.119413,"lng":100.118335,"age":0,"gender":"unknown","nationality":"Thai","from":"Thailand","patientstatus":"unknown","note":"\u0e1c\u0e39\u0e49\u0e1b\u0e48\u0e27\u0e22  covid-19 \u0e19\u0e04\u0e23\u0e1b\u0e10\u0e21 \u0e23\u0e32\u0e22\u0e17\u0e35\u0e4822-29","source":"https:\/\/m.facebook.com\/story.php?story_fbid=3200886696679973&id=246608695441136&sfnsn=mo","parentcase":0},{"id":59,"status":"patient_has_been_here","date":1608163200000,"placename":"\u0e2a\u0e27\u0e17\u0e0a.","lat":14.07688153,"lng":100.6017061,"age":0,"gender":"unknown","nationality":"Thai","from":"Thailand","patientstatus":"unknown","note":"Timeline \u0e1c\u0e39\u0e49\u0e15\u0e34\u0e14\u0e40\u0e0a\u0e37\u0e49\u0e2d covid19 \u0e01\u0e17\u0e21. \u0e23\u0e32\u0e22\u0e17\u0e35\u0e48 22-43","source":"https:\/\/www.facebook.com\/prbangkok\/posts\/3119216564844610","parentcase":0},{"id":60,"status":"unspecified_location","date":1608249600000,"placename":"\u0e0b.\u0e23\u0e38\u0e48\u0e07\u0e40\u0e23\u0e37\u0e2d\u0e07 5 \u0e1a\u0e32\u0e07\u0e1a\u0e31\u0e27\u0e17\u0e2d\u0e07","lat":13.87779142,"lng":100.4215436,"age":0,"gender":"female","nationality":"Thai","from":"Thailand","patientstatus":"unknown","note":"\u0e40\u0e04\u0e2a\u0e1c\u0e39\u0e49\u0e15\u0e34\u0e14\u0e40\u0e0a\u0e37\u0e49\u0e2d\u0e42\u0e04\u0e27\u0e34\u0e14-19 \u0e2b\u0e0d\u0e34\u0e07\u0e0a\u0e32\u0e27 \u0e2d.\u0e1a\u0e32\u0e07\u0e01\u0e23\u0e27\u0e22 \u0e27\u0e31\u0e19\u0e17\u0e35\u0e48 14-18 \u0e18\u0e04. \u0e40\u0e27\u0e25\u0e32 17.00-21.00 \u0e19. \u0e08\u0e30\u0e17\u0e33\u0e07\u0e32\u0e19\u0e23\u0e49\u0e32\u0e19\u0e02\u0e32\u0e22\u0e02\u0e2d\u0e07\u0e0a\u0e33 \u0e0b.\u0e23\u0e38\u0e48\u0e07\u0e40\u0e23\u0e37\u0e2d\u0e07 5 \u0e1a\u0e32\u0e07\u0e1a\u0e31\u0e27\u0e17\u0e2d\u0e07","source":"https:\/\/www.khaosod.co.th\/breaking-news\/news_5591909","parentcase":0},{"id":61,"status":"patient_has_been_here","date":1608249600000,"placename":"\u0e15\u0e25\u0e32\u0e14\u0e41\u0e08\u0e49\u0e07\u0e27\u0e31\u0e12\u0e19\u0e30 \u0e0b.6","lat":13.88376994,"lng":100.5843207,"age":0,"gender":"male","nationality":"Thai","from":"Thailand","patientstatus":"unknown","note":"\u0e40\u0e04\u0e2a\u0e1c\u0e39\u0e49\u0e15\u0e34\u0e14\u0e40\u0e0a\u0e37\u0e49\u0e2d\u0e42\u0e04\u0e27\u0e34\u0e14-19 \u0e0a\u0e32\u0e22\u0e02\u0e32\u0e22\u0e2d\u0e32\u0e2b\u0e32\u0e23\u0e17\u0e30\u0e40\u0e25\u0e1b\u0e32\u0e01\u0e0b.\u0e1e\u0e2b\u0e2552","source":"https:\/\/www.dailynews.co.th\/regional\/814914","parentcase":0},{"id":62,"status":"patient_has_been_here","date":1608249600000,"placename":"\u0e42\u0e23\u0e07\u0e40\u0e23\u0e35\u0e22\u0e19\u0e23\u0e32\u0e29\u0e0e\u0e23\u0e4c\u0e1a\u0e33\u0e23\u0e38\u0e07\u0e27\u0e34\u0e17\u0e22\u0e32 \u0e2d.\u0e14\u0e2d\u0e19\u0e15\u0e39\u0e21","lat":13.965066,"lng":100.07959,"age":0,"gender":"unknown","nationality":"Thai","from":"Thailand","patientstatus":"unknown","note":"\u0e1c\u0e39\u0e49\u0e1b\u0e48\u0e27\u0e22  covid-19 \u0e19\u0e04\u0e23\u0e1b\u0e10\u0e21 \u0e23\u0e32\u0e22\u0e17\u0e35\u0e4822-29","source":"https:\/\/m.facebook.com\/story.php?story_fbid=3200886696679973&id=246608695441136&sfnsn=mo","parentcase":0},{"id":63,"status":"patient_has_been_here","date":1608249600000,"placename":"\u0e42\u0e23\u0e07\u0e40\u0e23\u0e35\u0e22\u0e19\u0e41\u0e2a\u0e07\u0e2d\u0e23\u0e38\u0e13","lat":14.036373,"lng":100.168774,"age":0,"gender":"unknown","nationality":"Thai","from":"Thailand","patientstatus":"unknown","note":"\u0e1c\u0e39\u0e49\u0e1b\u0e48\u0e27\u0e22  covid-19 \u0e19\u0e04\u0e23\u0e1b\u0e10\u0e21 \u0e23\u0e32\u0e22\u0e17\u0e35\u0e4822-29","source":"https:\/\/m.facebook.com\/story.php?story_fbid=3200886696679973&id=246608695441136&sfnsn=mo","parentcase":0},{"id":64,"status":"patient_has_been_here","date":1608249600000,"placename":"\u0e04\u0e13\u0e30\u0e2d\u0e2d\u0e01\u0e41\u0e1a\u0e1a\u0e19\u0e34\u0e40\u0e17\u0e28 \u0e21\u0e2b\u0e32\u0e27\u0e34\u0e17\u0e22\u0e32\u0e25\u0e31\u0e22\u0e23\u0e32\u0e0a\u0e20\u0e31\u0e0f\u0e19\u0e04\u0e23\u0e1b\u0e10\u0e21","lat":13.83669407,"lng":100.0271654,"age":0,"gender":"unknown","nationality":"Thai","from":"Thailand","patientstatus":"unknown","note":"\u0e1c\u0e39\u0e49\u0e1b\u0e48\u0e27\u0e22\u0e42\u0e04\u0e27\u0e34\u0e14-19 \u0e08\u0e31\u0e07\u0e2b\u0e27\u0e31\u0e14\u0e19\u0e04\u0e23\u0e1b\u0e10\u0e21 \u0e23\u0e32\u0e22\u0e17\u0e35\u0e4838-53","source":"https:\/\/www.bangkokbiznews.com\/news\/detail\/914766","parentcase":0},{"id":65,"status":"patient_has_been_here","date":1608249600000,"placename":"\u0e2b\u0e49\u0e32\u0e07\u0e40\u0e17\u0e2a\u0e42\u0e01\u0e49 \u0e42\u0e25\u0e15\u0e31\u0e2a\u0e01\u0e33\u0e41\u0e1e\u0e07\u0e41\u0e2a\u0e19","lat":13.99173744,"lng":99.99699669,"age":0,"gender":"unknown","nationality":"Thai","from":"Thailand","patientstatus":"unknown","note":"\u0e1c\u0e39\u0e49\u0e1b\u0e48\u0e27\u0e22\u0e42\u0e04\u0e27\u0e34\u0e14-19 \u0e08\u0e31\u0e07\u0e2b\u0e27\u0e31\u0e14\u0e19\u0e04\u0e23\u0e1b\u0e10\u0e21 \u0e23\u0e32\u0e22\u0e17\u0e35\u0e4838-53","source":"https:\/\/www.bangkokbiznews.com\/news\/detail\/914766","parentcase":0},{"id":66,"status":"patient_has_been_here","date":1608249600000,"placename":"\u0e1a\u0e34\u0e4a\u0e01\u0e0b\u0e35 \u0e14\u0e32\u0e27\u0e04\u0e30\u0e19\u0e2d\u0e07","lat":13.69901194,"lng":100.4829165,"age":0,"gender":"unknown","nationality":"Thai","from":"Thailand","patientstatus":"unknown","note":"\u0e01\u0e17\u0e21.\u0e40\u0e1b\u0e34\u0e14\u0e44\u0e17\u0e21\u0e4c\u0e44\u0e25\u0e19\u0e4c 17 \u0e1c\u0e39\u0e49\u0e15\u0e34\u0e14\u0e40\u0e0a\u0e37\u0e49\u0e2d '\u0e42\u0e04\u0e27\u0e34\u0e14' \u0e23\u0e32\u0e22\u0e43\u0e2b\u0e21\u0e48 \u0e40\u0e1b\u0e47\u0e19\u0e23\u0e32\u0e22\u0e17\u0e35\u0e48 58-74","source":"https:\/\/www.dailynews.co.th\/regional\/815860?fbclid=IwAR3PpSq-k4gEnCMnvk_ZSa14-a7-sRcbK55EljOEMDm-7Ze-6SmVJNFfAuU","parentcase":0},{"id":67,"status":"patient_has_been_here","date":1608249600000,"placename":"Riverside plaza \u0e04\u0e25\u0e2d\u0e07\u0e2a\u0e32\u0e19","lat":13.70486214,"lng":100.4913754,"age":0,"gender":"unknown","nationality":"Thai","from":"Thailand","patientstatus":"unknown","note":"\u0e01\u0e17\u0e21.\u0e40\u0e1b\u0e34\u0e14\u0e44\u0e17\u0e21\u0e4c\u0e44\u0e25\u0e19\u0e4c 17 \u0e1c\u0e39\u0e49\u0e15\u0e34\u0e14\u0e40\u0e0a\u0e37\u0e49\u0e2d '\u0e42\u0e04\u0e27\u0e34\u0e14' \u0e23\u0e32\u0e22\u0e43\u0e2b\u0e21\u0e48 \u0e40\u0e1b\u0e47\u0e19\u0e23\u0e32\u0e22\u0e17\u0e35\u0e48 58-74","source":"https:\/\/www.dailynews.co.th\/regional\/815860?fbclid=IwAR3PpSq-k4gEnCMnvk_ZSa14-a7-sRcbK55EljOEMDm-7Ze-6SmVJNFfAuU","parentcase":0},{"id":68,"status":"patient_has_been_here","date":1608249600000,"placename":"Tree on 3 \u0e1e\u0e23\u0e30\u0e23\u0e32\u0e213","lat":13.69115508,"lng":100.5045287,"age":0,"gender":"unknown","nationality":"Thai","from":"Thailand","patientstatus":"unknown","note":"\u0e01\u0e17\u0e21.\u0e40\u0e1b\u0e34\u0e14\u0e44\u0e17\u0e21\u0e4c\u0e44\u0e25\u0e19\u0e4c 17 \u0e1c\u0e39\u0e49\u0e15\u0e34\u0e14\u0e40\u0e0a\u0e37\u0e49\u0e2d '\u0e42\u0e04\u0e27\u0e34\u0e14' \u0e23\u0e32\u0e22\u0e43\u0e2b\u0e21\u0e48 \u0e40\u0e1b\u0e47\u0e19\u0e23\u0e32\u0e22\u0e17\u0e35\u0e48 58-74","source":"https:\/\/www.dailynews.co.th\/regional\/815860?fbclid=IwAR3PpSq-k4gEnCMnvk_ZSa14-a7-sRcbK55EljOEMDm-7Ze-6SmVJNFfAuU","parentcase":0},{"id":69,"status":"patient_has_been_here","date":1608249600000,"placename":"Makro \u0e2a\u0e32\u0e17\u0e23","lat":13.70976833,"lng":100.5352559,"age":0,"gender":"unknown","nationality":"Thai","from":"Thailand","patientstatus":"unknown","note":"\u0e01\u0e17\u0e21.\u0e40\u0e1b\u0e34\u0e14\u0e44\u0e17\u0e21\u0e4c\u0e44\u0e25\u0e19\u0e4c 17 \u0e1c\u0e39\u0e49\u0e15\u0e34\u0e14\u0e40\u0e0a\u0e37\u0e49\u0e2d '\u0e42\u0e04\u0e27\u0e34\u0e14' \u0e23\u0e32\u0e22\u0e43\u0e2b\u0e21\u0e48 \u0e40\u0e1b\u0e47\u0e19\u0e23\u0e32\u0e22\u0e17\u0e35\u0e48 58-74","source":"https:\/\/www.dailynews.co.th\/regional\/815860?fbclid=IwAR3PpSq-k4gEnCMnvk_ZSa14-a7-sRcbK55EljOEMDm-7Ze-6SmVJNFfAuU","parentcase":0},{"id":70,"status":"patient_has_been_here","date":1608249600000,"placename":"\u0e23\u0e49\u0e32\u0e19\u0e2d\u0e32\u0e2b\u0e32\u0e23 \u0e04\u0e32\u0e23\u0e32\u0e42\u0e2d\u0e40\u0e01\u0e30 \u0e43\u0e1a\u0e44\u0e21\u0e49\u0e23\u0e48\u0e32\u0e40\u0e23\u0e34\u0e07","lat":13.71466823,"lng":100.643611,"age":0,"gender":"unknown","nationality":"Thai","from":"Thailand","patientstatus":"unknown","note":"\u0e01\u0e17\u0e21.\u0e40\u0e1b\u0e34\u0e14\u0e44\u0e17\u0e21\u0e4c\u0e44\u0e25\u0e19\u0e4c 17 \u0e1c\u0e39\u0e49\u0e15\u0e34\u0e14\u0e40\u0e0a\u0e37\u0e49\u0e2d '\u0e42\u0e04\u0e27\u0e34\u0e14' \u0e23\u0e32\u0e22\u0e43\u0e2b\u0e21\u0e48 \u0e40\u0e1b\u0e47\u0e19\u0e23\u0e32\u0e22\u0e17\u0e35\u0e48 58-74","source":"https:\/\/www.dailynews.co.th\/regional\/815860?fbclid=IwAR3PpSq-k4gEnCMnvk_ZSa14-a7-sRcbK55EljOEMDm-7Ze-6SmVJNFfAuU","parentcase":0},{"id":71,"status":"patient_has_been_here","date":1608336000000,"placename":"\u0e15\u0e25\u0e32\u0e14\u0e2b\u0e21\u0e39\u0e48\u0e1a\u0e49\u0e32\u0e19\u0e28\u0e23\u0e35\u0e17\u0e2d\u0e07 \u0e08.\u0e2d\u0e22\u0e38\u0e18\u0e22\u0e32","lat":14.1487352,"lng":100.6155778,"age":0,"gender":"female","nationality":"Thai","from":"Thailand","patientstatus":"unknown","note":"\u0e1e\u0e1a\u0e1c\u0e39\u0e49\u0e1b\u0e48\u0e27\u0e22\u0e15\u0e34\u0e14\u0e40\u0e0a\u0e37\u0e49\u0e2d\u0e42\u0e04\u0e27\u0e34\u0e14-19 \u0e44\u0e21\u0e48\u0e21\u0e35\u0e2d\u0e32\u0e01\u0e32\u0e23 \u0e08\u0e33\u0e19\u0e27\u0e19 1 \u0e23\u0e32\u0e22 \u0e40\u0e1b\u0e47\u0e19\u0e2b\u0e0d\u0e34\u0e07 \u0e40\u0e14\u0e34\u0e19\u0e17\u0e32\u0e07\u0e01\u0e25\u0e31\u0e1a\u0e21\u0e32\u0e08\u0e32\u0e01\u0e01\u0e32\u0e23\u0e44\u0e1b\u0e17\u0e33\u0e07\u0e32\u0e19\u0e17\u0e35\u0e48\u0e23\u0e49\u0e32\u0e19\u0e40\u0e2a\u0e23\u0e34\u0e21\u0e2a\u0e27\u0e22\u0e43\u0e19 \u0e08.\u0e40\u0e0a\u0e35\u0e22\u0e07\u0e43\u0e2b\u0e21\u0e48","source":"https:\/\/www.matichon.co.th\/covid19\/thai-covid19\/news_2492767","parentcase":0},{"id":72,"status":"unspecified_location","date":1608336000000,"placename":"\u0e23\u0e32\u0e21\u0e2d\u0e34\u0e19\u0e17\u0e23\u0e32 ","lat":13.8057625,"lng":100.6621959,"age":0,"gender":"female","nationality":"Thai","from":"Thailand","patientstatus":"unknown","note":"\u0e40\u0e04\u0e2a\u0e41\u0e21\u0e48\u0e04\u0e49\u0e32\u0e23\u0e16\u0e1e\u0e38\u0e48\u0e21\u0e1e\u0e27\u0e07\u0e15\u0e34\u0e14\u0e42\u0e04\u0e27\u0e34\u0e14 \u0e40\u0e1b\u0e47\u0e19\u0e23\u0e16\u0e01\u0e23\u0e30\u0e1a\u0e30\u0e2a\u0e35\u0e02\u0e32\u0e27 \u0e1b\u0e49\u0e32\u0e22\u0e41\u0e14\u0e07 \u0e17\u0e30\u0e40\u0e1a\u0e35\u0e22\u0e19 8681 \u0e2a\u0e21\u0e38\u0e17\u0e23\u0e1b\u0e23\u0e32\u0e01\u0e32\u0e23 ","source":"https:\/\/www.thairath.co.th\/news\/local\/central\/1999153","parentcase":0},{"id":73,"status":"unspecified_location","date":1608336000000,"placename":"\u0e1a\u0e48\u0e2d\u0e19\u0e44\u0e01\u0e48\u0e0a\u0e19\u0e43\u0e19 \u0e15.\u0e1a\u0e32\u0e07\u0e40\u0e25\u0e19","lat":14.01215068,"lng":100.17523,"age":0,"gender":"male","nationality":"Thai","from":"Thailand","patientstatus":"unknown","note":"\u0e1e\u0e1a\u0e1c\u0e39\u0e49\u0e1b\u0e48\u0e27\u0e22\u0e42\u0e04\u0e27\u0e34\u0e14-19 \u0e0a\u0e32\u0e22 \u0e21\u0e32\u0e1a\u0e48\u0e2d\u0e19\u0e44\u0e01\u0e48\u0e0a\u0e19\u0e43\u0e19\u0e1a\u0e32\u0e07\u0e40\u0e25\u0e19","source":"https:\/\/mgronline.com\/local\/detail\/9630000130818","parentcase":0},{"id":74,"status":"patient_has_been_here","date":1608336000000,"placename":"\u0e2b\u0e49\u0e32\u0e07\u0e2a\u0e23\u0e23\u0e1e\u0e2a\u0e34\u0e19\u0e04\u0e49\u0e32\u0e22\u0e39\u0e40\u0e19\u0e35\u0e22\u0e19\u0e21\u0e2d\u0e25\u0e25\u0e4c","lat":13.8134088,"lng":100.5616103,"age":0,"gender":"female","nationality":"Thai","from":"Thailand","patientstatus":"unknown","note":"\u0e40\u0e04\u0e2a\u0e1c\u0e39\u0e49\u0e15\u0e34\u0e14\u0e40\u0e0a\u0e37\u0e49\u0e2d\u0e42\u0e04\u0e27\u0e34\u0e14-19 \u0e2b\u0e0d\u0e34\u0e07\u0e0a\u0e32\u0e27 \u0e2d.\u0e1a\u0e32\u0e07\u0e01\u0e23\u0e27\u0e22 19 \u0e18.\u0e04. \u0e40\u0e27\u0e25\u0e32 10.00 \u0e19. \u0e44\u0e1b\u0e2b\u0e49\u0e32\u0e07\u0e2a\u0e23\u0e23\u0e1e\u0e2a\u0e34\u0e19\u0e04\u0e49\u0e32\u0e22\u0e39\u0e40\u0e19\u0e35\u0e22\u0e19\u0e21\u0e2d\u0e25\u0e25\u0e4c \u0e41\u0e25\u0e30\u0e40\u0e14\u0e34\u0e19\u0e02\u0e49\u0e32\u0e21\u0e21\u0e32\u0e40\u0e0b\u0e47\u0e19\u0e17\u0e23\u0e31\u0e25\u0e25\u0e32\u0e14\u0e1e\u0e23\u0e49\u0e32\u0e27","source":"https:\/\/www.khaosod.co.th\/breaking-news\/news_5591909","parentcase":0},{"id":75,"status":"patient_has_been_here","date":1608336000000,"placename":"\u0e40\u0e0b\u0e47\u0e19\u0e17\u0e23\u0e31\u0e25\u0e25\u0e32\u0e14\u0e1e\u0e23\u0e49\u0e32\u0e27","lat":13.816493,"lng":100.5610062,"age":0,"gender":"female","nationality":"Thai","from":"Thailand","patientstatus":"unknown","note":"\u0e40\u0e04\u0e2a\u0e1c\u0e39\u0e49\u0e15\u0e34\u0e14\u0e40\u0e0a\u0e37\u0e49\u0e2d\u0e42\u0e04\u0e27\u0e34\u0e14-19 \u0e2b\u0e0d\u0e34\u0e07\u0e0a\u0e32\u0e27 \u0e2d.\u0e1a\u0e32\u0e07\u0e01\u0e23\u0e27\u0e22 19 \u0e18.\u0e04. \u0e40\u0e27\u0e25\u0e32 10.00 \u0e19. \u0e44\u0e1b\u0e2b\u0e49\u0e32\u0e07\u0e2a\u0e23\u0e23\u0e1e\u0e2a\u0e34\u0e19\u0e04\u0e49\u0e32\u0e22\u0e39\u0e40\u0e19\u0e35\u0e22\u0e19\u0e21\u0e2d\u0e25\u0e25\u0e4c \u0e41\u0e25\u0e30\u0e40\u0e14\u0e34\u0e19\u0e02\u0e49\u0e32\u0e21\u0e21\u0e32\u0e40\u0e0b\u0e47\u0e19\u0e17\u0e23\u0e31\u0e25\u0e25\u0e32\u0e14\u0e1e\u0e23\u0e49\u0e32\u0e27","source":"https:\/\/www.khaosod.co.th\/breaking-news\/news_5591909","parentcase":0},{"id":76,"status":"patient_has_been_here","date":1608336000000,"placename":"\u0e15\u0e25\u0e32\u0e14\u0e0a\u0e32\u0e27\u0e2a\u0e22\u0e32\u0e21 \u0e1a\u0e32\u0e07\u0e01\u0e23\u0e27\u0e22","lat":13.7966595,"lng":100.4755856,"age":0,"gender":"female","nationality":"Thai","from":"Thailand","patientstatus":"unknown","note":"\u0e40\u0e04\u0e2a\u0e1c\u0e39\u0e49\u0e15\u0e34\u0e14\u0e40\u0e0a\u0e37\u0e49\u0e2d\u0e42\u0e04\u0e27\u0e34\u0e14-19 \u0e2b\u0e0d\u0e34\u0e07\u0e0a\u0e32\u0e27 \u0e2d.\u0e1a\u0e32\u0e07\u0e01\u0e23\u0e27\u0e22 19 \u0e18.\u0e04. \u0e40\u0e27\u0e25\u0e32 20.00 \u0e19. \u0e44\u0e1b\u0e15\u0e25\u0e32\u0e14\u0e0a\u0e32\u0e27\u0e2a\u0e22\u0e32\u0e21 \u0e1a\u0e32\u0e07\u0e01\u0e23\u0e27\u0e22\u0e1e\u0e23\u0e49\u0e32\u0e27","source":"https:\/\/www.khaosod.co.th\/breaking-news\/news_5591909","parentcase":0},{"id":77,"status":"sanitizing","date":1608336000000,"placename":"\u0e18\u0e19\u0e32\u0e04\u0e32\u0e23\u0e01\u0e2a\u0e34\u0e01\u0e23\u0e44\u0e17\u0e22 \u0e2a\u0e32\u0e02\u0e32 \u0e42\u0e25\u0e15\u0e31\u0e2a\u0e40\u0e1e\u0e0a\u0e23\u0e40\u0e01\u0e29\u0e21 81","lat":13.69121688,"lng":100.3412194,"age":0,"gender":"female","nationality":"Thai","from":"Thailand","patientstatus":"unknown","note":"\u0e15\u0e23\u0e27\u0e08\u0e1e\u0e1a\u0e40\u0e0a\u0e37\u0e49\u0e2d COVID-19 \u0e08\u0e32\u0e01\u0e04\u0e38\u0e13\u0e23\u0e31\u0e15\u0e19\u0e4c\u0e40\u0e08\u0e49\u0e32\u0e02\u0e2d\u0e07\u0e23\u0e49\u0e32\u0e19\u0e2a\u0e21\u0e28\u0e31\u0e01\u0e14\u0e34\u0e4c\u0e1b\u0e39\u0e2d\u0e1a \u0e2a\u0e32\u0e02\u0e32\u0e1a\u0e35\u0e17\u0e35\u0e40\u0e2d\u0e2a\u0e01\u0e23\u0e38\u0e07\u0e18\u0e19\u0e1a\u0e38\u0e23\u0e35","source":"https:\/\/www.facebook.com\/SomsakPuOb\/posts\/3554410321292740","parentcase":0},{"id":78,"status":"patient_has_been_here","date":1608336000000,"placename":"\u0e15\u0e25\u0e32\u0e14\u0e19\u0e31\u0e14\u0e2b\u0e49\u0e27\u0e22\u0e15\u0e30\u0e42\u0e01 \u0e15.\u0e1e\u0e30\u0e40\u0e19\u0e35\u0e22\u0e14 \u0e2d.\u0e19\u0e04\u0e23\u0e0a\u0e31\u0e22\u0e28\u0e23\u0e35","lat":13.79584,"lng":100.13118,"age":0,"gender":"unknown","nationality":"Thai","from":"Thailand","patientstatus":"unknown","note":"\u0e1c\u0e39\u0e49\u0e1b\u0e48\u0e27\u0e22  covid-19 \u0e19\u0e04\u0e23\u0e1b\u0e10\u0e21 \u0e23\u0e32\u0e22\u0e17\u0e35\u0e4822-29","source":"https:\/\/m.facebook.com\/story.php?story_fbid=3200886696679973&id=246608695441136&sfnsn=mo","parentcase":0},{"id":79,"status":"patient_has_been_here","date":1608336000000,"placename":"\u0e40\u0e01\u0e17\u0e40\u0e27\u0e22\u0e4c \u0e41\u0e2d\u0e17 \u0e1a\u0e32\u0e07\u0e0b\u0e37\u0e48\u0e2d","lat":13.80564274,"lng":100.5238077,"age":0,"gender":"female","nationality":"Thai","from":"Thailand","patientstatus":"unknown","note":"\u0e40\u0e01\u0e17\u0e40\u0e27\u0e22\u0e4c \u0e41\u0e2d\u0e17 \u0e1a\u0e32\u0e07\u0e0b\u0e37\u0e48\u0e2d \u0e0a\u0e35\u0e49\u0e41\u0e08\u0e07\u0e01\u0e23\u0e13\u0e35\u0e1e\u0e1a\u0e1c\u0e39\u0e49\u0e15\u0e34\u0e14\u0e40\u0e0a\u0e37\u0e49\u0e2d\u0e42\u0e04\u0e27\u0e34\u0e14\u0e40\u0e02\u0e49\u0e32\u0e43\u0e0a\u0e49\u0e1a\u0e23\u0e34\u0e01\u0e32\u0e23","source":"https:\/\/www.onbnews.today\/post\/43979","parentcase":0},{"id":80,"status":"patient_has_been_here","date":1608336000000,"placename":"\u0e40\u0e21\u0e40\u0e08\u0e2d\u0e23\u0e4c\u0e1b\u0e34\u0e48\u0e19\u0e40\u0e01\u0e25\u0e49\u0e32","lat":13.77870414,"lng":100.4778649,"age":0,"gender":"unknown","nationality":"Thai","from":"Thailand","patientstatus":"unknown","note":"\u0e42\u0e06\u0e29\u0e01\u0e01\u0e17\u0e21.\u0e17\u0e22\u0e2d\u0e22\u0e40\u0e1b\u0e34\u0e14\u0e44\u0e17\u0e21\u0e4c\u0e44\u0e25\u0e19\u0e4c \u0e15\u0e34\u0e14\u0e40\u0e0a\u0e37\u0e49\u0e2d\u0e42\u0e04\u0e27\u0e34\u0e14\u0e43\u0e19\u0e01\u0e23\u0e38\u0e07\u0e40\u0e17\u0e1e\u0e2f 75 \u0e04\u0e19\u0e41\u0e25\u0e49\u0e27 \u0e44\u0e25\u0e48\u0e2a\u0e2d\u0e1a\u0e2a\u0e27\u0e19\u0e42\u0e23\u0e04 \u0e1e\u0e1a\u0e44\u0e1b\u0e2b\u0e25\u0e32\u0e22\u0e2b\u0e49\u0e32\u0e07 \u0e14\u0e39\u0e2b\u0e19\u0e31\u0e07 \u0e04\u0e32\u0e23\u0e32\u0e42\u0e2d\u0e40\u0e01\u0e30","source":"https:\/\/www.pptvhd36.com\/news\/%E0%B8%AA%E0%B8%B8%E0%B8%82%E0%B8%A0%E0%B8%B2%E0%B8%9E\/139122","parentcase":0},{"id":81,"status":"patient_has_been_here","date":1608336000000,"placename":"\u0e15\u0e25\u0e32\u0e14\u0e41\u0e2a\u0e21\u0e14\u0e33","lat":13.61347071,"lng":100.3824876,"age":0,"gender":"unknown","nationality":"Thai","from":"Thailand","patientstatus":"unknown","note":"Timeline \u0e1c\u0e39\u0e49\u0e15\u0e34\u0e14\u0e40\u0e0a\u0e37\u0e49\u0e2d covid19 \u0e01\u0e17\u0e21. \u0e23\u0e32\u0e22\u0e17\u0e35\u0e48 22-43","source":"https:\/\/www.facebook.com\/prbangkok\/posts\/3119216564844610","parentcase":0},{"id":82,"status":"patient_has_been_here","date":1608336000000,"placename":"\u0e18\u0e19\u0e32\u0e04\u0e32\u0e23\u0e01\u0e2a\u0e34\u0e01\u0e23\u0e44\u0e17\u0e22 \u0e2a\u0e32\u0e02\u0e32\u0e1a\u0e34\u0e4a\u0e01\u0e0b\u0e35\u0e2d\u0e48\u0e2d\u0e19\u0e19\u0e38\u0e0a","lat":13.70935,"lng":100.6014532,"age":0,"gender":"unknown","nationality":"Thai","from":"Thailand","patientstatus":"unknown","note":"Timeline \u0e1c\u0e39\u0e49\u0e15\u0e34\u0e14\u0e40\u0e0a\u0e37\u0e49\u0e2d covid19 \u0e01\u0e17\u0e21. \u0e23\u0e32\u0e22\u0e17\u0e35\u0e48 22-43","source":"https:\/\/www.facebook.com\/prbangkok\/posts\/3119216564844610","parentcase":0},{"id":83,"status":"patient_has_been_here","date":1608336000000,"placename":"\u0e2a\u0e19\u0e32\u0e21\u0e1a\u0e2d\u0e25 \u0e22\u0e48\u0e32\u0e19\u0e25\u0e32\u0e14\u0e1e\u0e23\u0e49\u0e32\u0e2780","lat":13.78281463,"lng":100.5995981,"age":0,"gender":"unknown","nationality":"Thai","from":"Thailand","patientstatus":"unknown","note":"Timeline \u0e1c\u0e39\u0e49\u0e15\u0e34\u0e14\u0e40\u0e0a\u0e37\u0e49\u0e2d covid19 \u0e01\u0e17\u0e21. \u0e23\u0e32\u0e22\u0e17\u0e35\u0e48 22-43","source":"https:\/\/www.facebook.com\/prbangkok\/posts\/3119216564844610","parentcase":0},{"id":84,"status":"patient_has_been_here","date":1608336000000,"placename":"\u0e02\u0e49\u0e32\u0e27\u0e15\u0e49\u0e21\u0e08\u0e31\u0e14\u0e40\u0e15\u0e47\u0e21 \u0e41\u0e22\u0e01\u0e2d\u0e38\u0e42\u0e21\u0e07\u0e04\u0e4c\u0e1e\u0e31\u0e12\u0e19\u0e32\u0e01\u0e32\u0e23","lat":13.73739373,"lng":100.6165954,"age":0,"gender":"unknown","nationality":"Thai","from":"Thailand","patientstatus":"unknown","note":"\u0e01\u0e17\u0e21.\u0e40\u0e1b\u0e34\u0e14\u0e44\u0e17\u0e21\u0e4c\u0e44\u0e25\u0e19\u0e4c 17 \u0e1c\u0e39\u0e49\u0e15\u0e34\u0e14\u0e40\u0e0a\u0e37\u0e49\u0e2d '\u0e42\u0e04\u0e27\u0e34\u0e14' \u0e23\u0e32\u0e22\u0e43\u0e2b\u0e21\u0e48 \u0e40\u0e1b\u0e47\u0e19\u0e23\u0e32\u0e22\u0e17\u0e35\u0e48 58-74","source":"https:\/\/www.dailynews.co.th\/regional\/815860?fbclid=IwAR3PpSq-k4gEnCMnvk_ZSa14-a7-sRcbK55EljOEMDm-7Ze-6SmVJNFfAuU","parentcase":0},{"id":85,"status":"patient_has_been_here","date":1608336000000,"placename":"2929 \u0e2a\u0e38\u0e02\u0e38\u0e21\u0e27\u0e34\u0e1777","lat":13.71433565,"lng":100.647891,"age":0,"gender":"unknown","nationality":"Thai","from":"Thailand","patientstatus":"unknown","note":"\u0e01\u0e17\u0e21.\u0e40\u0e1b\u0e34\u0e14\u0e44\u0e17\u0e21\u0e4c\u0e44\u0e25\u0e19\u0e4c 17 \u0e1c\u0e39\u0e49\u0e15\u0e34\u0e14\u0e40\u0e0a\u0e37\u0e49\u0e2d '\u0e42\u0e04\u0e27\u0e34\u0e14' \u0e23\u0e32\u0e22\u0e43\u0e2b\u0e21\u0e48 \u0e40\u0e1b\u0e47\u0e19\u0e23\u0e32\u0e22\u0e17\u0e35\u0e48 58-74","source":"https:\/\/www.dailynews.co.th\/regional\/815860?fbclid=IwAR3PpSq-k4gEnCMnvk_ZSa14-a7-sRcbK55EljOEMDm-7Ze-6SmVJNFfAuU","parentcase":0},{"id":86,"status":"patient_has_been_here","date":1608336000000,"placename":"\u0e42\u0e2e\u0e21\u0e42\u0e1b\u0e23 \u0e19\u0e32\u0e07\u0e25\u0e34\u0e49\u0e19\u0e08\u0e35\u0e48","lat":13.71020819,"lng":100.5427674,"age":0,"gender":"unknown","nationality":"Thai","from":"Thailand","patientstatus":"unknown","note":"\u0e01\u0e17\u0e21.\u0e40\u0e1b\u0e34\u0e14\u0e44\u0e17\u0e21\u0e4c\u0e44\u0e25\u0e19\u0e4c 17 \u0e1c\u0e39\u0e49\u0e15\u0e34\u0e14\u0e40\u0e0a\u0e37\u0e49\u0e2d '\u0e42\u0e04\u0e27\u0e34\u0e14' \u0e23\u0e32\u0e22\u0e43\u0e2b\u0e21\u0e48 \u0e40\u0e1b\u0e47\u0e19\u0e23\u0e32\u0e22\u0e17\u0e35\u0e48 58-74","source":"https:\/\/www.dailynews.co.th\/regional\/815860?fbclid=IwAR3PpSq-k4gEnCMnvk_ZSa14-a7-sRcbK55EljOEMDm-7Ze-6SmVJNFfAuU","parentcase":0},{"id":87,"status":"patient_has_been_here","date":1608336000000,"placename":"\u0e15\u0e25\u0e32\u0e14\u0e2a\u0e38\u0e02\u0e2a\u0e27\u0e31\u0e2a\u0e14\u0e34\u0e4c","lat":13.63894185,"lng":100.5263216,"age":0,"gender":"unknown","nationality":"Thai","from":"Thailand","patientstatus":"unknown","note":"\u0e01\u0e17\u0e21.\u0e40\u0e1b\u0e34\u0e14\u0e44\u0e17\u0e21\u0e4c\u0e44\u0e25\u0e19\u0e4c 17 \u0e1c\u0e39\u0e49\u0e15\u0e34\u0e14\u0e40\u0e0a\u0e37\u0e49\u0e2d '\u0e42\u0e04\u0e27\u0e34\u0e14' \u0e23\u0e32\u0e22\u0e43\u0e2b\u0e21\u0e48 \u0e40\u0e1b\u0e47\u0e19\u0e23\u0e32\u0e22\u0e17\u0e35\u0e48 58-74","source":"https:\/\/www.dailynews.co.th\/regional\/815860?fbclid=IwAR3PpSq-k4gEnCMnvk_ZSa14-a7-sRcbK55EljOEMDm-7Ze-6SmVJNFfAuU","parentcase":0},{"id":88,"status":"confirmed","date":1608422400000,"placename":"\u0e15\u0e25\u0e32\u0e14\u0e01\u0e25\u0e32\u0e07\u0e01\u0e38\u0e49\u0e07\u0e08\u0e31\u0e07\u0e2b\u0e27\u0e31\u0e14\u0e2a\u0e21\u0e38\u0e17\u0e23\u0e2a\u0e32\u0e04\u0e23","lat":13.5579068,"lng":100.270829,"age":0,"gender":0,"nationality":"Thai","from":"Thailand","patientstatus":"unknown","note":"\u0e1e\u0e1a\u0e01\u0e32\u0e23\u0e41\u0e1e\u0e23\u0e48\u0e23\u0e30\u0e1a\u0e32\u0e14\u0e02\u0e2d\u0e07\u0e42\u0e04\u0e27\u0e34\u0e14\u0e43\u0e19\u0e15\u0e25\u0e32\u0e14\u0e01\u0e38\u0e49\u0e07 \u0e41\u0e25\u0e30\u0e43\u0e19\u0e1e\u0e37\u0e49\u0e19\u0e17\u0e35\u0e48 \u0e08.\u0e2a\u0e21\u0e38\u0e17\u0e23\u0e2a\u0e32\u0e04\u0e23","source":"https:\/\/www.thaipost.net\/main\/detail\/87367","parentcase":0},{"id":89,"status":"unspecified_location","date":1608422400000,"placename":"\u0e40\u0e2a\u0e23\u0e35\u0e44\u0e17\u0e22 \u0e0b.50","lat":13.7937004,"lng":100.6923144,"age":0,"gender":"female","nationality":"Thai","from":"Thailand","patientstatus":"unknown","note":"\u0e40\u0e04\u0e2a\u0e41\u0e21\u0e48\u0e04\u0e49\u0e32\u0e23\u0e16\u0e1e\u0e38\u0e48\u0e21\u0e1e\u0e27\u0e07\u0e15\u0e34\u0e14\u0e42\u0e04\u0e27\u0e34\u0e14 \u0e40\u0e1b\u0e47\u0e19\u0e23\u0e16\u0e01\u0e23\u0e30\u0e1a\u0e30\u0e2a\u0e35\u0e02\u0e32\u0e27 \u0e1b\u0e49\u0e32\u0e22\u0e41\u0e14\u0e07 \u0e17\u0e30\u0e40\u0e1a\u0e35\u0e22\u0e19 8681 \u0e2a\u0e21\u0e38\u0e17\u0e23\u0e1b\u0e23\u0e32\u0e01\u0e32\u0e23 ","source":"https:\/\/www.thairath.co.th\/news\/local\/central\/1999153","parentcase":0},{"id":90,"status":"confirmed","date":1608422400000,"placename":"\u0e15\u0e25\u0e32\u0e14\u0e22\u0e32\u0e22\u0e1e\u0e48\u0e27\u0e07 \u0e21\u0e2b\u0e32\u0e0a\u0e31\u0e22","lat":13.5455607,"lng":100.2767611,"age":0,"gender":"female","nationality":"Thai","from":"Thailand","patientstatus":"unknown","note":"\u0e40\u0e04\u0e2a\u0e40\u0e08\u0e49\u0e32\u0e02\u0e2d\u0e07\u0e23\u0e49\u0e32\u0e19\u0e2d\u0e32\u0e2b\u0e32\u0e23\u0e15\u0e34\u0e14\u0e42\u0e04\u0e27\u0e34\u0e14 \u0e21\u0e35\u0e1b\u0e23\u0e30\u0e27\u0e31\u0e15\u0e34\u0e44\u0e1b\u0e41\u0e1e\u0e01\u0e38\u0e49\u0e07 \u0e15\u0e25\u0e32\u0e14\u0e22\u0e32\u0e22\u0e1e\u0e48\u0e27\u0e07 \u0e21\u0e2b\u0e32\u0e0a\u0e31\u0e22","source":"https:\/\/www.facebook.com\/SomsakPuOb\/photos\/a.237834942950311\/3554401867960252\/?type=3","parentcase":0},{"id":91,"status":"patient_has_been_here","date":1608422400000,"placename":"\u0e23\u0e49\u0e32\u0e19\u0e2d\u0e32\u0e2b\u0e32\u0e23\u0e41\u0e2b\u0e48\u0e07\u0e2b\u0e19\u0e36\u0e48\u0e07","lat":14.3355326,"lng":100.87017,"age":0,"gender":0,"nationality":"Thai","from":"Thailand","patientstatus":"unknown","note":"\u0e02\u0e2d\u0e43\u0e2b\u0e49\u0e1c\u0e39\u0e49\u0e17\u0e35\u0e48\u0e44\u0e1b\u0e43\u0e0a\u0e49\u0e1a\u0e23\u0e34\u0e01\u0e32\u0e23\u0e23\u0e49\u0e32\u0e19\u0e2d\u0e32\u0e2b\u0e32\u0e23 \u0e15\u0e31\u0e49\u0e07\u0e41\u0e15\u0e48\u0e27\u0e31\u0e19\u0e17\u0e35\u0e48 15-20 \u0e18.\u0e04. 2563 \u0e40\u0e1b\u0e47\u0e19\u0e15\u0e49\u0e19\u0e21\u0e32 \u0e13 \u0e23\u0e49\u0e32\u0e19\u0e41\u0e08\u0e48\u0e27\u0e2e\u0e49\u0e2d\u0e19\u0e15\u0e32\u0e41\u0e1b\u0e4a\u0e30\u0e1a\u0e38\u0e1f\u0e40\u0e1f\u0e48 149 \u0e0b\u0e36\u0e48\u0e07\u0e21\u0e35 3 \u0e2a\u0e32\u0e02\u0e32 \u0e2a\u0e32\u0e02\u0e32\u0e17\u0e35\u0e48 1 \u0e2d\u0e33\u0e40\u0e20\u0e2d\u0e2b\u0e19\u0e2d\u0e07\u0e41\u0e04 \u0e2a\u0e32\u0e02\u0e32 2 \u0e2d\u0e33\u0e40\u0e20\u0e2d\u0e41\u0e01\u0e48\u0e07\u0e04\u0e2d\u0e22 \u0e41\u0e25\u0e30\u0e2a\u0e32\u0e02\u0e32 3 \u0e2d\u0e33\u0e40\u0e20\u0e2d\u0e40\u0e21\u0e37\u0e2d\u0e07\u0e2a\u0e23\u0e30\u0e1a\u0e38\u0e23\u0e35 \u0e41\u0e25\u0e30\u0e15\u0e25\u0e32\u0e14\u0e2b\u0e19\u0e2d\u0e07\u0e40\u0e2a\u0e37\u0e2d \u0e08.\u0e1b\u0e17\u0e38\u0e21\u0e18\u0e32\u0e19\u0e35 \u0e44\u0e14\u0e49\u0e2a\u0e31\u0e07\u0e40\u0e01\u0e15\u0e2d\u0e32\u0e01\u0e32\u0e23\u0e15\u0e19\u0e40\u0e2d\u0e07\u0e40\u0e1b\u0e47\u0e19\u0e40\u0e27\u0e25\u0e32 14 \u0e27\u0e31\u0e19 \u0e43\u0e2b\u0e49\u0e2a\u0e27\u0e21\u0e2b\u0e19\u0e49\u0e32\u0e01\u0e32\u0e01\u0e2d\u0e19\u0e32\u0e21\u0e31\u0e22 \u0e2b\u0e23\u0e37\u0e2d\u0e2b\u0e19\u0e49\u0e32\u0e01\u0e32\u0e01\u0e1c\u0e49\u0e32\u0e15\u0e25\u0e2d\u0e14\u0e40\u0e27\u0e25\u0e32 \u0e2b\u0e25\u0e35\u0e01\u0e40\u0e25\u0e35\u0e48\u0e22\u0e07\u0e04\u0e25\u0e38\u0e01\u0e04\u0e25\u0e35\u0e43\u0e01\u0e25\u0e49\u0e0a\u0e34\u0e14\u0e01\u0e31\u0e1a\u0e1c\u0e39\u0e49\u0e2d\u0e37\u0e48\u0e19","source":"https:\/\/www.thairath.co.th\/news\/local\/central\/1998711","parentcase":0},{"id":92,"status":"patient_has_been_here","date":1608422400000,"placename":"\u0e23\u0e49\u0e32\u0e19\u0e2d\u0e32\u0e2b\u0e32\u0e23\u0e41\u0e2b\u0e48\u0e07\u0e2b\u0e19\u0e36\u0e48\u0e07","lat":14.5786407,"lng":100.9662444,"age":0,"gender":0,"nationality":"Thai","from":"Thailand","patientstatus":"unknown","note":"\u0e02\u0e2d\u0e43\u0e2b\u0e49\u0e1c\u0e39\u0e49\u0e17\u0e35\u0e48\u0e44\u0e1b\u0e43\u0e0a\u0e49\u0e1a\u0e23\u0e34\u0e01\u0e32\u0e23\u0e23\u0e49\u0e32\u0e19\u0e2d\u0e32\u0e2b\u0e32\u0e23 \u0e15\u0e31\u0e49\u0e07\u0e41\u0e15\u0e48\u0e27\u0e31\u0e19\u0e17\u0e35\u0e48 15-20 \u0e18.\u0e04. 2563 \u0e40\u0e1b\u0e47\u0e19\u0e15\u0e49\u0e19\u0e21\u0e32 \u0e13 \u0e23\u0e49\u0e32\u0e19\u0e41\u0e08\u0e48\u0e27\u0e2e\u0e49\u0e2d\u0e19\u0e15\u0e32\u0e41\u0e1b\u0e4a\u0e30\u0e1a\u0e38\u0e1f\u0e40\u0e1f\u0e48 149 \u0e0b\u0e36\u0e48\u0e07\u0e21\u0e35 3 \u0e2a\u0e32\u0e02\u0e32 \u0e2a\u0e32\u0e02\u0e32\u0e17\u0e35\u0e48 1 \u0e2d\u0e33\u0e40\u0e20\u0e2d\u0e2b\u0e19\u0e2d\u0e07\u0e41\u0e04 \u0e2a\u0e32\u0e02\u0e32 2 \u0e2d\u0e33\u0e40\u0e20\u0e2d\u0e41\u0e01\u0e48\u0e07\u0e04\u0e2d\u0e22 \u0e41\u0e25\u0e30\u0e2a\u0e32\u0e02\u0e32 3 \u0e2d\u0e33\u0e40\u0e20\u0e2d\u0e40\u0e21\u0e37\u0e2d\u0e07\u0e2a\u0e23\u0e30\u0e1a\u0e38\u0e23\u0e35 \u0e41\u0e25\u0e30\u0e15\u0e25\u0e32\u0e14\u0e2b\u0e19\u0e2d\u0e07\u0e40\u0e2a\u0e37\u0e2d \u0e08.\u0e1b\u0e17\u0e38\u0e21\u0e18\u0e32\u0e19\u0e35 \u0e44\u0e14\u0e49\u0e2a\u0e31\u0e07\u0e40\u0e01\u0e15\u0e2d\u0e32\u0e01\u0e32\u0e23\u0e15\u0e19\u0e40\u0e2d\u0e07\u0e40\u0e1b\u0e47\u0e19\u0e40\u0e27\u0e25\u0e32 14 \u0e27\u0e31\u0e19 \u0e43\u0e2b\u0e49\u0e2a\u0e27\u0e21\u0e2b\u0e19\u0e49\u0e32\u0e01\u0e32\u0e01\u0e2d\u0e19\u0e32\u0e21\u0e31\u0e22 \u0e2b\u0e23\u0e37\u0e2d\u0e2b\u0e19\u0e49\u0e32\u0e01\u0e32\u0e01\u0e1c\u0e49\u0e32\u0e15\u0e25\u0e2d\u0e14\u0e40\u0e27\u0e25\u0e32 \u0e2b\u0e25\u0e35\u0e01\u0e40\u0e25\u0e35\u0e48\u0e22\u0e07\u0e04\u0e25\u0e38\u0e01\u0e04\u0e25\u0e35\u0e43\u0e01\u0e25\u0e49\u0e0a\u0e34\u0e14\u0e01\u0e31\u0e1a\u0e1c\u0e39\u0e49\u0e2d\u0e37\u0e48\u0e19","source":"https:\/\/www.thairath.co.th\/news\/local\/central\/1998711","parentcase":0},{"id":93,"status":"patient_has_been_here","date":1608422400000,"placename":"\u0e23\u0e49\u0e32\u0e19\u0e2d\u0e32\u0e2b\u0e32\u0e23\u0e41\u0e2b\u0e48\u0e07\u0e2b\u0e19\u0e36\u0e48\u0e07","lat":14.5116599,"lng":100.9094134,"age":0,"gender":0,"nationality":"Thai","from":"Thailand","patientstatus":"unknown","note":"\u0e02\u0e2d\u0e43\u0e2b\u0e49\u0e1c\u0e39\u0e49\u0e17\u0e35\u0e48\u0e44\u0e1b\u0e43\u0e0a\u0e49\u0e1a\u0e23\u0e34\u0e01\u0e32\u0e23\u0e23\u0e49\u0e32\u0e19\u0e2d\u0e32\u0e2b\u0e32\u0e23 \u0e15\u0e31\u0e49\u0e07\u0e41\u0e15\u0e48\u0e27\u0e31\u0e19\u0e17\u0e35\u0e48 15-20 \u0e18.\u0e04. 2563 \u0e40\u0e1b\u0e47\u0e19\u0e15\u0e49\u0e19\u0e21\u0e32 \u0e13 \u0e23\u0e49\u0e32\u0e19\u0e41\u0e08\u0e48\u0e27\u0e2e\u0e49\u0e2d\u0e19\u0e15\u0e32\u0e41\u0e1b\u0e4a\u0e30\u0e1a\u0e38\u0e1f\u0e40\u0e1f\u0e48 149 \u0e0b\u0e36\u0e48\u0e07\u0e21\u0e35 3 \u0e2a\u0e32\u0e02\u0e32 \u0e2a\u0e32\u0e02\u0e32\u0e17\u0e35\u0e48 1 \u0e2d\u0e33\u0e40\u0e20\u0e2d\u0e2b\u0e19\u0e2d\u0e07\u0e41\u0e04 \u0e2a\u0e32\u0e02\u0e32 2 \u0e2d\u0e33\u0e40\u0e20\u0e2d\u0e41\u0e01\u0e48\u0e07\u0e04\u0e2d\u0e22 \u0e41\u0e25\u0e30\u0e2a\u0e32\u0e02\u0e32 3 \u0e2d\u0e33\u0e40\u0e20\u0e2d\u0e40\u0e21\u0e37\u0e2d\u0e07\u0e2a\u0e23\u0e30\u0e1a\u0e38\u0e23\u0e35 \u0e41\u0e25\u0e30\u0e15\u0e25\u0e32\u0e14\u0e2b\u0e19\u0e2d\u0e07\u0e40\u0e2a\u0e37\u0e2d \u0e08.\u0e1b\u0e17\u0e38\u0e21\u0e18\u0e32\u0e19\u0e35 \u0e44\u0e14\u0e49\u0e2a\u0e31\u0e07\u0e40\u0e01\u0e15\u0e2d\u0e32\u0e01\u0e32\u0e23\u0e15\u0e19\u0e40\u0e2d\u0e07\u0e40\u0e1b\u0e47\u0e19\u0e40\u0e27\u0e25\u0e32 14 \u0e27\u0e31\u0e19 \u0e43\u0e2b\u0e49\u0e2a\u0e27\u0e21\u0e2b\u0e19\u0e49\u0e32\u0e01\u0e32\u0e01\u0e2d\u0e19\u0e32\u0e21\u0e31\u0e22 \u0e2b\u0e23\u0e37\u0e2d\u0e2b\u0e19\u0e49\u0e32\u0e01\u0e32\u0e01\u0e1c\u0e49\u0e32\u0e15\u0e25\u0e2d\u0e14\u0e40\u0e27\u0e25\u0e32 \u0e2b\u0e25\u0e35\u0e01\u0e40\u0e25\u0e35\u0e48\u0e22\u0e07\u0e04\u0e25\u0e38\u0e01\u0e04\u0e25\u0e35\u0e43\u0e01\u0e25\u0e49\u0e0a\u0e34\u0e14\u0e01\u0e31\u0e1a\u0e1c\u0e39\u0e49\u0e2d\u0e37\u0e48\u0e19","source":"https:\/\/www.thairath.co.th\/news\/local\/central\/1998711","parentcase":0},{"id":94,"status":"suspected","date":1608422400000,"placename":"\u0e15\u0e25\u0e32\u0e14\u0e2b\u0e19\u0e2d\u0e07\u0e40\u0e2a\u0e37\u0e2d","lat":14.1378761,"lng":100.8255049,"age":0,"gender":0,"nationality":"Thai","from":"Thailand","patientstatus":"unknown","note":"\u0e40\u0e08\u0e49\u0e32\u0e02\u0e2d\u0e07\u0e23\u0e49\u0e32\u0e19\u0e2d\u0e32\u0e2b\u0e32\u0e23\u0e17\u0e35\u0e48\u0e15\u0e34\u0e14\u0e42\u0e04\u0e27\u0e34\u0e14\u0e44\u0e14\u0e49\u0e44\u0e1b\u0e02\u0e32\u0e22\u0e40\u0e19\u0e37\u0e49\u0e2d\u0e2a\u0e14\u0e17\u0e35\u0e48\u0e15\u0e25\u0e32\u0e14","source":"https:\/\/www.thairath.co.th\/news\/local\/central\/1998795?cx_testId=0&cx_testVariant=cx_0&cx_artPos=0&cx_rec_section=news&cx_rec_topic=local#cxrecs_s","parentcase":0},{"id":95,"status":"unspecified_location","date":1608422400000,"placename":"\u0e41\u0e1e\u0e01\u0e38\u0e49\u0e07 \u0e43\u0e19\u0e2b\u0e21\u0e39\u0e48\u0e1a\u0e49\u0e32\u0e19\u0e44\u0e1c\u0e48\u0e04\u0e2d\u0e22 \u0e15\u0e33\u0e1a\u0e25\u0e2a\u0e23\u0e30\u0e2a\u0e35\u0e48\u0e21\u0e38\u0e21 \u0e2d\u0e33\u0e40\u0e20\u0e2d\u0e01\u0e33\u0e41\u0e1e\u0e07\u0e41\u0e2a\u0e19","lat":14.06566869,"lng":99.9821468,"age":0,"gender":"male","nationality":"Thai","from":"Thailand","patientstatus":"unknown","note":"\u0e40\u0e04\u0e2a\u0e1c\u0e39\u0e49\u0e1b\u0e48\u0e27\u0e22\u0e42\u0e04\u0e27\u0e34\u0e14-19 \u0e0a\u0e32\u0e22 \u0e2d\u0e22\u0e39\u0e48\u0e15.\u0e1a\u0e32\u0e07\u0e2b\u0e25\u0e27\u0e07 \u0e2d.\u0e1a\u0e32\u0e07\u0e40\u0e25\u0e19 \u0e08.\u0e19\u0e04\u0e23\u0e1b\u0e10\u0e21","source":"https:\/\/mgronline.com\/local\/detail\/9630000130818","parentcase":0},{"id":96,"status":"sanitized","date":1608422400000,"placename":"Two Do Someting \u0e08.\u0e19\u0e19\u0e17\u0e1a\u0e38\u0e23\u0e35","lat":13.8220612,"lng":100.421874,"age":0,"gender":"female","nationality":"Thai","from":"Thailand","patientstatus":"unknown","note":"\u0e40\u0e04\u0e2a\u0e1c\u0e39\u0e49\u0e15\u0e34\u0e14\u0e40\u0e0a\u0e37\u0e49\u0e2d\u0e42\u0e04\u0e27\u0e34\u0e14-19 \u0e2b\u0e0d\u0e34\u0e07\u0e0a\u0e32\u0e27 \u0e2d.\u0e1a\u0e32\u0e07\u0e01\u0e23\u0e27\u0e22  20 \u0e18.\u0e04. \u0e40\u0e27\u0e25\u0e32 10.00 \u0e19. \u0e44\u0e1b\u0e04\u0e32\u0e40\u0e1f\u0e48 Two Do Someting","source":"https:\/\/www.facebook.com\/twodosomething\/posts\/140825121150938","parentcase":0},{"id":97,"status":"unspecified_location","date":1608422400000,"placename":"\u0e15\u0e25\u0e32\u0e14\u0e01\u0e32\u0e23\u0e4c\u0e40\u0e14\u0e49\u0e19\u0e15\u0e23\u0e07\u0e02\u0e49\u0e32\u0e21\u0e0b\u0e2d\u0e22\u0e41\u0e01\u0e49\u0e27\u0e2d\u0e34\u0e19\u0e17\u0e23\u0e4c","lat":13.8683169,"lng":100.4107308,"age":0,"gender":"male","nationality":"Thai","from":"Thailand","patientstatus":"unknown","note":"\u0e1c\u0e39\u0e49\u0e1b\u0e48\u0e27\u0e22\u0e42\u0e04\u0e27\u0e34\u0e14-19 \u0e0a\u0e32\u0e22 \u0e0a\u0e32\u0e27\u0e08.\u0e19\u0e19\u0e17\u0e1a\u0e38\u0e23\u0e35 \u0e44\u0e14\u0e49\u0e2d\u0e2d\u0e01\u0e21\u0e32\u0e40\u0e25\u0e37\u0e2d\u0e01\u0e15\u0e31\u0e49\u0e07\u0e2b\u0e19\u0e49\u0e32\u0e2b\u0e21\u0e39\u0e48\u0e1a\u0e49\u0e32\u0e19\u0e41\u0e25\u0e30\u0e0b\u0e37\u0e49\u0e2d\u0e15\u0e49\u0e19\u0e44\u0e21\u0e49 \u0e1c\u0e39\u0e49\u0e02\u0e32\u0e22\u0e40\u0e1b\u0e47\u0e19\u0e0a\u0e32\u0e27\u0e1e\u0e21\u0e48\u0e32","source":"https:\/\/www.khaosod.co.th\/covid-19\/news_5583885","parentcase":0},{"id":98,"status":"patient_has_been_here","date":1608422400000,"placename":"\u0e1b\u0e32\u0e01\u0e0b.\u0e1e\u0e2b\u0e25\u0e42\u0e22\u0e18\u0e34\u0e19 52","lat":13.89757086,"lng":100.6098027,"age":0,"gender":"male","nationality":"Thai","from":"Thailand","patientstatus":"unknown","note":"\u0e40\u0e04\u0e2a\u0e1c\u0e39\u0e49\u0e15\u0e34\u0e14\u0e40\u0e0a\u0e37\u0e49\u0e2d\u0e42\u0e04\u0e27\u0e34\u0e14-19 \u0e0a\u0e32\u0e22\u0e02\u0e32\u0e22\u0e2d\u0e32\u0e2b\u0e32\u0e23\u0e17\u0e30\u0e40\u0e25\u0e1b\u0e32\u0e01\u0e0b.\u0e1e\u0e2b\u0e2552","source":"https:\/\/www.dailynews.co.th\/regional\/814914","parentcase":0},{"id":99,"status":"sanitizing","date":1608422400000,"placename":"\u0e2a\u0e21\u0e28\u0e31\u0e01\u0e14\u0e34\u0e4c \u0e1b\u0e39\u0e2d\u0e1a \u0e2a\u0e32\u0e02\u0e322 \u0e1a\u0e35\u0e17\u0e35\u0e40\u0e2d\u0e2a\u0e01\u0e23\u0e38\u0e07\u0e18\u0e19\u0e1a\u0e38\u0e23\u0e35","lat":13.72045903,"lng":100.5004852,"age":0,"gender":"female","nationality":"Thai","from":"Thailand","patientstatus":"unknown","note":"\u0e15\u0e23\u0e27\u0e08\u0e1e\u0e1a\u0e40\u0e0a\u0e37\u0e49\u0e2d COVID-19 \u0e40\u0e08\u0e49\u0e32\u0e02\u0e2d\u0e07\u0e23\u0e49\u0e32\u0e19\u0e2a\u0e21\u0e28\u0e31\u0e01\u0e14\u0e34\u0e4c\u0e1b\u0e39\u0e2d\u0e1a \u0e2a\u0e32\u0e02\u0e32\u0e1a\u0e35\u0e17\u0e35\u0e40\u0e2d\u0e2a\u0e01\u0e23\u0e38\u0e07\u0e18\u0e19\u0e1a\u0e38\u0e23\u0e35","source":"https:\/\/www.facebook.com\/SomsakPuOb\/posts\/3554410321292740","parentcase":0},{"id":100,"status":"patient_has_been_here","date":1608422400000,"placename":"\u0e04\u0e13\u0e30\u0e27\u0e34\u0e17\u0e22\u0e32\u0e28\u0e32\u0e2a\u0e15\u0e23\u0e4c \u0e21\u0e2b\u0e32\u0e27\u0e34\u0e17\u0e22\u0e32\u0e25\u0e31\u0e22\u0e28\u0e34\u0e25\u0e1b\u0e32\u0e01\u0e23","lat":13.817137,"lng":100.041497,"age":0,"gender":"unknown","nationality":"Thai","from":"Thailand","patientstatus":"unknown","note":"\u0e1c\u0e39\u0e49\u0e1b\u0e48\u0e27\u0e22  covid-19 \u0e19\u0e04\u0e23\u0e1b\u0e10\u0e21 \u0e23\u0e32\u0e22\u0e17\u0e35\u0e4822-29","source":"https:\/\/m.facebook.com\/story.php?story_fbid=3200886696679973&id=246608695441136&sfnsn=mo","parentcase":0},{"id":101,"status":"patient_has_been_here","date":1608422400000,"placename":"\u0e27\u0e31\u0e14\u0e14\u0e2d\u0e19\u0e22\u0e32\u0e22\u0e2b\u0e2d\u0e21 \u0e2d.\u0e40\u0e21\u0e37\u0e2d\u0e07","lat":13.737328,"lng":100.081218,"age":0,"gender":"unknown","nationality":"Thai","from":"Thailand","patientstatus":"unknown","note":"\u0e1c\u0e39\u0e49\u0e1b\u0e48\u0e27\u0e22  covid-19 \u0e19\u0e04\u0e23\u0e1b\u0e10\u0e21 \u0e23\u0e32\u0e22\u0e17\u0e35\u0e4822-29","source":"https:\/\/m.facebook.com\/story.php?story_fbid=3200886696679973&id=246608695441136&sfnsn=mo","parentcase":0},{"id":102,"status":"patient_has_been_here","date":1608422400000,"placename":"\u0e17\u0e35\u0e48\u0e27\u0e48\u0e32\u0e01\u0e32\u0e23\u0e2d\u0e33\u0e40\u0e20\u0e2d\u0e1a\u0e32\u0e07\u0e40\u0e25\u0e19","lat":14.021384,"lng":100.165325,"age":0,"gender":"unknown","nationality":"Thai","from":"Thailand","patientstatus":"unknown","note":"\u0e1c\u0e39\u0e49\u0e1b\u0e48\u0e27\u0e22  covid-19 \u0e19\u0e04\u0e23\u0e1b\u0e10\u0e21 \u0e23\u0e32\u0e22\u0e17\u0e35\u0e4822-29","source":"https:\/\/m.facebook.com\/story.php?story_fbid=3200886696679973&id=246608695441136&sfnsn=mo","parentcase":0},{"id":103,"status":"patient_has_been_here","date":1608422400000,"placename":"\u0e42\u0e25\u0e15\u0e31\u0e2a\u0e1e\u0e25\u0e31\u0e2a\u0e21\u0e2d\u0e25\u0e25\u0e4c \u0e1a\u0e32\u0e07\u0e43\u0e2b\u0e0d\u0e48","lat":13.82347979,"lng":100.4101224,"age":0,"gender":"unknown","nationality":"Thai","from":"Thailand","patientstatus":"unknown","note":"4 \u0e1c\u0e39\u0e49\u0e1b\u0e48\u0e27\u0e22\u0e42\u0e04\u0e27\u0e34\u0e14 \u0e19\u0e19\u0e17\u0e1a\u0e38\u0e23\u0e35\u0e40\u0e0a\u0e37\u0e48\u0e2d\u0e21\u0e42\u0e22\u0e07\u0e15\u0e25\u0e32\u0e14\u0e17\u0e30\u0e40\u0e25\u0e44\u0e17\u0e22 \u0e2a\u0e21\u0e38\u0e17\u0e23\u0e2a\u0e32\u0e04\u0e23","source":"https:\/\/www.matichon.co.th\/covid19\/thai-covid19\/news_2499640","parentcase":0},{"id":104,"status":"patient_has_been_here","date":1608422400000,"placename":"\u0e23\u0e49\u0e32\u0e19\u0e40\u0e0a\u0e1f\u0e2d\u0e49\u0e27\u0e19\u0e01\u0e4b\u0e27\u0e22\u0e40\u0e15\u0e35\u0e4b\u0e22\u0e27\u0e2b\u0e21\u0e39\u0e19\u0e32\u0e22\u0e41\u0e01\u0e25\u0e30-\u0e1a\u0e32\u0e07\u0e43\u0e2b\u0e0d\u0e48","lat":13.82622351,"lng":100.4124415,"age":0,"gender":"unknown","nationality":"Thai","from":"Thailand","patientstatus":"unknown","note":"4 \u0e1c\u0e39\u0e49\u0e1b\u0e48\u0e27\u0e22\u0e42\u0e04\u0e27\u0e34\u0e14 \u0e19\u0e19\u0e17\u0e1a\u0e38\u0e23\u0e35\u0e40\u0e0a\u0e37\u0e48\u0e2d\u0e21\u0e42\u0e22\u0e07\u0e15\u0e25\u0e32\u0e14\u0e17\u0e30\u0e40\u0e25\u0e44\u0e17\u0e22 \u0e2a\u0e21\u0e38\u0e17\u0e23\u0e2a\u0e32\u0e04\u0e23","source":"https:\/\/www.matichon.co.th\/covid19\/thai-covid19\/news_2499640","parentcase":0},{"id":105,"status":"patient_has_been_here","date":1608422400000,"placename":"\u0e15\u0e25\u0e32\u0e14\u0e1a\u0e32\u0e07\u0e41\u0e04","lat":13.71100665,"lng":100.4234972,"age":0,"gender":"male","nationality":"Thai","from":"Thailand","patientstatus":"unknown","note":"Timeline \u0e1c\u0e39\u0e49\u0e15\u0e34\u0e14\u0e40\u0e0a\u0e37\u0e49\u0e2d covid19 \u0e01\u0e17\u0e21. \u0e23\u0e32\u0e22\u0e17\u0e35\u0e48 22-43","source":"https:\/\/www.facebook.com\/prbangkok\/posts\/3119216564844610","parentcase":0},{"id":106,"status":"patient_has_been_here","date":1608422400000,"placename":"\u0e01\u0e32\u0e23\u0e40\u0e04\u0e2b\u0e30\u0e27\u0e31\u0e14\u0e1e\u0e23\u0e30\u0e40\u0e07\u0e34\u0e19","lat":13.81780926,"lng":100.3981472,"age":0,"gender":"unknown","nationality":"Thai","from":"Thailand","patientstatus":"unknown","note":"Timeline \u0e1c\u0e39\u0e49\u0e15\u0e34\u0e14\u0e40\u0e0a\u0e37\u0e49\u0e2d covid19 \u0e01\u0e17\u0e21. \u0e23\u0e32\u0e22\u0e17\u0e35\u0e48 22-43","source":"https:\/\/www.facebook.com\/prbangkok\/posts\/3119216564844610","parentcase":0},{"id":107,"status":"patient_has_been_here","date":1608422400000,"placename":"\u0e23\u0e49\u0e32\u0e19\u0e02\u0e49\u0e32\u0e27\u0e41\u0e01\u0e07\u0e41\u0e21\u0e48\u0e40\u0e2a\u0e35\u0e49\u0e22\u0e19 \u0e1b\u0e31\u0e4a\u0e21 \u0e1b\u0e15\u0e17.","lat":13.95701015,"lng":100.404266,"age":0,"gender":"unknown","nationality":"Thai","from":"Thailand","patientstatus":"unknown","note":"Timeline \u0e1c\u0e39\u0e49\u0e15\u0e34\u0e14\u0e40\u0e0a\u0e37\u0e49\u0e2d covid19 \u0e01\u0e17\u0e21. \u0e23\u0e32\u0e22\u0e17\u0e35\u0e48 22-43","source":"https:\/\/www.facebook.com\/prbangkok\/posts\/3119216564844610","parentcase":0},{"id":108,"status":"patient_has_been_here","date":1608422400000,"placename":"\u0e23\u0e23. \u0e27\u0e31\u0e14\u0e23\u0e32\u0e29\u0e0e\u0e23\u0e4c\u0e20\u0e34\u0e23\u0e21\u0e22\u0e4c\u0e27\u0e23\u0e32\u0e23\u0e32\u0e21 \u0e15.\u0e2a\u0e23\u0e30\u0e2a\u0e35\u0e48\u0e21\u0e38\u0e21","lat":14.06478568,"lng":100.0502624,"age":0,"gender":"unknown","nationality":"Thai","from":"Thailand","patientstatus":"unknown","note":"\u0e1c\u0e39\u0e49\u0e1b\u0e48\u0e27\u0e22\u0e42\u0e04\u0e27\u0e34\u0e14-19 \u0e08\u0e31\u0e07\u0e2b\u0e27\u0e31\u0e14\u0e19\u0e04\u0e23\u0e1b\u0e10\u0e21 \u0e23\u0e32\u0e22\u0e17\u0e35\u0e4838-53","source":"https:\/\/www.bangkokbiznews.com\/news\/detail\/914766","parentcase":0},{"id":109,"status":"patient_has_been_here","date":1608422400000,"placename":"\u0e23\u0e23. \u0e1e\u0e23\u0e30\u0e1b\u0e10\u0e21\u0e27\u0e34\u0e17\u0e22\u0e32\u0e25\u0e31\u0e222","lat":13.73106738,"lng":100.0732375,"age":0,"gender":"unknown","nationality":"Thai","from":"Thailand","patientstatus":"unknown","note":"\u0e1c\u0e39\u0e49\u0e1b\u0e48\u0e27\u0e22\u0e42\u0e04\u0e27\u0e34\u0e14-19 \u0e08\u0e31\u0e07\u0e2b\u0e27\u0e31\u0e14\u0e19\u0e04\u0e23\u0e1b\u0e10\u0e21 \u0e23\u0e32\u0e22\u0e17\u0e35\u0e4838-53","source":"https:\/\/www.bangkokbiznews.com\/news\/detail\/914766","parentcase":0},{"id":110,"status":"patient_has_been_here","date":1608422400000,"placename":"\u0e1a\u0e34\u0e4a\u0e01\u0e0b\u0e35 \u0e19\u0e04\u0e23\u0e1b\u0e10\u0e21","lat":13.8122326,"lng":100.0726883,"age":0,"gender":"unknown","nationality":"Thai","from":"Thailand","patientstatus":"unknown","note":"\u0e1c\u0e39\u0e49\u0e1b\u0e48\u0e27\u0e22\u0e42\u0e04\u0e27\u0e34\u0e14-19 \u0e08\u0e31\u0e07\u0e2b\u0e27\u0e31\u0e14\u0e19\u0e04\u0e23\u0e1b\u0e10\u0e21 \u0e23\u0e32\u0e22\u0e17\u0e35\u0e4838-53","source":"https:\/\/www.bangkokbiznews.com\/news\/detail\/914766","parentcase":0},{"id":111,"status":"patient_has_been_here","date":1608422400000,"placename":"\u0e0b\u0e35\u0e04\u0e2d\u0e19 \u0e28\u0e23\u0e35\u0e19\u0e04\u0e23\u0e34\u0e19\u0e17\u0e23\u0e4c","lat":13.69415224,"lng":100.6478267,"age":0,"gender":"unknown","nationality":"Thai","from":"Thailand","patientstatus":"unknown","note":"\u0e01\u0e17\u0e21.\u0e40\u0e1b\u0e34\u0e14\u0e44\u0e17\u0e21\u0e4c\u0e44\u0e25\u0e19\u0e4c 17 \u0e1c\u0e39\u0e49\u0e15\u0e34\u0e14\u0e40\u0e0a\u0e37\u0e49\u0e2d '\u0e42\u0e04\u0e27\u0e34\u0e14' \u0e23\u0e32\u0e22\u0e43\u0e2b\u0e21\u0e48 \u0e40\u0e1b\u0e47\u0e19\u0e23\u0e32\u0e22\u0e17\u0e35\u0e48 58-74","source":"https:\/\/www.dailynews.co.th\/regional\/815860?fbclid=IwAR3PpSq-k4gEnCMnvk_ZSa14-a7-sRcbK55EljOEMDm-7Ze-6SmVJNFfAuU","parentcase":0},{"id":112,"status":"patient_has_been_here","date":1608422400000,"placename":"\u0e40\u0e0b\u0e47\u0e19\u0e17\u0e23\u0e31\u0e25\u0e2d\u0e35\u0e2a\u0e27\u0e34\u0e25\u0e25\u0e4c","lat":13.80243028,"lng":100.6151197,"age":0,"gender":"unknown","nationality":"Thai","from":"Thailand","patientstatus":"unknown","note":"\u0e01\u0e17\u0e21.\u0e40\u0e1b\u0e34\u0e14\u0e44\u0e17\u0e21\u0e4c\u0e44\u0e25\u0e19\u0e4c 17 \u0e1c\u0e39\u0e49\u0e15\u0e34\u0e14\u0e40\u0e0a\u0e37\u0e49\u0e2d '\u0e42\u0e04\u0e27\u0e34\u0e14' \u0e23\u0e32\u0e22\u0e43\u0e2b\u0e21\u0e48 \u0e40\u0e1b\u0e47\u0e19\u0e23\u0e32\u0e22\u0e17\u0e35\u0e48 58-74","source":"https:\/\/www.dailynews.co.th\/regional\/815860?fbclid=IwAR3PpSq-k4gEnCMnvk_ZSa14-a7-sRcbK55EljOEMDm-7Ze-6SmVJNFfAuU","parentcase":0},{"id":113,"status":"patient_has_been_here","date":1608422400000,"placename":"Fashion island \u0e23\u0e32\u0e21\u0e2d\u0e34\u0e19\u0e17\u0e23\u0e32","lat":13.82571976,"lng":100.6794424,"age":0,"gender":"unknown","nationality":"Thai","from":"Thailand","patientstatus":"unknown","note":"\u0e01\u0e17\u0e21.\u0e40\u0e1b\u0e34\u0e14\u0e44\u0e17\u0e21\u0e4c\u0e44\u0e25\u0e19\u0e4c 17 \u0e1c\u0e39\u0e49\u0e15\u0e34\u0e14\u0e40\u0e0a\u0e37\u0e49\u0e2d '\u0e42\u0e04\u0e27\u0e34\u0e14' \u0e23\u0e32\u0e22\u0e43\u0e2b\u0e21\u0e48 \u0e40\u0e1b\u0e47\u0e19\u0e23\u0e32\u0e22\u0e17\u0e35\u0e48 58-74","source":"https:\/\/www.dailynews.co.th\/regional\/815860?fbclid=IwAR3PpSq-k4gEnCMnvk_ZSa14-a7-sRcbK55EljOEMDm-7Ze-6SmVJNFfAuU","parentcase":0},{"id":114,"status":"patient_has_been_here","date":1608422400000,"placename":"\u0e27\u0e31\u0e14\u0e1a\u0e32\u0e07\u0e21\u0e48\u0e27\u0e07","lat":13.83106898,"lng":100.3729686,"age":0,"gender":"unknown","nationality":"Thai","from":"Thailand","patientstatus":"unknown","note":"\u0e01\u0e17\u0e21.\u0e40\u0e1b\u0e34\u0e14\u0e44\u0e17\u0e21\u0e4c\u0e44\u0e25\u0e19\u0e4c 17 \u0e1c\u0e39\u0e49\u0e15\u0e34\u0e14\u0e40\u0e0a\u0e37\u0e49\u0e2d '\u0e42\u0e04\u0e27\u0e34\u0e14' \u0e23\u0e32\u0e22\u0e43\u0e2b\u0e21\u0e48 \u0e40\u0e1b\u0e47\u0e19\u0e23\u0e32\u0e22\u0e17\u0e35\u0e48 58-74","source":"https:\/\/www.dailynews.co.th\/regional\/815860?fbclid=IwAR3PpSq-k4gEnCMnvk_ZSa14-a7-sRcbK55EljOEMDm-7Ze-6SmVJNFfAuU","parentcase":0},{"id":115,"status":"unspecified_location","date":1608508800000,"placename":"\u0e23\u0e49\u0e32\u0e19\u0e01\u0e4b\u0e27\u0e22\u0e40\u0e15\u0e35\u0e4b\u0e22\u0e27 \u0e43\u0e19\u0e15\u0e25\u0e32\u0e14\u0e1a\u0e32\u0e07\u0e43\u0e2b\u0e0d\u0e48","lat":13.8781452,"lng":100.4091302,"age":0,"gender":"male","nationality":"Thai","from":"Thailand","patientstatus":"unknown","note":"\u0e1c\u0e39\u0e49\u0e1b\u0e48\u0e27\u0e22\u0e42\u0e04\u0e27\u0e34\u0e14-19 \u0e0a\u0e32\u0e22 \u0e0a\u0e32\u0e27\u0e08.\u0e19\u0e19\u0e17\u0e1a\u0e38\u0e23\u0e35 \u0e15\u0e23\u0e27\u0e08\u0e1e\u0e1a\u0e40\u0e0a\u0e37\u0e49\u0e2d\u0e27\u0e31\u0e19\u0e17\u0e35\u0e48 21\/12\/20","source":"https:\/\/www.khaosod.co.th\/covid-19\/news_5583885","parentcase":0},{"id":116,"status":"sanitized","date":1608508800000,"placename":"\u0e42\u0e04\u0e23\u0e07\u0e01\u0e32\u0e23 \u0e2a\u0e27\u0e19\u0e40\u0e1e\u0e25\u0e34\u0e19 \u0e21\u0e32\u0e23\u0e4c\u0e40\u0e01\u0e47\u0e15","lat":13.7164198,"lng":100.5716135,"age":0,"gender":"unknown","nationality":"Thai","from":"Thailand","patientstatus":"unknown","note":"\u0e42\u0e04\u0e23\u0e07\u0e01\u0e32\u0e23\u0e2f \u0e44\u0e14\u0e49\u0e23\u0e31\u0e1a\u0e41\u0e08\u0e49\u0e07\u0e08\u0e32\u0e01\u0e40\u0e02\u0e15\u0e04\u0e25\u0e2d\u0e07\u0e40\u0e15\u0e22\u0e40\u0e23\u0e37\u0e48\u0e2d\u0e07 Time Line \u0e02\u0e2d\u0e07\u0e1c\u0e39\u0e49\u0e1b\u0e48\u0e27\u0e22\u0e15\u0e34\u0e14\u0e40\u0e0a\u0e37\u0e49\u0e2d\u0e44\u0e27\u0e23\u0e31\u0e2a\u0e42\u0e04\u0e27\u0e34\u0e14 19 \u0e27\u0e48\u0e32\u0e44\u0e14\u0e49\u0e40\u0e02\u0e49\u0e32\u0e21\u0e32\u0e43\u0e0a\u0e49\u0e1a\u0e23\u0e34\u0e01\u0e32\u0e23\u0e17\u0e35\u0e48\u0e23\u0e49\u0e32\u0e19\u0e19\u0e34\u0e15\u0e22\u0e32\u0e44\u0e01\u0e48\u0e22\u0e48\u0e32\u0e07 \u0e40\u0e21\u0e37\u0e48\u0e2d\u0e27\u0e31\u0e19\u0e17\u0e35\u0e48 21 \u0e18\u0e31\u0e19\u0e27\u0e32\u0e04\u0e21 2563 \u0e23\u0e30\u0e2b\u0e27\u0e48\u0e32\u0e07\u0e40\u0e27\u0e25\u0e32 13.00-14.00\u0e19.\u0e17\u0e35\u0e48\u0e1c\u0e48\u0e32\u0e19\u0e21\u0e32","source":"https:\/\/www.facebook.com\/suanplernmarket\/photos\/a.407116596138751\/1714728045377593\/","parentcase":0},{"id":117,"status":"patient_has_been_here","date":1608508800000,"placename":"\u0e01\u0e32\u0e23\u0e1b\u0e23\u0e30\u0e1b\u0e32\u0e1e\u0e23\u0e30\u0e42\u0e02\u0e19\u0e07","lat":13.70807262,"lng":100.59964,"age":0,"gender":"unknown","nationality":"Thai","from":"Thailand","patientstatus":"unknown","note":"\u0e42\u0e06\u0e29\u0e01\u0e01\u0e17\u0e21.\u0e17\u0e22\u0e2d\u0e22\u0e40\u0e1b\u0e34\u0e14\u0e44\u0e17\u0e21\u0e4c\u0e44\u0e25\u0e19\u0e4c \u0e15\u0e34\u0e14\u0e40\u0e0a\u0e37\u0e49\u0e2d\u0e42\u0e04\u0e27\u0e34\u0e14\u0e43\u0e19\u0e01\u0e23\u0e38\u0e07\u0e40\u0e17\u0e1e\u0e2f 75 \u0e04\u0e19\u0e41\u0e25\u0e49\u0e27 \u0e44\u0e25\u0e48\u0e2a\u0e2d\u0e1a\u0e2a\u0e27\u0e19\u0e42\u0e23\u0e04 \u0e1e\u0e1a\u0e44\u0e1b\u0e2b\u0e25\u0e32\u0e22\u0e2b\u0e49\u0e32\u0e07 \u0e14\u0e39\u0e2b\u0e19\u0e31\u0e07 \u0e04\u0e32\u0e23\u0e32\u0e42\u0e2d\u0e40\u0e01\u0e30","source":"https:\/\/www.pptvhd36.com\/news\/%E0%B8%AA%E0%B8%B8%E0%B8%82%E0%B8%A0%E0%B8%B2%E0%B8%9E\/139122","parentcase":0},{"id":118,"status":"patient_has_been_here","date":1608508800000,"placename":"\u0e02\u0e19\u0e2a\u0e48\u0e07\u0e2a\u0e32\u0e22\u0e43\u0e15\u0e49\u0e43\u0e2b\u0e21\u0e48","lat":13.78051515,"lng":100.4226823,"age":0,"gender":"female","nationality":"Thai","from":"Thailand","patientstatus":"unknown","note":"Timeline \u0e1c\u0e39\u0e49\u0e15\u0e34\u0e14\u0e40\u0e0a\u0e37\u0e49\u0e2d covid19 \u0e01\u0e17\u0e21. \u0e23\u0e32\u0e22\u0e17\u0e35\u0e48 22-43","source":"https:\/\/www.facebook.com\/prbangkok\/posts\/3119216564844610","parentcase":0},{"id":119,"status":"patient_has_been_here","date":1608508800000,"placename":"\u0e2a\u0e19\u0e32\u0e21\u0e2a\u0e1b\u0e2d\u0e23\u0e4c\u0e15\u0e04\u0e25\u0e31\u0e1a \u0e22\u0e48\u0e32\u0e19\u0e1b\u0e23\u0e35\u0e14\u0e35\u0e1e\u0e19\u0e21\u0e22\u0e07\u0e04\u0e4c","lat":13.7355293,"lng":100.5979688,"age":0,"gender":"unknown","nationality":"Thai","from":"Thailand","patientstatus":"unknown","note":"Timeline \u0e1c\u0e39\u0e49\u0e15\u0e34\u0e14\u0e40\u0e0a\u0e37\u0e49\u0e2d covid19 \u0e01\u0e17\u0e21. \u0e23\u0e32\u0e22\u0e17\u0e35\u0e48 22-43","source":"https:\/\/www.facebook.com\/prbangkok\/posts\/3119216564844610","parentcase":0},{"id":120,"status":"patient_has_been_here","date":1608508800000,"placename":"\u0e2a\u0e19\u0e32\u0e21\u0e41\u0e1a\u0e14\u0e21\u0e34\u0e19\u0e15\u0e31\u0e19 71 sport club","lat":13.73406154,"lng":100.5967948,"age":0,"gender":"unknown","nationality":"Thai","from":"Thailand","patientstatus":"unknown","note":"\u0e01\u0e17\u0e21.\u0e40\u0e1b\u0e34\u0e14\u0e44\u0e17\u0e21\u0e4c\u0e44\u0e25\u0e19\u0e4c 17 \u0e1c\u0e39\u0e49\u0e15\u0e34\u0e14\u0e40\u0e0a\u0e37\u0e49\u0e2d '\u0e42\u0e04\u0e27\u0e34\u0e14' \u0e23\u0e32\u0e22\u0e43\u0e2b\u0e21\u0e48 \u0e40\u0e1b\u0e47\u0e19\u0e23\u0e32\u0e22\u0e17\u0e35\u0e48 58-74","source":"https:\/\/www.dailynews.co.th\/regional\/815860?fbclid=IwAR3PpSq-k4gEnCMnvk_ZSa14-a7-sRcbK55EljOEMDm-7Ze-6SmVJNFfAuU","parentcase":0},{"id":121,"status":"patient_has_been_here","date":1608508800000,"placename":"\u0e2a\u0e2b\u0e01\u0e23\u0e13\u0e4c\u0e2d\u0e2d\u0e21\u0e17\u0e23\u0e31\u0e1e\u0e22\u0e4c \u0e01\u0e23\u0e21\u0e2a\u0e48\u0e07\u0e40\u0e2a\u0e23\u0e34\u0e21\u0e01\u0e32\u0e23\u0e1b\u0e01\u0e04\u0e23\u0e2d\u0e07\u0e17\u0e49\u0e2d\u0e07\u0e16\u0e34\u0e48\u0e19","lat":13.7738673,"lng":100.5093218,"age":0,"gender":"unknown","nationality":"Thai","from":"Thailand","patientstatus":"unknown","note":"\u0e01\u0e17\u0e21.\u0e40\u0e1b\u0e34\u0e14\u0e44\u0e17\u0e21\u0e4c\u0e44\u0e25\u0e19\u0e4c 17 \u0e1c\u0e39\u0e49\u0e15\u0e34\u0e14\u0e40\u0e0a\u0e37\u0e49\u0e2d '\u0e42\u0e04\u0e27\u0e34\u0e14' \u0e23\u0e32\u0e22\u0e43\u0e2b\u0e21\u0e48 \u0e40\u0e1b\u0e47\u0e19\u0e23\u0e32\u0e22\u0e17\u0e35\u0e48 58-74","source":"https:\/\/www.dailynews.co.th\/regional\/815860?fbclid=IwAR3PpSq-k4gEnCMnvk_ZSa14-a7-sRcbK55EljOEMDm-7Ze-6SmVJNFfAuU","parentcase":0},{"id":122,"status":"patient_has_been_here","date":1608508800000,"placename":"\u0e40\u0e25\u0e2d \u0e1b\u0e32 \u0e2a\u0e34\u0e23\u0e34 \u0e1e\u0e23\u0e30\u0e23\u0e32\u0e215","lat":13.82650614,"lng":100.4860605,"age":0,"gender":"unknown","nationality":"Thai","from":"Thailand","patientstatus":"unknown","note":"\u0e01\u0e17\u0e21.\u0e40\u0e1b\u0e34\u0e14\u0e44\u0e17\u0e21\u0e4c\u0e44\u0e25\u0e19\u0e4c 17 \u0e1c\u0e39\u0e49\u0e15\u0e34\u0e14\u0e40\u0e0a\u0e37\u0e49\u0e2d '\u0e42\u0e04\u0e27\u0e34\u0e14' \u0e23\u0e32\u0e22\u0e43\u0e2b\u0e21\u0e48 \u0e40\u0e1b\u0e47\u0e19\u0e23\u0e32\u0e22\u0e17\u0e35\u0e48 58-74","source":"https:\/\/www.dailynews.co.th\/regional\/815860?fbclid=IwAR3PpSq-k4gEnCMnvk_ZSa14-a7-sRcbK55EljOEMDm-7Ze-6SmVJNFfAuU","parentcase":0},{"id":123,"status":"patient_has_been_here","date":1608595200000,"placename":"Lamptitude \u0e2a\u0e32\u0e02\u0e32\u0e40\u0e2d\u0e01\u0e21\u0e31\u0e22","lat":13.73541413,"lng":100.5877998,"age":0,"gender":0,"nationality":"Thai","from":"Thailand","patientstatus":"unknown","note":"\u0e1e\u0e19\u0e31\u0e01\u0e07\u0e32\u0e19 Lamptitude \u0e15\u0e34\u0e14\u0e40\u0e0a\u0e37\u0e49\u0e2d\u0e2b\u0e25\u0e31\u0e07\u0e08\u0e32\u0e01\u0e01\u0e25\u0e31\u0e1a\u0e08\u0e32\u0e01\u0e01\u0e23\u0e30\u0e1a\u0e35\u0e48 \u0e41\u0e25\u0e30\u0e40\u0e02\u0e49\u0e32\u0e21\u0e32\u0e17\u0e35\u0e48\u0e19\u0e35\u0e48\u0e15\u0e31\u0e49\u0e07\u0e41\u0e15\u0e48\u0e27\u0e31\u0e19\u0e17\u0e35\u0e48 14-22 \u0e18.\u0e04.","source":"https:\/\/www.pptvhd36.com\/news\/%E0%B8%AA%E0%B8%B1%E0%B8%87%E0%B8%84%E0%B8%A1\/138884","parentcase":0},{"id":124,"status":"patient_has_been_here","date":1608595200000,"placename":"\u0e01\u0e23\u0e21\u0e0a\u0e25\u0e1b\u0e23\u0e30\u0e17\u0e32\u0e19","lat":13.78766192,"lng":100.5105938,"age":0,"gender":0,"nationality":"Thai","from":"Thailand","patientstatus":"unknown","note":"\u0e40\u0e08\u0e49\u0e32\u0e2b\u0e19\u0e49\u0e32\u0e17\u0e35\u0e48\u0e01\u0e23\u0e21\u0e0a\u0e25\u0e1b\u0e23\u0e30\u0e17\u0e32\u0e19\u0e1e\u0e1a\u0e1c\u0e39\u0e49\u0e15\u0e34\u0e14\u0e40\u0e0a\u0e37\u0e49\u0e2d\u0e42\u0e04\u0e27\u0e34\u0e14-19 \u0e40\u0e1a\u0e37\u0e49\u0e2d\u0e07\u0e15\u0e49\u0e19 1 \u0e23\u0e32\u0e22 \u0e40\u0e1b\u0e47\u0e19\u0e27\u0e34\u0e28\u0e27\u0e01\u0e23 \u0e2a\u0e31\u0e07\u0e01\u0e31\u0e14\u200b\u0e01\u0e2d\u0e07\u0e1e\u0e31\u0e12\u0e19\u0e32\u0e41\u0e2b\u0e25\u0e48\u0e07\u200b\u0e19\u0e49\u0e33\u200b\u0e02\u0e19\u0e32\u0e14\u0e01\u0e25\u0e32\u0e07 \u0e42\u0e14\u0e22\u0e44\u0e14\u0e49\u0e40\u0e14\u0e34\u0e19\u0e17\u0e32\u0e07\u0e44\u0e1b\u0e23\u0e31\u0e1a\u0e1b\u0e23\u0e30\u0e17\u0e32\u0e19\u0e2d\u0e32\u0e2b\u0e32\u0e23\u0e43\u0e19\u0e1e\u0e37\u0e49\u0e19\u0e17\u0e35\u0e48\u0e40\u0e2a\u0e35\u0e48\u0e22\u0e07 \u0e08\u0e31\u0e07\u0e2b\u0e27\u0e31\u0e14\u0e2a\u0e21\u0e38\u0e17\u0e23\u0e2a\u0e32\u0e04\u0e23 \u0e40\u0e21\u0e37\u0e48\u0e2d\u0e27\u0e31\u0e19\u0e17\u0e35\u0e48 13 \u0e18\u0e31\u0e19\u0e27\u0e32\u0e04\u0e21\u0e17\u0e35\u0e48\u0e1c\u0e48\u0e32\u0e19\u0e21\u0e32","source":"https:\/\/www.prachachat.net\/economy\/news-579476","parentcase":0},{"id":125,"status":"suspected","date":1608595200000,"placename":"\u0e15\u0e25\u0e32\u0e14\u0e40\u0e08\u0e14\u0e35\u0e22\u0e4c","lat":13.5951449,"lng":100.5802135,"age":0,"gender":"male","nationality":"Thai","from":"Thailand","patientstatus":"unknown","note":"\u0e21\u0e35\u0e23\u0e32\u0e22\u0e07\u0e32\u0e19\u0e02\u0e48\u0e32\u0e27\u0e27\u0e48\u0e32\u0e1e\u0e48\u0e2d\u0e04\u0e49\u0e32\u0e17\u0e35\u0e48\u0e15\u0e34\u0e14\u0e42\u0e04\u0e27\u0e34\u0e14-19 \u0e23\u0e31\u0e1a\u0e2d\u0e32\u0e2b\u0e32\u0e23\u0e17\u0e30\u0e40\u0e25\u0e08\u0e32\u0e01\u0e15\u0e25\u0e32\u0e14\u0e43\u0e19\u0e08.\u0e2a\u0e21\u0e38\u0e17\u0e23\u0e2a\u0e32\u0e04\u0e23\u0e21\u0e32\u0e02\u0e32\u0e22\u0e17\u0e35\u0e48\u0e19\u0e35\u0e48","source":"https:\/\/www.khaosod.co.th\/covid-19\/news_5583210","parentcase":0},{"id":126,"status":"patient_has_been_here","date":1608595200000,"placename":"\u0e01\u0e32\u0e23\u0e44\u0e1f\u0e1f\u0e49\u0e32 \u0e2d.\u0e19\u0e04\u0e23\u0e0a\u0e31\u0e22\u0e28\u0e23\u0e35","lat":13.803038,"lng":100.188902,"age":0,"gender":"unknown","nationality":"Thai","from":"Thailand","patientstatus":"unknown","note":"\u0e1c\u0e39\u0e49\u0e1b\u0e48\u0e27\u0e22  covid-19 \u0e19\u0e04\u0e23\u0e1b\u0e10\u0e21 \u0e23\u0e32\u0e22\u0e17\u0e35\u0e4822-29","source":"https:\/\/m.facebook.com\/story.php?story_fbid=3200886696679973&id=246608695441136&sfnsn=mo","parentcase":0},{"id":127,"status":"patient_has_been_here","date":1608595200000,"placename":"\u0e18\u0e19\u0e32\u0e04\u0e32\u0e23\u0e44\u0e17\u0e22\u0e1e\u0e32\u0e19\u0e34\u0e0a\u0e22\u0e4c \u0e2a\u0e32\u0e02\u0e32\u0e19\u0e04\u0e23\u0e0a\u0e31\u0e22\u0e28\u0e23\u0e35","lat":13.802143,"lng":100.19,"age":0,"gender":"unknown","nationality":"Thai","from":"Thailand","patientstatus":"unknown","note":"\u0e1c\u0e39\u0e49\u0e1b\u0e48\u0e27\u0e22  covid-19 \u0e19\u0e04\u0e23\u0e1b\u0e10\u0e21 \u0e23\u0e32\u0e22\u0e17\u0e35\u0e4822-29","source":"https:\/\/m.facebook.com\/story.php?story_fbid=3200886696679973&id=246608695441136&sfnsn=mo","parentcase":0},{"id":128,"status":"patient_has_been_here","date":1608595200000,"placename":"\u0e23\u0e49\u0e32\u0e19 \u0e40\u0e08\u0e40\u0e08 \u0e0a\u0e32\u0e1a\u0e39&\u0e1b\u0e34\u0e49\u0e07\u0e22\u0e48\u0e32\u0e07 \u0e2a\u0e23\u0e07\u0e1b\u0e23\u0e30\u0e20\u0e32\u0e14\u0e2d\u0e19\u0e40\u0e21\u0e37\u0e2d\u0e07","lat":13.928974,"lng":100.577365,"age":0,"gender":"unknown","nationality":"Thai","from":"Thailand","patientstatus":"unknown","note":"\u0e04\u0e2d\u0e19\u0e42\u0e14\u0e22\u0e48\u0e32\u0e19\u0e14\u0e2d\u0e19\u0e40\u0e21\u0e37\u0e2d\u0e07\u0e1e\u0e1a\u0e04\u0e19\u0e15\u0e34\u0e14 \u2018\u0e42\u0e04\u0e27\u0e34\u0e14\u2019 \u0e1d\u0e36\u0e01\u0e07\u0e32\u0e19\u0e2a\u0e19\u0e32\u0e21\u0e1a\u0e34\u0e19-\u0e40\u0e14\u0e34\u0e19\u0e15\u0e25\u0e32\u0e14","source":"https:\/\/www.matichon.co.th\/covid19\/news_2502106","parentcase":0},{"id":129,"status":"patient_has_been_here","date":1608595200000,"placename":"\u0e15\u0e25\u0e32\u0e14\u0e42\u0e2d\u0e42\u0e0b\u0e19\u0e27\u0e31\u0e19","lat":13.929686,"lng":100.576,"age":0,"gender":"unknown","nationality":"Thai","from":"Thailand","patientstatus":"unknown","note":"\u0e15\u0e25\u0e32\u0e14\u0e42\u0e2d\u0e42\u0e0b\u0e19\u0e27\u0e31\u0e19 \u0e1b\u0e23\u0e30\u0e01\u0e32\u0e28\u0e1b\u0e34\u0e14 2 \u0e27\u0e31\u0e19 \u0e2b\u0e25\u0e31\u0e07\u0e1e\u0e1a\u0e04\u0e19\u0e15\u0e34\u0e14\u0e40\u0e0a\u0e37\u0e49\u0e2d\u0e42\u0e04\u0e27\u0e34\u0e14\u0e40\u0e02\u0e49\u0e32\u0e21\u0e32\u0e43\u0e0a\u0e49\u0e1a\u0e23\u0e34\u0e01\u0e32\u0e23","source":"https:\/\/www.matichon.co.th\/covid19\/news_2502134","parentcase":0},{"id":130,"status":"patient_has_been_here","date":1608595200000,"placename":"\u0e15\u0e25\u0e32\u0e14\u0e28\u0e32\u0e25\u0e32\u0e19\u0e49\u0e33\u0e23\u0e49\u0e2d\u0e19","lat":13.76033018,"lng":100.4796436,"age":0,"gender":"unknown","nationality":"Thai","from":"Thailand","patientstatus":"unknown","note":"4 \u0e1c\u0e39\u0e49\u0e1b\u0e48\u0e27\u0e22\u0e42\u0e04\u0e27\u0e34\u0e14 \u0e19\u0e19\u0e17\u0e1a\u0e38\u0e23\u0e35\u0e40\u0e0a\u0e37\u0e48\u0e2d\u0e21\u0e42\u0e22\u0e07\u0e15\u0e25\u0e32\u0e14\u0e17\u0e30\u0e40\u0e25\u0e44\u0e17\u0e22 \u0e2a\u0e21\u0e38\u0e17\u0e23\u0e2a\u0e32\u0e04\u0e23","source":"https:\/\/www.matichon.co.th\/covid19\/thai-covid19\/news_2499640","parentcase":0},{"id":131,"status":"patient_has_been_here","date":1608595200000,"placename":"\u0e41\u0e21\u0e04\u0e42\u0e04\u0e23\u0e19\u0e04\u0e23\u0e2d\u0e34\u0e19\u0e17\u0e23\u0e4c","lat":13.82853997,"lng":100.4842102,"age":0,"gender":"unknown","nationality":"Thai","from":"Thailand","patientstatus":"unknown","note":"4 \u0e1c\u0e39\u0e49\u0e1b\u0e48\u0e27\u0e22\u0e42\u0e04\u0e27\u0e34\u0e14 \u0e19\u0e19\u0e17\u0e1a\u0e38\u0e23\u0e35\u0e40\u0e0a\u0e37\u0e48\u0e2d\u0e21\u0e42\u0e22\u0e07\u0e15\u0e25\u0e32\u0e14\u0e17\u0e30\u0e40\u0e25\u0e44\u0e17\u0e22 \u0e2a\u0e21\u0e38\u0e17\u0e23\u0e2a\u0e32\u0e04\u0e23","source":"https:\/\/www.matichon.co.th\/covid19\/thai-covid19\/news_2499640","parentcase":0},{"id":132,"status":"patient_has_been_here","date":1608595200000,"placename":"\u0e42\u0e23\u0e07\u0e19\u0e49\u0e33\u0e41\u0e02\u0e47\u0e07\u0e15\u0e25\u0e32\u0e14\u0e1a\u0e32\u0e07\u0e2b\u0e25\u0e27\u0e07 \u0e2d\u0e33\u0e40\u0e20\u0e2d\u0e1a\u0e32\u0e07\u0e40\u0e25\u0e19","lat":14.01020378,"lng":100.1768909,"age":0,"gender":"unknown","nationality":"Thai","from":"Thailand","patientstatus":"unknown","note":"\u0e1c\u0e39\u0e49\u0e1b\u0e48\u0e27\u0e22\u0e42\u0e04\u0e27\u0e34\u0e14-19 \u0e08\u0e31\u0e07\u0e2b\u0e27\u0e31\u0e14\u0e19\u0e04\u0e23\u0e1b\u0e10\u0e21 \u0e23\u0e32\u0e22\u0e17\u0e35\u0e4838-53","source":"https:\/\/www.bangkokbiznews.com\/news\/detail\/914766","parentcase":0},{"id":133,"status":"patient_has_been_here","date":1608595200000,"placename":"\u0e15\u0e25\u0e32\u0e14\u0e19\u0e31\u0e14\u0e2a\u0e35\u0e48\u0e41\u0e22\u0e01\u0e40\u0e2a\u0e37\u0e2d\u0e2d\u0e35\u0e14\u0e48\u0e32\u0e07 \u0e21.6 ","lat":14.04839109,"lng":100.0198852,"age":0,"gender":"unknown","nationality":"Thai","from":"Thailand","patientstatus":"unknown","note":"\u0e1c\u0e39\u0e49\u0e1b\u0e48\u0e27\u0e22\u0e42\u0e04\u0e27\u0e34\u0e14-19 \u0e08\u0e31\u0e07\u0e2b\u0e27\u0e31\u0e14\u0e19\u0e04\u0e23\u0e1b\u0e10\u0e21 \u0e23\u0e32\u0e22\u0e17\u0e35\u0e4838-53","source":"https:\/\/www.bangkokbiznews.com\/news\/detail\/914766","parentcase":0},{"id":134,"status":"patient_has_been_here","date":1608595200000,"placename":"\u0e41\u0e21\u0e04\u0e42\u0e04\u0e23 \u0e28\u0e32\u0e25\u0e32\u0e22\u0e32","lat":13.80175861,"lng":100.3053076,"age":0,"gender":"unknown","nationality":"Thai","from":"Thailand","patientstatus":"unknown","note":"\u0e01\u0e17\u0e21.\u0e40\u0e1b\u0e34\u0e14\u0e44\u0e17\u0e21\u0e4c\u0e44\u0e25\u0e19\u0e4c 17 \u0e1c\u0e39\u0e49\u0e15\u0e34\u0e14\u0e40\u0e0a\u0e37\u0e49\u0e2d '\u0e42\u0e04\u0e27\u0e34\u0e14' \u0e23\u0e32\u0e22\u0e43\u0e2b\u0e21\u0e48 \u0e40\u0e1b\u0e47\u0e19\u0e23\u0e32\u0e22\u0e17\u0e35\u0e48 58-74","source":"https:\/\/www.dailynews.co.th\/regional\/815860?fbclid=IwAR3PpSq-k4gEnCMnvk_ZSa14-a7-sRcbK55EljOEMDm-7Ze-6SmVJNFfAuU","parentcase":0},{"id":135,"status":"sanitized","date":1608681600000,"placename":"Siam Center","lat":13.7462524,"lng":100.5328635,"age":0,"gender":0,"nationality":"Thai","from":"Thailand","patientstatus":"unknown","note":"\u0e2a\u0e22\u0e32\u0e21\u0e40\u0e0b\u0e47\u0e19\u0e40\u0e15\u0e2d\u0e23\u0e4c' \u0e1b\u0e23\u0e30\u0e01\u0e32\u0e28\u0e22\u0e37\u0e19\u0e22\u0e31\u0e19\u0e21\u0e35 \u0e1e\u0e19\u0e07.\u0e23\u0e49\u0e32\u0e19\u0e2d\u0e32\u0e2b\u0e32\u0e23\u0e15\u0e34\u0e14\u0e40\u0e0a\u0e37\u0e49\u0e2d\u0e42\u0e04\u0e27\u0e34\u0e14-19 \u0e02\u0e2d\u0e1b\u0e34\u0e14\u0e1a\u0e23\u0e34\u0e01\u0e32\u0e23\u0e1e\u0e37\u0e49\u0e19\u0e17\u0e35\u0e48\u0e40\u0e2a\u0e35\u0e48\u0e22\u0e07 3 \u0e27\u0e31\u0e19","source":"https:\/\/ch3thailandnews.bectero.com\/news\/224324","parentcase":0},{"id":136,"status":"confirmed","date":1608681600000,"placename":"\u0e2d\u0e32\u0e04\u0e32\u0e23\u0e01\u0e23\u0e38\u0e07\u0e40\u0e17\u0e1e\u0e1b\u0e23\u0e30\u0e01\u0e31\u0e19\u0e20\u0e31\u0e22 \u0e0a\u0e31\u0e49\u0e19 22","lat":13.7243591,"lng":100.5386589,"age":0,"gender":0,"nationality":"Thai","from":"Thailand","patientstatus":"unknown","note":"\u0e1a\u0e21\u0e08.\u0e01\u0e23\u0e38\u0e07\u0e40\u0e17\u0e1e\u0e1b\u0e23\u0e30\u0e01\u0e31\u0e19\u0e20\u0e31\u0e22 (BKI) \u0e41\u0e08\u0e49\u0e07\u0e27\u0e48\u0e32 \u0e1e\u0e1a\u0e1e\u0e19\u0e31\u0e01\u0e07\u0e32\u0e19\u0e02\u0e2d\u0e07 \u0e1a\u0e21\u0e08.\u0e44\u0e2d\u0e42\u0e2d\u0e2d\u0e34 \u0e01\u0e23\u0e38\u0e07\u0e40\u0e17\u0e1e\u0e1b\u0e23\u0e30\u0e01\u0e31\u0e19\u0e20\u0e31\u0e22 \u0e08\u0e33\u0e01\u0e31\u0e14 \u0e0b\u0e36\u0e48\u0e07\u0e40\u0e1b\u0e47\u0e19\u0e1a\u0e23\u0e34\u0e29\u0e31\u0e17\u0e1c\u0e39\u0e49\u0e40\u0e0a\u0e48\u0e32\u0e43\u0e19\u0e2d\u0e32\u0e04\u0e32\u0e23\u0e01\u0e23\u0e38\u0e07\u0e40\u0e17\u0e1e\u0e1b\u0e23\u0e30\u0e01\u0e31\u0e19\u0e20\u0e31\u0e22 1 \u0e23\u0e32\u0e22\u0e15\u0e34\u0e14\u0e40\u0e0a\u0e37\u0e49\u0e2d\u0e42\u0e04\u0e27\u0e34\u0e14-19 \u0e0b\u0e36\u0e48\u0e07\u0e1c\u0e39\u0e49\u0e15\u0e34\u0e14\u0e40\u0e0a\u0e37\u0e49\u0e2d\u0e44\u0e14\u0e49\u0e17\u0e23\u0e32\u0e1a\u0e1c\u0e25\u0e41\u0e25\u0e30\u0e01\u0e32\u0e23\u0e22\u0e37\u0e19\u0e22\u0e31\u0e19\u0e08\u0e32\u0e01\u0e41\u0e1e\u0e17\u0e22\u0e4c\u0e27\u0e48\u0e32\u0e15\u0e34\u0e14\u0e40\u0e0a\u0e37\u0e49\u0e2d\u0e42\u0e04\u0e27\u0e34\u0e14-19 \u0e40\u0e21\u0e37\u0e48\u0e2d\u0e27\u0e31\u0e19\u0e17\u0e35\u0e48 22 \u0e18.\u0e04.","source":"https:\/\/www.infoquest.co.th\/2020\/54934","parentcase":0},{"id":137,"status":"confirmed","date":1608681600000,"placename":"\u0e15\u0e25\u0e32\u0e14\u0e17\u0e30\u0e40\u0e25\u0e44\u0e17\u0e22","lat":13.54974685,"lng":100.2561435,"age":0,"gender":"female","nationality":"Thai","from":"Thailand","patientstatus":"unknown","note":"\u0e1e\u0e1a\u0e41\u0e21\u0e48\u0e04\u0e49\u0e32\u0e2d\u0e22\u0e38\u0e18\u0e22\u0e32\u0e40\u0e14\u0e34\u0e19\u0e17\u0e32\u0e07\u0e21\u0e32\u0e0b\u0e37\u0e49\u0e2d\u0e2d\u0e32\u0e2b\u0e32\u0e23\u0e17\u0e30\u0e40\u0e25\u0e17\u0e35\u0e48\u0e19\u0e35\u0e48\u0e41\u0e25\u0e30\u0e15\u0e23\u0e27\u0e08\u0e1e\u0e1a\u0e40\u0e0a\u0e37\u0e49\u0e2d\u0e42\u0e04\u0e27\u0e34\u0e14-19\u0e20\u0e32\u0e22\u0e2b\u0e25\u0e31\u0e07","source":"https:\/\/www.thairath.co.th\/news\/local\/central\/1999848","parentcase":0},{"id":138,"status":"confirmed","date":1608681600000,"placename":"\u0e15\u0e25\u0e32\u0e14\u0e2b\u0e19\u0e49\u0e32\u0e2a\u0e16\u0e32\u0e19\u0e35\u0e23\u0e16\u0e44\u0e1f\u0e20\u0e32\u0e0a\u0e35","lat":14.45160513,"lng":100.7230585,"age":0,"gender":"female","nationality":"Thai","from":"Thailand","patientstatus":"unknown","note":"\u0e41\u0e21\u0e48\u0e04\u0e49\u0e32\u0e2d\u0e32\u0e2b\u0e32\u0e23\u0e17\u0e30\u0e40\u0e25 \u0e15\u0e34\u0e14\u0e40\u0e0a\u0e37\u0e49\u0e2d\u0e08\u0e32\u0e01\u0e01\u0e32\u0e23\u0e40\u0e14\u0e34\u0e19\u0e17\u0e32\u0e07\u0e44\u0e1b\u0e15\u0e25\u0e32\u0e14\u0e17\u0e30\u0e40\u0e25\u0e44\u0e17\u0e22 \u0e08.\u0e2a\u0e21\u0e38\u0e17\u0e23\u0e2a\u0e32\u0e04\u0e23","source":"https:\/\/www.thairath.co.th\/news\/local\/central\/1999848","parentcase":0},{"id":139,"status":"sanitized","date":1608681600000,"placename":"\u0e2a\u0e35\u0e25\u0e21\u0e04\u0e2d\u0e21\u0e40\u0e1e\u0e25\u0e47\u0e01","lat":13.72836497,"lng":100.5350858,"age":0,"gender":"unknown","nationality":"Thai","from":"Thailand","patientstatus":"unknown","note":"\u0e28\u0e39\u0e19\u0e22\u0e4c\u0e01\u0e32\u0e23\u0e04\u0e49\u0e32\u0e2a\u0e35\u0e25\u0e21\u0e04\u0e2d\u0e21\u0e40\u0e1e\u0e25\u0e47\u0e01\u0e0b\u0e4c \u0e1b\u0e23\u0e30\u0e01\u0e32\u0e28\u0e17\u0e33\u0e04\u0e27\u0e32\u0e21\u0e2a\u0e30\u0e2d\u0e32\u0e14\u0e15\u0e32\u0e21\u0e21\u0e32\u0e15\u0e23\u0e01\u0e32\u0e23\u0e04\u0e27\u0e32\u0e21\u0e1b\u0e25\u0e2d\u0e14\u0e20\u0e31\u0e22\u0e02\u0e31\u0e49\u0e19\u0e2a\u0e39\u0e07\u0e2a\u0e38\u0e14 \u0e2b\u0e25\u0e31\u0e07\u0e1c\u0e39\u0e49\u0e1b\u0e48\u0e27\u0e22 \"\u0e42\u0e04\u0e27\u0e34\u0e14-19\" \u0e44\u0e1b\u0e43\u0e0a\u0e49\u0e1a\u0e23\u0e34\u0e01\u0e32\u0e23\u0e43\u0e19\u0e23\u0e49\u0e32\u0e19\u0e2d\u0e32\u0e2b\u0e32\u0e23\u0e20\u0e32\u0e22\u0e43\u0e19\u0e2b\u0e49\u0e32\u0e07","source":"https:\/\/www.thairath.co.th\/news\/local\/2000605","parentcase":0},{"id":140,"status":"sanitized","date":1608681600000,"placename":"\u0e40\u0e14\u0e2d\u0e30\u0e21\u0e2d\u0e25\u0e25\u0e4c \u0e1a\u0e32\u0e07\u0e01\u0e30\u0e1b\u0e34","lat":13.7660558,"lng":100.6403032,"age":0,"gender":"unknown","nationality":"Thai","from":"Thailand","patientstatus":"unknown","note":"\u0e40\u0e14\u0e2d\u0e30\u0e21\u0e2d\u0e25\u0e25\u0e4c\u0e1a\u0e32\u0e07\u0e01\u0e30\u0e1b\u0e34 \u0e44\u0e14\u0e49\u0e23\u0e30\u0e1a\u0e38\u0e27\u0e48\u0e32 \u0e1e\u0e1a\u0e1c\u0e39\u0e49\u0e1b\u0e48\u0e27\u0e22\u0e21\u0e32\u0e43\u0e0a\u0e49\u0e1a\u0e23\u0e34\u0e01\u0e32\u0e23\u0e17\u0e35\u0e48 \u0e23\u0e49\u0e32\u0e19\u0e22\u0e33\u0e41\u0e0b\u0e48\u0e1a \u0e08\u0e36\u0e07\u0e44\u0e14\u0e49\u0e14\u0e33\u0e40\u0e19\u0e34\u0e19\u0e01\u0e32\u0e23\u0e1b\u0e34\u0e14\u0e23\u0e49\u0e32\u0e19\u0e14\u0e31\u0e07\u0e01\u0e25\u0e48\u0e32\u0e27 3 \u0e27\u0e31\u0e19 \u0e15\u0e31\u0e49\u0e07\u0e41\u0e15\u0e48\u0e27\u0e31\u0e19\u0e17\u0e35\u0e48 23-25 \u0e18.\u0e04. \u0e1e\u0e23\u0e49\u0e2d\u0e21\u0e17\u0e33\u0e04\u0e27\u0e32\u0e21\u0e2a\u0e30\u0e2d\u0e32\u0e14 \u0e06\u0e48\u0e32\u0e40\u0e0a\u0e37\u0e49\u0e2d\u0e42\u0e23\u0e04\u0e43\u0e19\u0e23\u0e49\u0e32\u0e19 \u0e1e\u0e23\u0e49\u0e2d\u0e21\u0e43\u0e2b\u0e49\u0e1e\u0e19\u0e31\u0e01\u0e07\u0e32\u0e19\u0e2b\u0e22\u0e38\u0e14\u0e1b\u0e0f\u0e34\u0e1a\u0e31\u0e15\u0e34\u0e2b\u0e19\u0e49\u0e32\u0e17\u0e35\u0e48 \u0e41\u0e25\u0e30\u0e17\u0e33\u0e04\u0e27\u0e32\u0e21\u0e2a\u0e30\u0e2d\u0e32\u0e14\u0e20\u0e32\u0e22\u0e43\u0e19\u0e28\u0e39\u0e19\u0e22\u0e4c\u0e01\u0e32\u0e23\u0e04\u0e49\u0e32","source":"https:\/\/today.line.me\/th\/v2\/article\/vLe2Mj?utm_source=lineshare","parentcase":0},{"id":141,"status":"sanitized","date":1608681600000,"placename":"\u0e40\u0e14\u0e2d\u0e30\u0e21\u0e2d\u0e25\u0e25\u0e4c \u0e1a\u0e32\u0e07\u0e41\u0e04","lat":13.710361,"lng":100.4073817,"age":0,"gender":"unknown","nationality":"Thai","from":"Thailand","patientstatus":"unknown","note":"\u0e40\u0e14\u0e2d\u0e30\u0e21\u0e2d\u0e25\u0e25\u0e4c \u0e1a\u0e32\u0e07\u0e41\u0e04 \u0e44\u0e14\u0e49\u0e23\u0e30\u0e1a\u0e38\u0e27\u0e48\u0e32 \u0e21\u0e35\u0e1c\u0e39\u0e49\u0e1b\u0e48\u0e27\u0e22\u0e40\u0e02\u0e49\u0e32\u0e21\u0e32\u0e43\u0e0a\u0e49\u0e1a\u0e23\u0e34\u0e01\u0e32\u0e23\u0e17\u0e35\u0e48 \u0e23\u0e49\u0e32\u0e19 Dtac \u0e41\u0e25\u0e30\u0e23\u0e49\u0e32\u0e19 I Care \u0e08\u0e32\u0e01\u0e01\u0e32\u0e23\u0e15\u0e23\u0e27\u0e08\u0e2a\u0e2d\u0e1a \u0e44\u0e14\u0e49\u0e43\u0e2b\u0e49\u0e23\u0e49\u0e32\u0e19\u0e14\u0e31\u0e07\u0e01\u0e25\u0e48\u0e32\u0e27\u0e1b\u0e34\u0e14\u0e40\u0e1b\u0e47\u0e19\u0e40\u0e27\u0e25\u0e32 3 \u0e27\u0e31\u0e19 \u0e15\u0e31\u0e49\u0e07\u0e41\u0e15\u0e48\u0e27\u0e31\u0e19\u0e17\u0e35\u0e48 23-25 \u0e18.\u0e04. \u0e1e\u0e23\u0e49\u0e2d\u0e21\u0e17\u0e33\u0e04\u0e27\u0e32\u0e21\u0e2a\u0e30\u0e2d\u0e32\u0e14 \u0e41\u0e25\u0e30\u0e43\u0e2b\u0e49\u0e1e\u0e19\u0e31\u0e01\u0e07\u0e32\u0e19\u0e2b\u0e22\u0e38\u0e14\u0e1b\u0e0f\u0e34\u0e1a\u0e31\u0e15\u0e34\u0e2b\u0e19\u0e49\u0e32\u0e17\u0e35\u0e48 \u0e40\u0e1b\u0e47\u0e19\u0e40\u0e27\u0e25\u0e32 14 \u0e27\u0e31\u0e19 \u0e1e\u0e23\u0e49\u0e2d\u0e21\u0e17\u0e33\u0e04\u0e27\u0e32\u0e21\u0e2a\u0e30\u0e2d\u0e32\u0e14\u0e2b\u0e49\u0e32\u0e07\u0e15\u0e32\u0e21\u0e21\u0e32\u0e15\u0e23\u0e01\u0e32\u0e23\u0e04\u0e27\u0e1a\u0e04\u0e38\u0e21\u0e42\u0e23\u0e04","source":"https:\/\/today.line.me\/th\/v2\/article\/vLe2Mj?utm_source=lineshare","parentcase":0},{"id":142,"status":"unspecified_location","date":1608681600000,"placename":"\u0e2d.\u0e1a\u0e49\u0e32\u0e19\u0e41\u0e2b\u0e25\u0e21 \u0e08.\u0e40\u0e1e\u0e0a\u0e23\u0e1a\u0e38\u0e23\u0e35","lat":13.2054213,"lng":99.9793013,"age":0,"gender":0,"nationality":"Thai","from":"Thailand","patientstatus":"unknown","note":"\u0e1e\u0e1a\u0e40\u0e04\u0e2a\u0e41\u0e21\u0e48\u0e04\u0e49\u0e32\u0e1e\u0e48\u0e2d\u0e04\u0e49\u0e32\u0e2d\u0e32\u0e2b\u0e32\u0e23\u0e17\u0e30\u0e40\u0e25\u0e15\u0e34\u0e14\u0e40\u0e0a\u0e37\u0e49\u0e2d\u0e42\u0e04\u0e27\u0e34\u0e14-19 \u0e40\u0e0a\u0e37\u0e48\u0e2d\u0e21\u0e42\u0e22\u0e07\u0e01\u0e23\u0e13\u0e35\u0e15\u0e25\u0e32\u0e14\u0e2d\u0e32\u0e2b\u0e32\u0e23\u0e17\u0e30\u0e40\u0e25\u0e17\u0e35\u0e48\u0e2a\u0e21\u0e38\u0e17\u0e23\u0e2a\u0e32\u0e04\u0e23","source":"https:\/\/mgronline.com\/uptodate\/detail\/9630000131859","parentcase":0},{"id":143,"status":"sanitized","date":1608681600000,"placename":"\u0e15\u0e25\u0e32\u0e14\u0e2d\u0e48\u0e2d\u0e19\u0e19\u0e38\u0e0a","lat":13.7100705,"lng":100.6007069,"age":0,"gender":0,"nationality":0,"from":0,"patientstatus":0,"note":"\u0e15\u0e25\u0e32\u0e14\u0e2d\u0e48\u0e2d\u0e19\u0e19\u0e38\u0e0a \u0e1b\u0e23\u0e30\u0e01\u0e32\u0e28 \u0e17\u0e33\u0e04\u0e27\u0e32\u0e21\u0e2a\u0e30\u0e2d\u0e32\u0e14\u0e43\u0e2b\u0e0d\u0e48 \u0e41\u0e25\u0e30\u0e09\u0e35\u0e14\u0e1e\u0e48\u0e19\u0e19\u0e49\u0e33\u0e22\u0e32\u0e06\u0e48\u0e32\u0e40\u0e0a\u0e37\u0e49\u0e2d \u0e41\u0e25\u0e49\u0e27\u0e40\u0e1b\u0e34\u0e14\u0e17\u0e33\u0e01\u0e32\u0e23\u0e15\u0e32\u0e21\u0e1b\u0e01\u0e15\u0e34\u0e41\u0e25\u0e49\u0e27 \u0e2b\u0e25\u0e31\u0e07\u0e08\u0e32\u0e01\u0e2b\u0e25\u0e32\u0e22\u0e27\u0e31\u0e19\u0e01\u0e48\u0e2d\u0e19\u0e1e\u0e1a\u0e1c\u0e39\u0e49\u0e04\u0e49\u0e32\u0e2d\u0e32\u0e2b\u0e32\u0e23\u0e17\u0e30\u0e40\u0e25\u0e17\u0e35\u0e48\u0e23\u0e31\u0e1a\u0e21\u0e32\u0e08\u0e32\u0e01\u0e2a\u0e21\u0e38\u0e17\u0e23\u0e2a\u0e32\u0e04\u0e23\u0e15\u0e34\u0e14\u0e42\u0e04\u0e27\u0e34\u0e14-19  ","source":"https:\/\/www.sanook.com\/news\/8324143\/","parentcase":0},{"id":144,"status":"patient_has_been_here","date":1608681600000,"placename":"\u0e15\u0e25\u0e32\u0e14\u0e19\u0e31\u0e14\u0e17\u0e48\u0e32\u0e02\u0e49\u0e32\u0e21 \u0e15.\u0e1a\u0e32\u0e07\u0e23\u0e30\u0e01\u0e33 \u0e2d.\u0e19\u0e04\u0e23\u0e0a\u0e31\u0e22\u0e28\u0e23\u0e35","lat":0.0,"lng":0.0,"age":0,"gender":"unknown","nationality":"Thai","from":"Thailand","patientstatus":"unknown","note":"\u0e1c\u0e39\u0e49\u0e1b\u0e48\u0e27\u0e22  covid-19 \u0e19\u0e04\u0e23\u0e1b\u0e10\u0e21 \u0e23\u0e32\u0e22\u0e17\u0e35\u0e4822-29","source":"https:\/\/m.facebook.com\/story.php?story_fbid=3200886696679973&id=246608695441136&sfnsn=mo","parentcase":0},{"id":145,"status":"patient_has_been_here","date":1608681600000,"placename":"\u0e18\u0e19\u0e32\u0e04\u0e32\u0e23\u0e01\u0e23\u0e38\u0e07\u0e44\u0e17\u0e22 \u0e2a\u0e32\u0e02\u0e32\u0e19\u0e04\u0e23\u0e0a\u0e31\u0e22\u0e28\u0e23\u0e35","lat":13.802283,"lng":100.184509,"age":0,"gender":"unknown","nationality":"Thai","from":"Thailand","patientstatus":"unknown","note":"\u0e1c\u0e39\u0e49\u0e1b\u0e48\u0e27\u0e22  covid-19 \u0e19\u0e04\u0e23\u0e1b\u0e10\u0e21 \u0e23\u0e32\u0e22\u0e17\u0e35\u0e4822-29","source":"https:\/\/m.facebook.com\/story.php?story_fbid=3200886696679973&id=246608695441136&sfnsn=mo","parentcase":0},{"id":146,"status":"patient_has_been_here","date":1608681600000,"placename":"\u0e2a\u0e19\u0e32\u0e21\u0e1a\u0e34\u0e19\u0e14\u0e2d\u0e19\u0e40\u0e21\u0e37\u0e2d\u0e07","lat":13.91857,"lng":100.601606,"age":0,"gender":"unknown","nationality":"Thai","from":"Thailand","patientstatus":"unknown","note":"\u0e04\u0e2d\u0e19\u0e42\u0e14\u0e22\u0e48\u0e32\u0e19\u0e14\u0e2d\u0e19\u0e40\u0e21\u0e37\u0e2d\u0e07\u0e1e\u0e1a\u0e04\u0e19\u0e15\u0e34\u0e14 \u2018\u0e42\u0e04\u0e27\u0e34\u0e14\u2019 \u0e1d\u0e36\u0e01\u0e07\u0e32\u0e19\u0e2a\u0e19\u0e32\u0e21\u0e1a\u0e34\u0e19-\u0e40\u0e14\u0e34\u0e19\u0e15\u0e25\u0e32\u0e14","source":"https:\/\/www.matichon.co.th\/covid19\/news_2502106","parentcase":0},{"id":147,"status":"patient_has_been_here","date":1608681600000,"placename":"\u0e42\u0e23\u0e07\u0e07\u0e32\u0e19 Big Star","lat":13.6171972,"lng":100.3791504,"age":0,"gender":"unknown","nationality":"Thai","from":"Thailand","patientstatus":"unknown","note":"\u0e01\u0e17\u0e21.\u0e40\u0e01\u0e47\u0e1a\u0e19\u0e49\u0e33\u0e25\u0e32\u0e22\u0e04\u0e19\u0e07\u0e32\u0e19\u0e42\u0e23\u0e07\u0e07\u0e32\u0e19\u0e1a\u0e34\u0e4a\u0e01\u0e2a\u0e15\u0e32\u0e23\u0e4c 200 \u0e04\u0e19 \u0e01\u0e25\u0e38\u0e48\u0e21\u0e40\u0e2a\u0e35\u0e48\u0e22\u0e07\u0e2b\u0e25\u0e31\u0e07\u0e1e\u0e1a 3 \u0e04\u0e19\u0e15\u0e34\u0e14\u0e42\u0e04\u0e27\u0e34\u0e14","source":"https:\/\/www.prachachat.net\/general\/news-582425","parentcase":0},{"id":148,"status":"patient_has_been_here","date":1608681600000,"placename":"\u0e21.\u0e23.\u0e20. \u0e23\u0e33\u0e44\u0e1e\u0e1e\u0e23\u0e23\u0e13\u0e35","lat":12.66469676,"lng":102.1037094,"age":0,"gender":"male","nationality":"Thai","from":"Thailand","patientstatus":"unknown","note":"\u0e1c\u0e39\u0e49\u0e1b\u0e48\u0e27\u0e22\u0e42\u0e04\u0e27\u0e34\u0e14-19 \u0e04\u0e23\u0e39\u0e23\u0e30\u0e22\u0e2d\u0e07\u0e27\u0e34\u0e17\u0e22\u0e32\u0e04\u0e21","source":"https:\/\/thethaiger.com\/th\/news\/396105\/","parentcase":0},{"id":149,"status":"patient_has_been_here","date":1608768000000,"placename":"\u0e2a\u0e32\u0e18\u0e23 \u0e0b\u0e34\u0e15\u0e35\u0e49 \u0e17\u0e32\u0e27\u0e40\u0e27\u0e2d\u0e23\u0e4c","lat":13.721681,"lng":100.53,"age":0,"gender":"unknown","nationality":"Thai","from":"Thailand","patientstatus":"unknown","note":"\u0e1e\u0e19\u0e31\u0e01\u0e07\u0e32\u0e19\u0e2a\u0e32\u0e18\u0e23\u0e0b\u0e34\u0e15\u0e35\u0e49 \u0e17\u0e32\u0e27\u0e40\u0e27\u0e2d\u0e23\u0e4c \u0e15\u0e34\u0e14\u0e42\u0e04\u0e27\u0e34\u0e14","source":"https:\/\/www.matichon.co.th\/covid19\/news_2500693","parentcase":0},{"id":150,"status":"confirmed","date":1608768000000,"placename":"\u0e27\u0e31\u0e14\u0e40\u0e25\u0e48\u0e07\u0e40\u0e19\u0e22\u0e22\u0e35\u0e48 2","lat":13.9134431,"lng":100.4220473,"age":0,"gender":"female","nationality":"Burmese","from":"Thailand","patientstatus":"unknown","note":"\u0e1e\u0e1a 2 \u0e41\u0e21\u0e48\u0e04\u0e23\u0e31\u0e27\u0e0a\u0e32\u0e27\u0e40\u0e21\u0e35\u0e22\u0e19\u0e21\u0e48\u0e32 \u0e17\u0e33\u0e07\u0e32\u0e19\u0e42\u0e23\u0e07\u0e04\u0e23\u0e31\u0e27\u0e27\u0e31\u0e14\u0e40\u0e25\u0e48\u0e07\u0e40\u0e19\u0e48\u0e22\u0e22\u0e35\u0e48 2 \u0e1a\u0e32\u0e07\u0e1a\u0e31\u0e27\u0e17\u0e2d\u0e07 \u0e15\u0e34\u0e14\u0e42\u0e04\u0e27\u0e34\u0e14-19","source":"https:\/\/www.khaosod.co.th\/covid-19\/news_5610412","parentcase":0},{"id":151,"status":"patient_has_been_here","date":1608768000000,"placename":"\u0e28\u0e39\u0e19\u0e22\u0e4c\u0e01\u0e32\u0e23\u0e41\u0e1e\u0e17\u0e22\u0e4c\u0e01\u0e32\u0e0d\u0e08\u0e19\u0e32\u0e20\u0e34\u0e40\u0e29\u0e01 \u0e2d.\u0e1e\u0e38\u0e17\u0e18\u0e21\u0e13\u0e11\u0e25","lat":13.786588,"lng":100.321233,"age":0,"gender":"unknown","nationality":"Thai","from":"Thailand","patientstatus":"unknown","note":"\u0e1c\u0e39\u0e49\u0e1b\u0e48\u0e27\u0e22  covid-19 \u0e19\u0e04\u0e23\u0e1b\u0e10\u0e21 \u0e23\u0e32\u0e22\u0e17\u0e35\u0e4822-29","source":"https:\/\/m.facebook.com\/story.php?story_fbid=3200886696679973&id=246608695441136&sfnsn=mo","parentcase":0},{"id":152,"status":"patient_has_been_here","date":1608768000000,"placename":"\u0e15\u0e25\u0e32\u0e14\u0e17\u0e48\u0e32\u0e02\u0e49\u0e32\u0e21","lat":13.65357633,"lng":100.4481482,"age":0,"gender":"unknown","nationality":"Thai","from":"Thailand","patientstatus":"unknown","note":"\u0e1c\u0e39\u0e49\u0e1b\u0e48\u0e27\u0e22\u0e42\u0e04\u0e27\u0e34\u0e14-19 \u0e08\u0e31\u0e07\u0e2b\u0e27\u0e31\u0e14\u0e19\u0e04\u0e23\u0e1b\u0e10\u0e21 \u0e23\u0e32\u0e22\u0e17\u0e35\u0e4838-53","source":"https:\/\/www.bangkokbiznews.com\/news\/detail\/914766","parentcase":0},{"id":153,"status":"patient_has_been_here","date":1608768000000,"placename":"\u0e15\u0e25\u0e32\u0e14\u0e1b\u0e10\u0e21\u0e21\u0e07\u0e04\u0e25","lat":13.81456113,"lng":100.0630594,"age":0,"gender":"unknown","nationality":"Thai","from":"Thailand","patientstatus":"unknown","note":"\u0e1c\u0e39\u0e49\u0e1b\u0e48\u0e27\u0e22\u0e42\u0e04\u0e27\u0e34\u0e14-19 \u0e08\u0e31\u0e07\u0e2b\u0e27\u0e31\u0e14\u0e19\u0e04\u0e23\u0e1b\u0e10\u0e21 \u0e23\u0e32\u0e22\u0e17\u0e35\u0e4838-53","source":"https:\/\/www.bangkokbiznews.com\/news\/detail\/914766","parentcase":0},{"id":154,"status":"patient_has_been_here","date":1608768000000,"placename":"Golden Golf and Sport Club","lat":12.68783188,"lng":101.2114545,"age":0,"gender":"male","nationality":"Thai","from":"Thailand","patientstatus":"unknown","note":"\u0e1c\u0e39\u0e49\u0e1b\u0e48\u0e27\u0e22\u0e42\u0e04\u0e27\u0e34\u0e14-19 \u0e04\u0e23\u0e39\u0e23\u0e30\u0e22\u0e2d\u0e07\u0e27\u0e34\u0e17\u0e22\u0e32\u0e04\u0e21","source":"https:\/\/thethaiger.com\/th\/news\/396105\/","parentcase":0},{"id":155,"status":"patient_has_been_here","date":1608768000000,"placename":"\u0e2a\u0e35\u0e48\u0e41\u0e22\u0e01\u0e1a\u0e32\u0e07\u0e19\u0e32","lat":13.67342423,"lng":100.6069256,"age":0,"gender":"unknown","nationality":"Thai","from":"Thailand","patientstatus":"unknown","note":"\u0e01\u0e17\u0e21.\u0e40\u0e1b\u0e34\u0e14\u0e44\u0e17\u0e21\u0e4c\u0e44\u0e25\u0e19\u0e4c 17 \u0e1c\u0e39\u0e49\u0e15\u0e34\u0e14\u0e40\u0e0a\u0e37\u0e49\u0e2d '\u0e42\u0e04\u0e27\u0e34\u0e14' \u0e23\u0e32\u0e22\u0e43\u0e2b\u0e21\u0e48 \u0e40\u0e1b\u0e47\u0e19\u0e23\u0e32\u0e22\u0e17\u0e35\u0e48 58-74","source":"https:\/\/www.dailynews.co.th\/regional\/815860?fbclid=IwAR3PpSq-k4gEnCMnvk_ZSa14-a7-sRcbK55EljOEMDm-7Ze-6SmVJNFfAuU","parentcase":0},{"id":156,"status":"patient_has_been_here","date":1608768000000,"placename":"\u0e1a\u0e34\u0e4a\u0e01\u0e0b\u0e35 \u0e1a\u0e32\u0e07\u0e19\u0e32","lat":13.6680206,"lng":100.6354649,"age":0,"gender":"unknown","nationality":"Thai","from":"Thailand","patientstatus":"unknown","note":"\u0e01\u0e17\u0e21.\u0e40\u0e1b\u0e34\u0e14\u0e44\u0e17\u0e21\u0e4c\u0e44\u0e25\u0e19\u0e4c 17 \u0e1c\u0e39\u0e49\u0e15\u0e34\u0e14\u0e40\u0e0a\u0e37\u0e49\u0e2d '\u0e42\u0e04\u0e27\u0e34\u0e14' \u0e23\u0e32\u0e22\u0e43\u0e2b\u0e21\u0e48 \u0e40\u0e1b\u0e47\u0e19\u0e23\u0e32\u0e22\u0e17\u0e35\u0e48 58-74","source":"https:\/\/www.dailynews.co.th\/regional\/815860?fbclid=IwAR3PpSq-k4gEnCMnvk_ZSa14-a7-sRcbK55EljOEMDm-7Ze-6SmVJNFfAuU","parentcase":0},{"id":157,"status":"patient_has_been_here","date":1608854400000,"placename":"JW Condo @Donmuang\u00a0","lat":13.924252,"lng":100.597945,"age":0,"gender":"unknown","nationality":"Thai","from":"Thailand","patientstatus":"unknown","note":"\u0e04\u0e2d\u0e19\u0e42\u0e14\u0e22\u0e48\u0e32\u0e19\u0e14\u0e2d\u0e19\u0e40\u0e21\u0e37\u0e2d\u0e07\u0e1e\u0e1a\u0e04\u0e19\u0e15\u0e34\u0e14 \u2018\u0e42\u0e04\u0e27\u0e34\u0e14\u2019 \u0e1d\u0e36\u0e01\u0e07\u0e32\u0e19\u0e2a\u0e19\u0e32\u0e21\u0e1a\u0e34\u0e19-\u0e40\u0e14\u0e34\u0e19\u0e15\u0e25\u0e32\u0e14","source":"https:\/\/www.matichon.co.th\/covid19\/news_2502106","parentcase":0},{"id":158,"status":"patient_has_been_here","date":1608854400000,"placename":"\u0e0b\u0e34\u0e2a\u0e40\u0e25\u0e2d\u0e23\u0e4c \u0e40\u0e0b\u0e47\u0e19\u0e17\u0e23\u0e31\u0e25\u0e23\u0e30\u0e22\u0e2d\u0e07","lat":12.69670286,"lng":101.2683573,"age":0,"gender":"male","nationality":"Thai","from":"Thailand","patientstatus":"unknown","note":"\u0e1c\u0e39\u0e49\u0e1b\u0e48\u0e27\u0e22\u0e42\u0e04\u0e27\u0e34\u0e14-19 \u0e04\u0e23\u0e39\u0e23\u0e30\u0e22\u0e2d\u0e07\u0e27\u0e34\u0e17\u0e22\u0e32\u0e04\u0e21","source":"https:\/\/thethaiger.com\/th\/news\/396105\/","parentcase":0},{"id":159,"status":"patient_has_been_here","date":1608854400000,"placename":"TOPS \u0e40\u0e0b\u0e47\u0e19\u0e17\u0e23\u0e31\u0e25\u0e23\u0e30\u0e22\u0e2d\u0e07","lat":12.69574994,"lng":101.2674706,"age":0,"gender":"male","nationality":"Thai","from":"Thailand","patientstatus":"unknown","note":"\u0e1c\u0e39\u0e49\u0e1b\u0e48\u0e27\u0e22\u0e42\u0e04\u0e27\u0e34\u0e14-19 \u0e04\u0e23\u0e39\u0e23\u0e30\u0e22\u0e2d\u0e07\u0e27\u0e34\u0e17\u0e22\u0e32\u0e04\u0e21","source":"https:\/\/thethaiger.com\/th\/news\/396105\/","parentcase":0},{"id":160,"status":"sanitized","date":1608940800000,"placename":"\u0e17\u0e33\u0e40\u0e19\u0e35\u0e22\u0e1a\u0e23\u0e31\u0e10\u0e1a\u0e32\u0e25","lat":13.7636001,"lng":100.5114624,"age":0,"gender":0,"nationality":0,"from":0,"patientstatus":"unknown","note":"\u0e1c\u0e25\u0e15\u0e23\u0e27\u0e08\u0e0b\u0e49\u0e33\u0e40\u0e08\u0e49\u0e32\u0e2b\u0e19\u0e49\u0e32\u0e17\u0e35\u0e48\u0e43\u0e19\u0e17\u0e33\u0e40\u0e19\u0e35\u0e22\u0e1a\u0e23\u0e31\u0e10\u0e1a\u0e32\u0e25 6 \u0e23\u0e32\u0e22 \u0e44\u0e21\u0e48\u0e1e\u0e1a\u0e40\u0e0a\u0e37\u0e49\u0e2d \u0e41\u0e25\u0e30\u0e44\u0e14\u0e49\u0e21\u0e35\u0e01\u0e32\u0e23\u0e17\u0e33\u0e04\u0e27\u0e32\u0e21\u0e2a\u0e30\u0e2d\u0e32\u0e14\u0e1e\u0e48\u0e19\u0e06\u0e48\u0e32\u0e40\u0e0a\u0e37\u0e49\u0e2d\u0e43\u0e19\u0e17\u0e33\u0e40\u0e19\u0e35\u0e22\u0e1a\u0e23\u0e31\u0e10\u0e1a\u0e32\u0e25\u0e40\u0e23\u0e35\u0e22\u0e1a\u0e23\u0e49\u0e2d\u0e22\u0e41\u0e25\u0e49\u0e27","source":"https:\/\/www.thairath.co.th\/news\/politic\/2001897","parentcase":0},{"id":161,"status":"confirmed","date":1608940800000,"placename":"\u0e23\u0e49\u0e32\u0e19\u0e19\u0e34\u0e15\u0e22\u0e32\u0e44\u0e01\u0e48\u0e22\u0e48\u0e32\u0e07","lat":13.734066,"lng":100.5278354,"age":0,"gender":0,"nationality":0,"from":0,"patientstatus":0,"note":"\u0e1b\u0e34\u0e14 \u201c\u0e19\u0e34\u0e15\u0e22\u0e32\u0e44\u0e01\u0e48\u0e22\u0e48\u0e32\u0e07\u201d 3 \u0e27\u0e31\u0e19 \u0e43\u0e19\u0e2a\u0e32\u0e21\u0e22\u0e48\u0e32\u0e19\u0e21\u0e34\u0e15\u0e23\u0e17\u0e32\u0e27\u0e19\u0e4c \u0e2b\u0e25\u0e31\u0e07\u0e1e\u0e1a\u0e1c\u0e39\u0e49\u0e15\u0e34\u0e14\u0e42\u0e04\u0e27\u0e34\u0e14\u0e43\u0e0a\u0e49\u0e1a\u0e23\u0e34\u0e01\u0e32\u0e23","source":"https:\/\/www.prachachat.net\/marketing\/news-582754","parentcase":0},{"id":162,"status":"unspecified_location","date":1608940800000,"placename":"\u0e1a\u0e48\u0e2d\u0e19\u0e43\u0e19 \u0e2d.\u0e40\u0e21\u0e37\u0e2d\u0e07\u0e23\u0e30\u0e22\u0e2d\u0e07 \u0e41\u0e25\u0e30 \u0e21\u0e32\u0e1a\u0e15\u0e32\u0e1e\u0e38\u0e14","lat":12.6483736,"lng":101.2273679,"age":0,"gender":0,"nationality":0,"from":0,"patientstatus":0,"note":"\u0e23\u0e30\u0e22\u0e2d\u0e07\u0e1e\u0e1a\u0e15\u0e34\u0e14\u0e40\u0e0a\u0e37\u0e49\u0e2d\u0e42\u0e04\u0e27\u0e34\u0e14\u0e40\u0e1e\u0e34\u0e48\u0e21 37 \u0e23\u0e32\u0e22 \u0e08\u0e32\u0e01\u0e1a\u0e48\u0e2d\u0e19\u0e1e\u0e19\u0e31\u0e19\u0e43\u0e19\u0e2d.\u0e40\u0e21\u0e37\u0e2d\u0e07\u0e23\u0e30\u0e22\u0e2d\u0e07 \u0e41\u0e25\u0e30\u0e21\u0e32\u0e1a\u0e15\u0e32\u0e1e\u0e38\u0e14","source":"https:\/\/www.prachachat.net\/general\/news-582764","parentcase":0},{"id":163,"status":"patient_has_been_here","date":1608940800000,"placename":"\u0e40\u0e0b\u0e47\u0e19\u0e17\u0e23\u0e31\u0e25\u0e23\u0e30\u0e22\u0e2d\u0e07","lat":12.69691038,"lng":101.268451,"age":0,"gender":"male","nationality":"Thai","from":"Thailand","patientstatus":"unknown","note":"\u0e1c\u0e39\u0e49\u0e1b\u0e48\u0e27\u0e22\u0e42\u0e04\u0e27\u0e34\u0e14-19 \u0e04\u0e23\u0e39\u0e23\u0e30\u0e22\u0e2d\u0e07\u0e27\u0e34\u0e17\u0e22\u0e32\u0e04\u0e21","source":"https:\/\/thethaiger.com\/th\/news\/396105\/","parentcase":0},{"id":164,"status":"patient_has_been_here","date":1608940800000,"placename":"\u0e42\u0e23\u0e07\u0e40\u0e23\u0e35\u0e22\u0e19 \u0e23\u0e30\u0e22\u0e2d\u0e07\u0e27\u0e34\u0e17\u0e22\u0e32\u0e04\u0e21","lat":12.66695256,"lng":101.2738756,"age":0,"gender":"male","nationality":"Thai","from":"Thailand","patientstatus":"unknown","note":"\u0e1c\u0e39\u0e49\u0e1b\u0e48\u0e27\u0e22\u0e42\u0e04\u0e27\u0e34\u0e14-19 \u0e04\u0e23\u0e39\u0e23\u0e30\u0e22\u0e2d\u0e07\u0e27\u0e34\u0e17\u0e22\u0e32\u0e04\u0e21","source":"https:\/\/thethaiger.com\/th\/news\/396105\/","parentcase":0},{"id":165,"status":"unspecified_location","date":1609027200000,"placename":"\u0e2a\u0e16\u0e32\u0e19\u0e17\u0e35\u0e48\u0e25\u0e31\u0e01\u0e25\u0e2d\u0e1a\u0e40\u0e25\u0e48\u0e19\u0e01\u0e32\u0e23\u0e1e\u0e19\u0e31\u0e19 \u0e1a\u0e02\u0e2a. \u0e2d.\u0e40\u0e21\u0e37\u0e2d\u0e07 \u0e08.\u0e23\u0e30\u0e22\u0e2d\u0e07","lat":12.6844183,"lng":101.2742991,"age":0,"gender":0,"nationality":0,"from":0,"patientstatus":"unknown","note":"\u0e2a\u0e32\u0e18\u0e32\u0e23\u0e13\u0e2a\u0e38\u0e02\u0e08\u0e31\u0e07\u0e2b\u0e27\u0e31\u0e14\u0e0a\u0e25\u0e1a\u0e38\u0e23\u0e35\u0e41\u0e09\u0e1e\u0e37\u0e49\u0e19\u0e17\u0e35\u0e48\u0e1a\u0e48\u0e2d\u0e19\u0e1e\u0e19\u0e31\u0e19 \u0e40\u0e0a\u0e37\u0e48\u0e2d\u0e21\u0e23\u0e30\u0e22\u0e2d\u0e07 \u0e40\u0e1b\u0e34\u0e14 3 \u0e1a\u0e48\u0e2d\u0e19\u0e08\u0e38\u0e14\u0e40\u0e2a\u0e35\u0e48\u0e22\u0e07\u0e41\u0e1e\u0e23\u0e48\u0e40\u0e0a\u0e37\u0e49\u0e2d\u0e42\u0e04\u0e27\u0e34\u0e14\u0e1e\u0e38\u0e48\u0e07","source":"https:\/\/www.prachachat.net\/general\/news-582966","parentcase":0},{"id":166,"status":"unspecified_location","date":1609027200000,"placename":"\u0e2a\u0e16\u0e32\u0e19\u0e17\u0e35\u0e48\u0e25\u0e31\u0e01\u0e25\u0e2d\u0e1a\u0e40\u0e25\u0e48\u0e19\u0e01\u0e32\u0e23\u0e1e\u0e19\u0e31\u0e19\u0e2b\u0e25\u0e31\u0e07 \u0e23\u0e49\u0e32\u0e19\u0e19\u0e33\u0e0a\u0e31\u0e22 \u0e1e\u0e31\u0e17\u0e22\u0e32\u0e40\u0e2b\u0e19\u0e37\u0e2d \u0e2d\u0e33\u0e40\u0e20\u0e2d\u0e1a\u0e32\u0e07\u0e25\u0e30\u0e21\u0e38\u0e07 \u0e08\u0e31\u0e07\u0e2b\u0e27\u0e31\u0e14\u0e0a\u0e25\u0e1a\u0e38\u0e23\u0e35","lat":12.9730033,"lng":100.9029061,"age":0,"gender":0,"nationality":0,"from":0,"patientstatus":"unknown","note":"\u0e2a\u0e32\u0e18\u0e32\u0e23\u0e13\u0e2a\u0e38\u0e02\u0e08\u0e31\u0e07\u0e2b\u0e27\u0e31\u0e14\u0e0a\u0e25\u0e1a\u0e38\u0e23\u0e35\u0e41\u0e09\u0e1e\u0e37\u0e49\u0e19\u0e17\u0e35\u0e48\u0e1a\u0e48\u0e2d\u0e19\u0e1e\u0e19\u0e31\u0e19 \u0e40\u0e0a\u0e37\u0e48\u0e2d\u0e21\u0e23\u0e30\u0e22\u0e2d\u0e07 \u0e40\u0e1b\u0e34\u0e14 3 \u0e1a\u0e48\u0e2d\u0e19\u0e08\u0e38\u0e14\u0e40\u0e2a\u0e35\u0e48\u0e22\u0e07\u0e41\u0e1e\u0e23\u0e48\u0e40\u0e0a\u0e37\u0e49\u0e2d\u0e42\u0e04\u0e27\u0e34\u0e14\u0e1e\u0e38\u0e48\u0e07","source":"https:\/\/www.prachachat.net\/general\/news-582966","parentcase":0},{"id":167,"status":"patient_has_been_here","date":1609027200000,"placename":"\u0e23\u0e31\u0e10\u0e2a\u0e20\u0e32","lat":13.7946069,"lng":100.5161808,"age":0,"gender":0,"nationality":0,"from":0,"patientstatus":"unknown","note":"\u0e1c\u0e25\u0e01\u0e32\u0e23\u0e15\u0e23\u0e27\u0e08\u0e2d\u0e2d\u0e01\u0e21\u0e32\u0e22\u0e37\u0e19\u0e22\u0e31\u0e19\u0e41\u0e25\u0e49\u0e27\u0e27\u0e48\u0e32 \u0e0a\u0e32\u0e22\u0e17\u0e35\u0e48\u0e40\u0e02\u0e49\u0e32\u0e23\u0e48\u0e27\u0e21\u0e1b\u0e23\u0e30\u0e0a\u0e38\u0e21\u0e2d\u0e19\u0e38\u0e01\u0e23\u0e23\u0e21\u0e32\u0e18\u0e34\u0e01\u0e32\u0e23\u0e2f \u0e1e\u0e19\u0e31\u0e19\u0e2d\u0e2d\u0e19\u0e44\u0e25\u0e19\u0e4c\u0e43\u0e19\u0e2a\u0e20\u0e32 \u0e15\u0e34\u0e14\u0e42\u0e04\u0e27\u0e34\u0e14-19","source":"https:\/\/www.matichon.co.th\/politics\/news_2503046","parentcase":0},{"id":168,"status":"patient_has_been_here","date":1609027200000,"placename":"\u0e23\u0e49\u0e32\u0e19\u0e17\u0e48\u0e32\u0e40\u0e23\u0e37\u0e2d\u0e20\u0e31\u0e15\u0e15\u0e32\u0e04\u0e32\u0e23 \u0e21\u0e2b\u0e32\u0e0a\u0e31\u0e22","lat":13.54448567,"lng":100.2752027,"age":0,"gender":"male","nationality":"Thai","from":"Thailand","patientstatus":"unknown","note":"\u0e1c\u0e39\u0e49\u0e27\u0e48\u0e32\u0e2f \u0e2a\u0e21\u0e38\u0e17\u0e23\u0e2a\u0e32\u0e04\u0e23 \u0e1e\u0e32 \u0e23\u0e21\u0e15.\u0e2a\u0e32\u0e18\u0e32\u0e23\u0e13\u0e30\u0e2a\u0e38\u0e02 \u0e15\u0e23\u0e27\u0e08\u0e15\u0e25\u0e32\u0e14\u0e01\u0e25\u0e32\u0e07\u0e01\u0e38\u0e49\u0e07 \u0e01\u0e48\u0e2d\u0e19\u0e15\u0e34\u0e14\u0e42\u0e04\u0e27\u0e34\u0e14 1 \u0e27\u0e31\u0e19","source":"https:\/\/www.prachachat.net\/general\/news-583401","parentcase":0},{"id":169,"status":"patient_has_been_here","date":1609113600000,"placename":"\u0e2d\u0e32\u0e04\u0e32\u0e23\u0e19\u0e32\u0e19\u0e21\u0e35\u0e1a\u0e38\u0e4a\u0e04\u0e2a\u0e4c \u0e2a\u0e38\u0e02\u0e38\u0e21\u0e27\u0e34\u0e1731","lat":13.73545544,"lng":100.5661584,"age":0,"gender":"unknown","nationality":"Thai","from":"Thailand","patientstatus":"unknown","note":"\u0e19\u0e32\u0e19\u0e21\u0e35\u0e1a\u0e38\u0e4a\u0e04\u0e2a\u0e4c \u0e1e\u0e19\u0e07.\u0e15\u0e34\u0e14\u0e42\u0e04\u0e27\u0e34\u0e14 \u0e41\u0e08\u0e49\u0e07\u0e1c\u0e39\u0e49\u0e15\u0e34\u0e14\u0e15\u0e48\u0e2d \u0e40\u0e1d\u0e49\u0e32\u0e23\u0e30\u0e27\u0e31\u0e07-\u0e2a\u0e31\u0e07\u0e40\u0e01\u0e15\u0e2d\u0e32\u0e01\u0e32\u0e23","source":"https:\/\/www.prachachat.net\/general\/news-585006","parentcase":0},{"id":170,"status":"unspecified_location","date":1609200000000,"placename":"\u0e15\u0e39\u0e49\u0e21\u0e27\u0e22\u0e40\u0e17\u0e1e\u0e1b\u0e23\u0e30\u0e2a\u0e34\u0e17\u0e18\u0e34\u0e4c \u0e1a\u0e32\u0e07\u0e25\u0e30\u0e21\u0e38\u0e07","lat":12.9098775,"lng":100.891563,"age":0,"gender":"unknown","nationality":"Thai","from":"Thailand","patientstatus":"unknown","note":"\u0e02\u0e2d\u0e43\u0e2b\u0e49\u0e1c\u0e39\u0e49\u0e17\u0e35\u0e48\u0e21\u0e32\u0e17\u0e35\u0e48\u0e19\u0e35\u0e48\u0e15\u0e31\u0e49\u0e07\u0e41\u0e15\u0e48\u0e27\u0e31\u0e19\u0e17\u0e35\u0e48 1 \u0e18.\u0e04. \u0e40\u0e1d\u0e49\u0e32\u0e23\u0e30\u0e27\u0e31\u0e07 \u0e2a\u0e31\u0e07\u0e40\u0e01\u0e15\u0e2d\u0e32\u0e01\u0e32\u0e23","source":"https:\/\/www.facebook.com\/318251788326658\/photos\/a.319526161532554\/1902163179935503\/?type=3","parentcase":0},{"id":171,"status":"unspecified_location","date":1609200000000,"placename":"\u0e15\u0e39\u0e49\u0e21\u0e27\u0e22\u0e1d\u0e19\u0e08\u0e32\u0e07\u0e19\u0e32\u0e07\u0e2b\u0e32\u0e22 \u0e16\u0e19\u0e19\u0e1e\u0e23\u0e30\u0e22\u0e32\u0e2a\u0e31\u0e08\u0e08\u0e32","lat":13.3535702,"lng":100.9765439,"age":0,"gender":0,"nationality":0,"from":0,"patientstatus":"unknown","note":"\u0e1c\u0e39\u0e49\u0e43\u0e14\u0e40\u0e14\u0e34\u0e19\u0e17\u0e32\u0e07\u0e21\u0e32\u0e17\u0e35\u0e48\u0e19\u0e35\u0e48\u0e15\u0e31\u0e49\u0e07\u0e41\u0e15\u0e48\u0e27\u0e31\u0e19\u0e17\u0e35\u0e48 15 \u0e18.\u0e04. \u0e02\u0e2d\u0e43\u0e2b\u0e49\u0e40\u0e1d\u0e49\u0e32\u0e23\u0e30\u0e27\u0e31\u0e07 \u0e2a\u0e31\u0e07\u0e40\u0e01\u0e15\u0e2d\u0e32\u0e01\u0e32\u0e23","source":"https:\/\/www.facebook.com\/318251788326658\/photos\/a.319526161532554\/1902105926607895\/?type=3","parentcase":0},{"id":172,"status":"confirmed","date":1609200000000,"placename":"Bone (night club)","lat":12.948902,"lng":100.891292,"age":0,"gender":0,"nationality":0,"from":0,"patientstatus":"unknown","note":"\u0e1c\u0e39\u0e49\u0e43\u0e14\u0e40\u0e14\u0e34\u0e19\u0e17\u0e32\u0e07\u0e21\u0e32\u0e17\u0e35\u0e48\u0e19\u0e35\u0e48\u0e15\u0e31\u0e49\u0e07\u0e41\u0e15\u0e48\u0e27\u0e31\u0e19\u0e17\u0e35\u0e48 5 \u0e18.\u0e04. \u0e02\u0e2d\u0e43\u0e2b\u0e49\u0e40\u0e1d\u0e49\u0e32\u0e23\u0e30\u0e27\u0e31\u0e07 \u0e2a\u0e31\u0e07\u0e40\u0e01\u0e15\u0e2d\u0e32\u0e01\u0e32\u0e23","source":"https:\/\/www.facebook.com\/318251788326658\/photos\/a.319526161532554\/1902163179935503\/?type=3","parentcase":0},{"id":173,"status":"unspecified_location","date":1609200000000,"placename":"\u0e1a\u0e48\u0e2d\u0e19\u0e40\u0e19\u0e34\u0e19\u0e2a\u0e39\u0e07 \u0e2d.\u0e17\u0e48\u0e32\u0e43\u0e2b\u0e21\u0e48 \u0e08.\u0e08\u0e31\u0e19\u0e17\u0e1a\u0e38\u0e23\u0e35","lat":12.6495877,"lng":102.0329425,"age":0,"gender":0,"nationality":0,"from":0,"patientstatus":"unknown","note":"\u0e1c\u0e39\u0e49\u0e1b\u0e48\u0e27\u0e22\u0e42\u0e04\u0e27\u0e34\u0e14-19 \u0e17\u0e48\u0e32\u0e19\u0e2b\u0e19\u0e36\u0e48\u0e07\u0e44\u0e1b\u0e1a\u0e48\u0e2d\u0e19\u0e17\u0e38\u0e01\u0e27\u0e31\u0e19\u0e15\u0e31\u0e49\u0e07\u0e41\u0e15\u0e48 19-25 \u0e18.\u0e04. ","source":"https:\/\/m.facebook.com\/1683658098593742\/posts\/2643302882629254\/?d=n","parentcase":0},{"id":174,"status":"unspecified_location","date":1609200000000,"placename":"\u0e1a\u0e48\u0e2d\u0e19\u0e41\u0e2a\u0e19\u0e15\u0e38\u0e49\u0e07 \u0e2d.\u0e40\u0e02\u0e32\u0e2a\u0e21\u0e34\u0e07 \u0e08.\u0e15\u0e23\u0e32\u0e14","lat":12.3757564,"lng":102.3818628,"age":0,"gender":0,"nationality":0,"from":0,"patientstatus":"unknown","note":"\u0e1c\u0e39\u0e49\u0e1b\u0e48\u0e27\u0e22\u0e42\u0e04\u0e27\u0e34\u0e14-19 \u0e17\u0e48\u0e32\u0e19\u0e2b\u0e19\u0e36\u0e48\u0e07\u0e44\u0e1b\u0e1a\u0e48\u0e2d\u0e19\u0e19\u0e35\u0e49\u0e27\u0e31\u0e19\u0e17\u0e35\u0e48 18 \u0e18.\u0e04. ","source":"https:\/\/m.facebook.com\/1683658098593742\/posts\/2643302882629254\/?d=n","parentcase":0},{"id":175,"status":"unspecified_location","date":1609200000000,"placename":"\u0e1a\u0e48\u0e2d\u0e19\u0e2b\u0e19\u0e2d\u0e07\u0e2a\u0e35\u0e07\u0e32 \u0e2d.\u0e19\u0e32\u0e07\u0e32\u0e22\u0e2d\u0e32\u0e21 \u0e08.\u0e08\u0e31\u0e19\u0e17\u0e1a\u0e38\u0e23\u0e35","lat":12.7246169,"lng":101.9362794,"age":0,"gender":0,"nationality":0,"from":0,"patientstatus":"unknown","note":"\u0e1c\u0e39\u0e49\u0e1b\u0e48\u0e27\u0e22\u0e42\u0e04\u0e27\u0e34\u0e14-19 \u0e17\u0e48\u0e32\u0e19\u0e2b\u0e19\u0e36\u0e48\u0e07\u0e44\u0e1b\u0e1a\u0e48\u0e2d\u0e19\u0e19\u0e35\u0e49\u0e27\u0e31\u0e19\u0e17\u0e35\u0e48 19 \u0e18.\u0e04. ","source":"https:\/\/m.facebook.com\/1683658098593742\/posts\/2643302882629254\/?d=n","parentcase":0},{"id":176,"status":"confirmed","date":1609200000000,"placename":"\u0e23\u0e49\u0e32\u0e19\u0e19\u0e49\u0e2d\u0e07\u0e43\u0e2b\u0e21\u0e48 \u0e1e\u0e25\u0e32\u0e0b\u0e48\u0e32","lat":13.772986,"lng":100.4855148,"age":0,"gender":0,"nationality":0,"from":0,"patientstatus":"unknown","note":"\u0e1e\u0e1a\u0e01\u0e32\u0e23\u0e23\u0e30\u0e1a\u0e32\u0e14\u0e43\u0e19\u0e2b\u0e21\u0e39\u0e48\u0e19\u0e31\u0e01\u0e40\u0e17\u0e35\u0e48\u0e22\u0e27\u0e2a\u0e16\u0e32\u0e19\u0e1a\u0e31\u0e19\u0e40\u0e17\u0e34\u0e07","source":"https:\/\/www.facebook.com\/697561723\/posts\/10157849125566724\/?d=n","parentcase":0}]