[{"id":105,"status":"patient_has_been_here","date":1611273600000,"placename":"\u0e40\u0e21\u0e40\u0e08\u0e2d\u0e23\u0e4c\u0e23\u0e31\u0e0a\u0e42\u0e22\u0e18\u0e34\u0e19 ","lat":13.82881268,"lng":100.5686601,"age":0,"gender":0,"nationality":0,"from":0,"patientstatus":0,"note":" \u0e01\u0e17\u0e21.\u0e40\u0e1b\u0e34\u0e14\u0e44\u0e17\u0e21\u0e4c\u0e44\u0e25\u0e19\u0e4c \u0e1c\u0e39\u0e49\u0e1b\u0e48\u0e27\u0e22\u0e42\u0e04\u0e27\u0e34\u0e14  \u0e1b\u0e23\u0e30\u0e08\u0e33\u0e27\u0e31\u0e19\u0e17\u0e35\u0e48  27 \u0e21\u0e04.","source":"https:\/\/web.facebook.com\/earthpongsakornk\/posts\/452138166196084","parentcase":0},{"id":106,"status":"patient_has_been_here","date":1611273600000,"placename":"starbuck \u0e04\u0e23\u0e34\u0e2a\u0e15\u0e31\u0e25\u0e1b\u0e32\u0e23\u0e4c\u0e04 \u0e25\u0e32\u0e14\u0e1e\u0e23\u0e49\u0e32\u0e27","lat":13.81119997,"lng":100.6188895,"age":0,"gender":0,"nationality":0,"from":0,"patientstatus":0,"note":" \u0e01\u0e17\u0e21.\u0e40\u0e1b\u0e34\u0e14\u0e44\u0e17\u0e21\u0e4c\u0e44\u0e25\u0e19\u0e4c \u0e1c\u0e39\u0e49\u0e1b\u0e48\u0e27\u0e22\u0e42\u0e04\u0e27\u0e34\u0e14  \u0e1b\u0e23\u0e30\u0e08\u0e33\u0e27\u0e31\u0e19\u0e17\u0e35\u0e48  27 \u0e21\u0e04.","source":"https:\/\/web.facebook.com\/earthpongsakornk\/posts\/452138166196084","parentcase":0},{"id":107,"status":"patient_has_been_here","date":1611273600000,"placename":"FYI \u0e16\u0e19\u0e19 \u0e1e\u0e23\u0e30\u0e23\u0e32\u0e21 4","lat":13.72039971,"lng":100.5600857,"age":0,"gender":0,"nationality":0,"from":0,"patientstatus":0,"note":" \u0e01\u0e17\u0e21.\u0e40\u0e1b\u0e34\u0e14\u0e44\u0e17\u0e21\u0e4c\u0e44\u0e25\u0e19\u0e4c \u0e1c\u0e39\u0e49\u0e1b\u0e48\u0e27\u0e22\u0e42\u0e04\u0e27\u0e34\u0e14  \u0e1b\u0e23\u0e30\u0e08\u0e33\u0e27\u0e31\u0e19\u0e17\u0e35\u0e48  28 \u0e21\u0e04.","source":"https:\/\/web.facebook.com\/earthpongsakornk\/posts\/452956482780919","parentcase":0},{"id":108,"status":"patient_has_been_here","date":1611273600000,"placename":"\u0e28\u0e32\u0e25 \u0e08\u0e31\u0e07\u0e2b\u0e27\u0e31\u0e14 \u0e19\u0e19\u0e17\u0e1a\u0e38\u0e23\u0e35","lat":13.8622826,"lng":100.5170775,"age":0,"gender":0,"nationality":0,"from":0,"patientstatus":0,"note":" \u0e01\u0e17\u0e21.\u0e40\u0e1b\u0e34\u0e14\u0e44\u0e17\u0e21\u0e4c\u0e44\u0e25\u0e19\u0e4c \u0e1c\u0e39\u0e49\u0e1b\u0e48\u0e27\u0e22\u0e42\u0e04\u0e27\u0e34\u0e14  \u0e1b\u0e23\u0e30\u0e08\u0e33\u0e27\u0e31\u0e19\u0e17\u0e35\u0e48  30 \u0e21\u0e04.","source":"https:\/\/www.facebook.com\/earthpongsakornk\/posts\/454073426002558","parentcase":0},{"id":109,"status":"patient_has_been_here","date":1611273600000,"placename":"\u0e28\u0e32\u0e25\u0e2d\u0e32\u0e0d\u0e32\u0e23\u0e31\u0e0a\u0e14\u0e32","lat":13.816256,"lng":100.5749585,"age":0,"gender":0,"nationality":0,"from":0,"patientstatus":0,"note":" \u0e01\u0e17\u0e21.\u0e40\u0e1b\u0e34\u0e14\u0e44\u0e17\u0e21\u0e4c\u0e44\u0e25\u0e19\u0e4c \u0e1c\u0e39\u0e49\u0e1b\u0e48\u0e27\u0e22\u0e42\u0e04\u0e27\u0e34\u0e14  \u0e1b\u0e23\u0e30\u0e08\u0e33\u0e27\u0e31\u0e19\u0e17\u0e35\u0e48  30 \u0e21\u0e04.","source":"https:\/\/www.facebook.com\/earthpongsakornk\/posts\/454073426002558","parentcase":0},{"id":110,"status":"patient_has_been_here","date":1611273600000,"placename":"\u0e23\u0e49\u0e32\u0e19\u0e1e\u0e27\u0e07\u0e42\u0e20\u0e0a\u0e19\u0e32","lat":0.0,"lng":0.0,"age":0,"gender":0,"nationality":0,"from":0,"patientstatus":0,"note":" \u0e01\u0e17\u0e21.\u0e40\u0e1b\u0e34\u0e14\u0e44\u0e17\u0e21\u0e4c\u0e44\u0e25\u0e19\u0e4c \u0e1c\u0e39\u0e49\u0e1b\u0e48\u0e27\u0e22\u0e42\u0e04\u0e27\u0e34\u0e14  \u0e1b\u0e23\u0e30\u0e08\u0e33\u0e27\u0e31\u0e19\u0e17\u0e35\u0e48  30 \u0e21\u0e04.","source":"https:\/\/www.facebook.com\/earthpongsakornk\/posts\/454073426002558","parentcase":0},{"id":111,"status":"patient_has_been_here","date":1611273600000,"placename":"Bar B Q Plaza \u0e40\u0e14\u0e2d\u0e30\u0e21\u0e2d\u0e25\u0e25\u0e4c \u0e17\u0e48\u0e32\u0e1e\u0e23\u0e30","lat":13.71297441,"lng":100.4793263,"age":0,"gender":0,"nationality":0,"from":0,"patientstatus":0,"note":" \u0e01\u0e17\u0e21.\u0e40\u0e1b\u0e34\u0e14\u0e44\u0e17\u0e21\u0e4c\u0e44\u0e25\u0e19\u0e4c \u0e1c\u0e39\u0e49\u0e1b\u0e48\u0e27\u0e22\u0e42\u0e04\u0e27\u0e34\u0e14  \u0e1b\u0e23\u0e30\u0e08\u0e33\u0e27\u0e31\u0e19\u0e17\u0e35\u0e48  30 \u0e21\u0e04.","source":"https:\/\/www.facebook.com\/earthpongsakornk\/posts\/454073426002558","parentcase":0},{"id":112,"status":"patient_has_been_here","date":1611273600000,"placename":"\u0e15\u0e25\u0e32\u0e14\u0e27\u0e07\u0e40\u0e27\u0e35\u0e22\u0e19\u0e43\u0e2b\u0e0d\u0e48","lat":13.72520981,"lng":100.4938646,"age":0,"gender":0,"nationality":0,"from":0,"patientstatus":0,"note":" \u0e01\u0e17\u0e21.\u0e40\u0e1b\u0e34\u0e14\u0e44\u0e17\u0e21\u0e4c\u0e44\u0e25\u0e19\u0e4c \u0e1c\u0e39\u0e49\u0e1b\u0e48\u0e27\u0e22\u0e42\u0e04\u0e27\u0e34\u0e14  \u0e1b\u0e23\u0e30\u0e08\u0e33\u0e27\u0e31\u0e19\u0e17\u0e35\u0e48  30 \u0e21\u0e04.","source":"https:\/\/www.facebook.com\/earthpongsakornk\/posts\/454073426002558","parentcase":0},{"id":113,"status":"patient_has_been_here","date":1611273600000,"placename":"\u0e15\u0e25\u0e32\u0e14 \u0e0b\u0e2d\u0e22 \u0e01\u0e27\u0e19\u0e2d\u0e34\u0e21 \u0e1a\u0e32\u0e07\u0e40\u0e02\u0e19","lat":0.0,"lng":0.0,"age":0,"gender":0,"nationality":0,"from":0,"patientstatus":0,"note":" \u0e01\u0e17\u0e21.\u0e40\u0e1b\u0e34\u0e14\u0e44\u0e17\u0e21\u0e4c\u0e44\u0e25\u0e19\u0e4c \u0e1c\u0e39\u0e49\u0e1b\u0e48\u0e27\u0e22\u0e42\u0e04\u0e27\u0e34\u0e14  \u0e1b\u0e23\u0e30\u0e08\u0e33\u0e27\u0e31\u0e19\u0e17\u0e35\u0e48  30 \u0e21\u0e04.","source":"https:\/\/www.facebook.com\/earthpongsakornk\/posts\/454073426002558","parentcase":0},{"id":114,"status":"patient_has_been_here","date":1611273600000,"placename":"The Jas Ramintra \u0e1a\u0e32\u0e07\u0e40\u0e02\u0e19","lat":13.86206011,"lng":100.6124696,"age":0,"gender":0,"nationality":0,"from":0,"patientstatus":0,"note":" \u0e01\u0e17\u0e21.\u0e40\u0e1b\u0e34\u0e14\u0e44\u0e17\u0e21\u0e4c\u0e44\u0e25\u0e19\u0e4c \u0e1c\u0e39\u0e49\u0e1b\u0e48\u0e27\u0e22\u0e42\u0e04\u0e27\u0e34\u0e14  \u0e1b\u0e23\u0e30\u0e08\u0e33\u0e27\u0e31\u0e19\u0e17\u0e35\u0e48  30 \u0e21\u0e04.","source":"https:\/\/www.facebook.com\/earthpongsakornk\/posts\/454073426002558","parentcase":0},{"id":115,"status":"confirmed","date":1611360000000,"placename":"\u0e23\u0e49\u0e32\u0e19 cc-oo  icon siam","lat":13.72659978,"lng":100.5094696,"age":0,"gender":0,"nationality":0,"from":0,"patientstatus":0,"note":"\u0e44\u0e2d\u0e04\u0e2d\u0e19\u0e2a\u0e22\u0e32\u0e21 \u0e2a\u0e31\u0e48\u0e07\u0e1b\u0e34\u0e14\u0e23\u0e49\u0e32\u0e19\u0e20\u0e32\u0e22\u0e43\u0e19\u0e28\u0e39\u0e19\u0e22\u0e4c\u0e01\u0e32\u0e23\u0e04\u0e49\u0e32 \u0e2b\u0e25\u0e31\u0e07\u0e1e\u0e1a\u0e1e\u0e19\u0e31\u0e01\u0e07\u0e32\u0e19\u0e15\u0e34\u0e14\u0e42\u0e04\u0e27\u0e34\u0e14","source":"https:\/\/today.line.me\/th\/v2\/article\/0WaWGl","parentcase":0},{"id":116,"status":"confirmed","date":1611360000000,"placename":"\u0e23\u0e49\u0e32\u0e19 CP-Hilai Harbour icon siam","lat":13.72689292,"lng":100.50937,"age":0,"gender":0,"nationality":0,"from":0,"patientstatus":0,"note":"\u0e44\u0e2d\u0e04\u0e2d\u0e19\u0e2a\u0e22\u0e32\u0e21 \u0e2a\u0e31\u0e48\u0e07\u0e1b\u0e34\u0e14\u0e23\u0e49\u0e32\u0e19\u0e20\u0e32\u0e22\u0e43\u0e19\u0e28\u0e39\u0e19\u0e22\u0e4c\u0e01\u0e32\u0e23\u0e04\u0e49\u0e32 \u0e2b\u0e25\u0e31\u0e07\u0e1e\u0e1a\u0e1e\u0e19\u0e31\u0e01\u0e07\u0e32\u0e19\u0e15\u0e34\u0e14\u0e42\u0e04\u0e27\u0e34\u0e14","source":"https:\/\/today.line.me\/th\/v2\/article\/0WaWGl","parentcase":0},{"id":117,"status":"patient_has_been_here","date":1611360000000,"placename":"\u0e15\u0e25\u0e32\u0e14\u0e40\u0e2a\u0e23\u0e35 \u0e40\u0e08\u0e23\u0e34\u0e0d\u0e01\u0e23\u0e38\u0e07 109","lat":13.69402065,"lng":100.4952018,"age":0,"gender":0,"nationality":0,"from":0,"patientstatus":0,"note":" \u0e01\u0e17\u0e21.\u0e40\u0e1b\u0e34\u0e14\u0e44\u0e17\u0e21\u0e4c\u0e44\u0e25\u0e19\u0e4c \u0e1c\u0e39\u0e49\u0e1b\u0e48\u0e27\u0e22\u0e42\u0e04\u0e27\u0e34\u0e14  \u0e1b\u0e23\u0e30\u0e08\u0e33\u0e27\u0e31\u0e19\u0e17\u0e35\u0e48  30 \u0e21\u0e04.","source":"https:\/\/www.facebook.com\/earthpongsakornk\/posts\/454073426002558","parentcase":0},{"id":118,"status":"patient_has_been_here","date":1611360000000,"placename":"\u0e15\u0e25\u0e32\u0e14\u0e19\u0e31\u0e14\u0e1b\u0e49\u0e32\u0e01\u0e34\u0e48\u0e07 \u0e2b\u0e19\u0e49\u0e32\u0e2b\u0e21\u0e39\u0e48\u0e1a\u0e49\u0e32\u0e19\u0e40\u0e2d\u0e37\u0e49\u0e2d\u0e2d\u0e32\u0e17\u0e23 \u0e0b\u0e2d\u0e22\u0e04\u0e39\u0e49\u0e1a\u0e2d\u0e19 27 ","lat":13.87076529,"lng":100.6678502,"age":0,"gender":0,"nationality":0,"from":0,"patientstatus":0,"note":" \u0e01\u0e17\u0e21.\u0e40\u0e1b\u0e34\u0e14\u0e44\u0e17\u0e21\u0e4c\u0e44\u0e25\u0e19\u0e4c \u0e1c\u0e39\u0e49\u0e1b\u0e48\u0e27\u0e22\u0e42\u0e04\u0e27\u0e34\u0e14  \u0e1b\u0e23\u0e30\u0e08\u0e33\u0e27\u0e31\u0e19\u0e17\u0e35\u0e48  30 \u0e21\u0e04.","source":"https:\/\/www.facebook.com\/earthpongsakornk\/posts\/454073426002558","parentcase":0},{"id":119,"status":"patient_has_been_here","date":1611360000000,"placename":"\u0e01\u0e32\u0e23\u0e44\u0e1f\u0e1f\u0e49\u0e32\u0e19\u0e04\u0e23\u0e2b\u0e25\u0e27\u0e07 \u0e40\u0e02\u0e15\u0e23\u0e32\u0e29\u0e0e\u0e23\u0e4c\u0e1a\u0e39\u0e23\u0e13\u0e30","lat":13.6800885,"lng":100.5135323,"age":0,"gender":0,"nationality":0,"from":0,"patientstatus":0,"note":" \u0e01\u0e17\u0e21.\u0e40\u0e1b\u0e34\u0e14\u0e44\u0e17\u0e21\u0e4c\u0e44\u0e25\u0e19\u0e4c \u0e1c\u0e39\u0e49\u0e1b\u0e48\u0e27\u0e22\u0e42\u0e04\u0e27\u0e34\u0e14  \u0e1b\u0e23\u0e30\u0e08\u0e33\u0e27\u0e31\u0e19\u0e17\u0e35\u0e48  30 \u0e21\u0e04.","source":"https:\/\/www.facebook.com\/earthpongsakornk\/posts\/454073426002558","parentcase":0},{"id":120,"status":"patient_has_been_here","date":1611360000000,"placename":"Big-C \u0e1e\u0e23\u0e30\u0e1b\u0e23\u0e30\u0e41\u0e14\u0e07","lat":13.65422663,"lng":100.52251,"age":0,"gender":0,"nationality":0,"from":0,"patientstatus":0,"note":" \u0e01\u0e17\u0e21.\u0e40\u0e1b\u0e34\u0e14\u0e44\u0e17\u0e21\u0e4c\u0e44\u0e25\u0e19\u0e4c \u0e1c\u0e39\u0e49\u0e1b\u0e48\u0e27\u0e22\u0e42\u0e04\u0e27\u0e34\u0e14  \u0e1b\u0e23\u0e30\u0e08\u0e33\u0e27\u0e31\u0e19\u0e17\u0e35\u0e48  30 \u0e21\u0e04.","source":"https:\/\/www.facebook.com\/earthpongsakornk\/posts\/454073426002558","parentcase":0},{"id":121,"status":"patient_has_been_here","date":1611360000000,"placename":"Starbuck \u0e40\u0e0b\u0e47\u0e19\u0e17\u0e23\u0e31\u0e25\u0e40\u0e27\u0e34\u0e25\u0e14\u0e4c","lat":13.74687259,"lng":100.5396459,"age":0,"gender":0,"nationality":0,"from":0,"patientstatus":0,"note":" \u0e01\u0e17\u0e21.\u0e40\u0e1b\u0e34\u0e14\u0e44\u0e17\u0e21\u0e4c\u0e44\u0e25\u0e19\u0e4c \u0e1c\u0e39\u0e49\u0e1b\u0e48\u0e27\u0e22\u0e42\u0e04\u0e27\u0e34\u0e14  \u0e1b\u0e23\u0e30\u0e08\u0e33\u0e27\u0e31\u0e19\u0e17\u0e35\u0e48  30 \u0e21\u0e04.","source":"https:\/\/www.facebook.com\/earthpongsakornk\/posts\/454073426002558","parentcase":0},{"id":122,"status":"patient_has_been_here","date":1611360000000,"placename":"\u0e23\u0e49\u0e32\u0e19\u0e15\u0e30\u0e25\u0e34\u0e07\u0e1b\u0e25\u0e34\u0e07","lat":13.72326345,"lng":100.5211869,"age":0,"gender":0,"nationality":0,"from":0,"patientstatus":0,"note":" \u0e01\u0e17\u0e21.\u0e40\u0e1b\u0e34\u0e14\u0e44\u0e17\u0e21\u0e4c\u0e44\u0e25\u0e19\u0e4c \u0e1c\u0e39\u0e49\u0e1b\u0e48\u0e27\u0e22\u0e42\u0e04\u0e27\u0e34\u0e14  \u0e1b\u0e23\u0e30\u0e08\u0e33\u0e27\u0e31\u0e19\u0e17\u0e35\u0e48  30 \u0e21\u0e04.","source":"https:\/\/www.facebook.com\/earthpongsakornk\/posts\/454073426002558","parentcase":0},{"id":123,"status":"patient_has_been_here","date":1611360000000,"placename":"Max value \u0e1e\u0e23\u0e30\u0e23\u0e32\u0e21 3","lat":13.69129891,"lng":100.504769,"age":0,"gender":0,"nationality":0,"from":0,"patientstatus":0,"note":" \u0e01\u0e17\u0e21.\u0e40\u0e1b\u0e34\u0e14\u0e44\u0e17\u0e21\u0e4c\u0e44\u0e25\u0e19\u0e4c \u0e1c\u0e39\u0e49\u0e1b\u0e48\u0e27\u0e22\u0e42\u0e04\u0e27\u0e34\u0e14  \u0e1b\u0e23\u0e30\u0e08\u0e33\u0e27\u0e31\u0e19\u0e17\u0e35\u0e48  30 \u0e21\u0e04.","source":"https:\/\/www.facebook.com\/earthpongsakornk\/posts\/454073426002558","parentcase":0},{"id":124,"status":"patient_has_been_here","date":1611360000000,"placename":"\u0e28\u0e39\u0e19\u0e22\u0e4c Honda \u0e1e\u0e23\u0e30\u0e23\u0e32\u0e21 3","lat":13.68900827,"lng":100.5045766,"age":0,"gender":0,"nationality":0,"from":0,"patientstatus":0,"note":" \u0e01\u0e17\u0e21.\u0e40\u0e1b\u0e34\u0e14\u0e44\u0e17\u0e21\u0e4c\u0e44\u0e25\u0e19\u0e4c \u0e1c\u0e39\u0e49\u0e1b\u0e48\u0e27\u0e22\u0e42\u0e04\u0e27\u0e34\u0e14  \u0e1b\u0e23\u0e30\u0e08\u0e33\u0e27\u0e31\u0e19\u0e17\u0e35\u0e48  30 \u0e21\u0e04.","source":"https:\/\/www.facebook.com\/earthpongsakornk\/posts\/454073426002558","parentcase":0},{"id":125,"status":"patient_has_been_here","date":1611360000000,"placename":"IT City Central \u0e1e\u0e23\u0e30\u0e23\u0e32\u0e21 3","lat":13.69840074,"lng":100.537657,"age":0,"gender":0,"nationality":0,"from":0,"patientstatus":0,"note":" \u0e01\u0e17\u0e21.\u0e40\u0e1b\u0e34\u0e14\u0e44\u0e17\u0e21\u0e4c\u0e44\u0e25\u0e19\u0e4c \u0e1c\u0e39\u0e49\u0e1b\u0e48\u0e27\u0e22\u0e42\u0e04\u0e27\u0e34\u0e14  \u0e1b\u0e23\u0e30\u0e08\u0e33\u0e27\u0e31\u0e19\u0e17\u0e35\u0e48  30 \u0e21\u0e04.","source":"https:\/\/www.facebook.com\/earthpongsakornk\/posts\/454073426002558","parentcase":0},{"id":126,"status":"patient_has_been_here","date":1611360000000,"placename":"Pepper lunch Central \u0e1e\u0e23\u0e30\u0e23\u0e32\u0e21 3","lat":13.69811266,"lng":100.5377174,"age":0,"gender":0,"nationality":0,"from":0,"patientstatus":0,"note":" \u0e01\u0e17\u0e21.\u0e40\u0e1b\u0e34\u0e14\u0e44\u0e17\u0e21\u0e4c\u0e44\u0e25\u0e19\u0e4c \u0e1c\u0e39\u0e49\u0e1b\u0e48\u0e27\u0e22\u0e42\u0e04\u0e27\u0e34\u0e14  \u0e1b\u0e23\u0e30\u0e08\u0e33\u0e27\u0e31\u0e19\u0e17\u0e35\u0e48  30 \u0e21\u0e04.","source":"https:\/\/www.facebook.com\/earthpongsakornk\/posts\/454073426002558","parentcase":0},{"id":127,"status":"patient_has_been_here","date":1611446400000,"placename":"Maria garden restuarant","lat":13.86747225,"lng":100.4526443,"age":0,"gender":0,"nationality":0,"from":0,"patientstatus":0,"note":" \u0e01\u0e17\u0e21.\u0e40\u0e1b\u0e34\u0e14\u0e44\u0e17\u0e21\u0e4c\u0e44\u0e25\u0e19\u0e4c \u0e1c\u0e39\u0e49\u0e1b\u0e48\u0e27\u0e22\u0e42\u0e04\u0e27\u0e34\u0e14  \u0e1b\u0e23\u0e30\u0e08\u0e33\u0e27\u0e31\u0e19\u0e17\u0e35\u0e48  30 \u0e21\u0e04.","source":"https:\/\/www.facebook.com\/earthpongsakornk\/posts\/454073426002558","parentcase":0},{"id":128,"status":"patient_has_been_here","date":1611446400000,"placename":"\u0e17\u0e47\u0e2d\u0e1b\u0e2a\u0e4c\u0e21\u0e32\u0e23\u0e4c\u0e40\u0e01\u0e47\u0e15 \u0e41\u0e1f\u0e0a\u0e31\u0e48\u0e19\u0e44\u0e2d\u0e2a\u0e4c\u0e41\u0e25\u0e19\u0e14\u0e4c","lat":13.82613606,"lng":100.6794717,"age":0,"gender":0,"nationality":0,"from":0,"patientstatus":0,"note":" \u0e01\u0e17\u0e21.\u0e40\u0e1b\u0e34\u0e14\u0e44\u0e17\u0e21\u0e4c\u0e44\u0e25\u0e19\u0e4c \u0e1c\u0e39\u0e49\u0e1b\u0e48\u0e27\u0e22\u0e42\u0e04\u0e27\u0e34\u0e14  \u0e1b\u0e23\u0e30\u0e08\u0e33\u0e27\u0e31\u0e19\u0e17\u0e35\u0e48  30 \u0e21\u0e04.","source":"https:\/\/www.facebook.com\/earthpongsakornk\/posts\/454073426002558","parentcase":0},{"id":129,"status":"patient_has_been_here","date":1611446400000,"placename":"Big C \u0e40\u0e04\u0e2b\u0e30\u0e23\u0e48\u0e21\u0e40\u0e01\u0e25\u0e49\u0e32","lat":13.76535838,"lng":100.7249794,"age":0,"gender":0,"nationality":0,"from":0,"patientstatus":0,"note":" \u0e01\u0e17\u0e21.\u0e40\u0e1b\u0e34\u0e14\u0e44\u0e17\u0e21\u0e4c\u0e44\u0e25\u0e19\u0e4c \u0e1c\u0e39\u0e49\u0e1b\u0e48\u0e27\u0e22\u0e42\u0e04\u0e27\u0e34\u0e14  \u0e1b\u0e23\u0e30\u0e08\u0e33\u0e27\u0e31\u0e19\u0e17\u0e35\u0e48  31 \u0e21\u0e04.","source":"https:\/\/www.facebook.com\/earthpongsakornk\/posts\/455454052531162","parentcase":0},{"id":130,"status":"patient_has_been_here","date":1611446400000,"placename":"Maria garden restuarant","lat":13.86748347,"lng":100.4526764,"age":0,"gender":0,"nationality":0,"from":0,"patientstatus":0,"note":" \u0e01\u0e17\u0e21.\u0e40\u0e1b\u0e34\u0e14\u0e44\u0e17\u0e21\u0e4c\u0e44\u0e25\u0e19\u0e4c \u0e1c\u0e39\u0e49\u0e1b\u0e48\u0e27\u0e22\u0e42\u0e04\u0e27\u0e34\u0e14  \u0e1b\u0e23\u0e30\u0e08\u0e33\u0e27\u0e31\u0e19\u0e17\u0e35\u0e48  31 \u0e21\u0e04.","source":"https:\/\/www.facebook.com\/earthpongsakornk\/posts\/455454052531162","parentcase":0},{"id":131,"status":"patient_has_been_here","date":1611446400000,"placename":"\u0e15\u0e25\u0e32\u0e14\u0e1a\u0e32\u0e07\u0e41\u0e04","lat":13.71189925,"lng":100.4275498,"age":0,"gender":0,"nationality":0,"from":0,"patientstatus":0,"note":" \u0e01\u0e17\u0e21.\u0e40\u0e1b\u0e34\u0e14\u0e44\u0e17\u0e21\u0e4c\u0e44\u0e25\u0e19\u0e4c \u0e1c\u0e39\u0e49\u0e1b\u0e48\u0e27\u0e22\u0e42\u0e04\u0e27\u0e34\u0e14  \u0e1b\u0e23\u0e30\u0e08\u0e33\u0e27\u0e31\u0e19\u0e17\u0e35\u0e48  3 \u0e01\u0e1e.","source":"https:\/\/www.facebook.com\/earthpongsakornk\/posts\/456692252407342","parentcase":0},{"id":132,"status":"patient_has_been_here","date":1611446400000,"placename":"\u0e0b\u0e35\u0e04\u0e2d\u0e19 \u0e1a\u0e32\u0e07\u0e41\u0e04","lat":13.71171772,"lng":100.4340445,"age":0,"gender":0,"nationality":0,"from":0,"patientstatus":0,"note":" \u0e01\u0e17\u0e21.\u0e40\u0e1b\u0e34\u0e14\u0e44\u0e17\u0e21\u0e4c\u0e44\u0e25\u0e19\u0e4c \u0e1c\u0e39\u0e49\u0e1b\u0e48\u0e27\u0e22\u0e42\u0e04\u0e27\u0e34\u0e14  \u0e1b\u0e23\u0e30\u0e08\u0e33\u0e27\u0e31\u0e19\u0e17\u0e35\u0e48  3 \u0e01\u0e1e.","source":"https:\/\/www.facebook.com\/earthpongsakornk\/posts\/456692252407342","parentcase":0},{"id":133,"status":"patient_has_been_here","date":1611792000000,"placename":"\u0e15\u0e25\u0e32\u0e14\u0e19\u0e31\u0e14\u0e2a\u0e32\u0e22\u0e44\u0e2b\u0e21","lat":13.92160509,"lng":100.6679682,"age":0,"gender":0,"nationality":0,"from":0,"patientstatus":0,"note":"\u0e15\u0e25\u0e32\u0e14\u0e19\u0e31\u0e14\u0e2a\u0e32\u0e22\u0e44\u0e2b\u0e21\u200b\u0e41\u0e08\u0e49\u0e07\u0e1c\u0e25\u0e15\u0e23\u0e27\u0e08\u0e40\u0e0a\u0e37\u0e49\u0e2d\u0e42\u0e04\u0e27\u0e34\u0e14-19 \u0e02\u0e2d\u0e07\u0e1c\u0e39\u0e49\u0e04\u0e49\u0e32\u0e43\u0e19\u0e41\u0e1c\u0e07\u200b \u0e02\u0e49\u0e32\u0e27\u0e21\u0e31\u0e19\u0e44\u0e01\u0e48 \u0e40\u0e1b\u0e47\u0e19\u0e1a\u0e27\u0e01 1 \u0e23\u0e32\u0e22","source":"https:\/\/web.facebook.com\/permalink.php?story_fbid=2793010280917181&id=2007100666174817","parentcase":0},{"id":134,"status":"unspecified_location","date":1611792000000,"placename":"\u0e42\u0e23\u0e07\u0e07\u0e32\u0e19\u0e41\u0e16\u0e27 \u0e16.\u0e40\u0e1e\u0e0a\u0e23\u0e40\u0e01\u0e29\u0e21 \u0e40\u0e02\u0e15\u0e20\u0e32\u0e29\u0e35\u0e40\u0e08\u0e23\u0e34\u0e0d","lat":13.71657541,"lng":100.4430568,"age":0,"gender":0,"nationality":0,"from":0,"patientstatus":0,"note":" \u0e01\u0e17\u0e21.\u0e40\u0e1b\u0e34\u0e14\u0e44\u0e17\u0e21\u0e4c\u0e44\u0e25\u0e19\u0e4c \u0e1c\u0e39\u0e49\u0e1b\u0e48\u0e27\u0e22\u0e42\u0e04\u0e27\u0e34\u0e14  \u0e1b\u0e23\u0e30\u0e08\u0e33\u0e27\u0e31\u0e19\u0e17\u0e35\u0e48  3 \u0e01\u0e1e.","source":"https:\/\/www.facebook.com\/earthpongsakornk\/posts\/456692252407342","parentcase":0},{"id":135,"status":"sanitizing","date":1612051200000,"placename":"polli's cafe","lat":13.72654449,"lng":100.5997291,"age":0,"gender":0,"nationality":0,"from":0,"patientstatus":0,"note":"polli's cafe \u0e1b\u0e34\u0e14\u0e23\u0e49\u0e32\u0e19\u0e17\u0e33\u0e04\u0e27\u0e32\u0e21\u0e2a\u0e30\u0e2d\u0e32\u0e14","source":"https:\/\/nineentertain.mcot.net\/top-story-2477666","parentcase":0},{"id":136,"status":"patient_has_been_here","date":1612224000000,"placename":"\u0e21\u0e2b\u0e32\u0e27\u0e34\u0e17\u0e22\u0e32\u0e25\u0e31\u0e22\u0e40\u0e01\u0e29\u0e15\u0e23\u0e28\u0e32\u0e2a\u0e15\u0e23\u0e4c \u0e01\u0e33\u0e41\u0e1e\u0e07\u0e41\u0e2a\u0e19","lat":14.02205306,"lng":99.99050403,"age":0,"gender":0,"nationality":0,"from":0,"patientstatus":0,"note":"\u0e19\u0e34\u0e2a\u0e34\u0e15\u0e21.\u0e40\u0e01\u0e29\u0e15\u0e23 \u0e15\u0e34\u0e14 '\u0e42\u0e04\u0e27\u0e34\u0e14' \u0e40\u0e1c\u0e22\u0e40\u0e14\u0e34\u0e19\u0e17\u0e32\u0e07\u0e21\u0e32\u0e08\u0e32\u0e01\u0e2a\u0e21\u0e38\u0e17\u0e23\u0e2a\u0e32\u0e04\u0e23 \u0e2b\u0e25\u0e31\u0e07\u0e40\u0e1b\u0e34\u0e14\u0e40\u0e23\u0e35\u0e22\u0e19\u0e27\u0e31\u0e19\u0e41\u0e23\u0e01","source":"https:\/\/today.line.me\/th\/v2\/article\/k1kpqJ","parentcase":0}]