[{"id":74,"status":"patient_has_been_here","date":1612396800000,"placename":"\u0e15\u0e25\u0e32\u0e14\u0e2a\u0e27\u0e19\u0e2b\u0e25\u0e27\u0e07 \u0e08\u0e38\u0e2c\u0e32","lat":13.74289669,"lng":100.5245605,"age":0,"gender":0,"nationality":0,"from":0,"patientstatus":0,"note":" \u0e01\u0e17\u0e21.\u0e40\u0e1b\u0e34\u0e14\u0e44\u0e17\u0e21\u0e4c\u0e44\u0e25\u0e19\u0e4c \u0e1c\u0e39\u0e49\u0e1b\u0e48\u0e27\u0e22\u0e42\u0e04\u0e27\u0e34\u0e14  \u0e1b\u0e23\u0e30\u0e08\u0e33\u0e27\u0e31\u0e19\u0e17\u0e35\u0e48  9 \u0e01\u0e1e.","source":"https:\/\/www.facebook.com\/earthpongsakornk\/posts\/460298838713350","parentcase":0},{"id":75,"status":"patient_has_been_here","date":1612396800000,"placename":"\u0e2d\u0e32\u0e04\u0e32\u0e23\u0e1a\u0e23\u0e34\u0e01\u0e32\u0e23 2 \u0e2a\u0e33\u0e19\u0e31\u0e01\u0e07\u0e32\u0e19\u0e08\u0e31\u0e14\u0e01\u0e32\u0e23\u0e17\u0e23\u0e31\u0e1e\u0e22\u0e4c\u0e2a\u0e34\u0e19 \u0e08\u0e38\u0e2c\u0e32","lat":13.73937658,"lng":100.5293983,"age":0,"gender":0,"nationality":0,"from":0,"patientstatus":0,"note":" \u0e01\u0e17\u0e21.\u0e40\u0e1b\u0e34\u0e14\u0e44\u0e17\u0e21\u0e4c\u0e44\u0e25\u0e19\u0e4c \u0e1c\u0e39\u0e49\u0e1b\u0e48\u0e27\u0e22\u0e42\u0e04\u0e27\u0e34\u0e14  \u0e1b\u0e23\u0e30\u0e08\u0e33\u0e27\u0e31\u0e19\u0e17\u0e35\u0e48  10 \u0e01\u0e1e.","source":"https:\/\/www.facebook.com\/earthpongsakornk\/posts\/460994015310499","parentcase":0},{"id":76,"status":"patient_has_been_here","date":1612396800000,"placename":"\u0e27\u0e34\u0e17\u0e22\u0e32\u0e25\u0e31\u0e22\u0e27\u0e34\u0e17\u0e22\u0e32\u0e28\u0e32\u0e2a\u0e15\u0e23\u0e4c \u0e2a\u0e32\u0e18\u0e32\u0e23\u0e13\u0e2a\u0e38\u0e02 \u0e2d\u0e32\u0e04\u0e32\u0e23\u0e2a\u0e16\u0e32\u0e1a\u0e31\u0e193","lat":13.74256403,"lng":100.5328305,"age":0,"gender":0,"nationality":0,"from":0,"patientstatus":0,"note":" \u0e01\u0e17\u0e21.\u0e40\u0e1b\u0e34\u0e14\u0e44\u0e17\u0e21\u0e4c\u0e44\u0e25\u0e19\u0e4c \u0e1c\u0e39\u0e49\u0e1b\u0e48\u0e27\u0e22\u0e42\u0e04\u0e27\u0e34\u0e14  \u0e1b\u0e23\u0e30\u0e08\u0e33\u0e27\u0e31\u0e19\u0e17\u0e35\u0e48  10 \u0e01\u0e1e.","source":"https:\/\/www.facebook.com\/earthpongsakornk\/posts\/460994015310499","parentcase":0},{"id":77,"status":"patient_has_been_here","date":1612396800000,"placename":"7-11 \u0e2a\u0e32\u0e02\u0e32\u0e28\u0e39\u0e19\u0e22\u0e4c\u0e01\u0e32\u0e23\u0e04\u0e49\u0e32\u0e27\u0e23\u0e23\u0e31\u0e15\u0e19\u0e4c","lat":13.70822271,"lng":100.5310484,"age":0,"gender":0,"nationality":0,"from":0,"patientstatus":0,"note":" \u0e01\u0e17\u0e21.\u0e40\u0e1b\u0e34\u0e14\u0e44\u0e17\u0e21\u0e4c\u0e44\u0e25\u0e19\u0e4c \u0e1c\u0e39\u0e49\u0e1b\u0e48\u0e27\u0e22\u0e42\u0e04\u0e27\u0e34\u0e14  \u0e1b\u0e23\u0e30\u0e08\u0e33\u0e27\u0e31\u0e19\u0e17\u0e35\u0e48  11 \u0e01\u0e1e.","source":"https:\/\/www.facebook.com\/earthpongsakornk\/posts\/461555448587689","parentcase":0},{"id":78,"status":"patient_has_been_here","date":1612396800000,"placename":"\u0e27\u0e31\u0e14\u0e1a\u0e32\u0e07\u0e01\u0e23\u0e30\u0e14\u0e35\u0e48 \u0e1a\u0e32\u0e07\u0e02\u0e38\u0e19\u0e40\u0e17\u0e35\u0e22\u0e19","lat":13.60021773,"lng":100.4056859,"age":0,"gender":0,"nationality":0,"from":0,"patientstatus":0,"note":" \u0e01\u0e17\u0e21.\u0e40\u0e1b\u0e34\u0e14\u0e44\u0e17\u0e21\u0e4c\u0e44\u0e25\u0e19\u0e4c \u0e1c\u0e39\u0e49\u0e1b\u0e48\u0e27\u0e22\u0e42\u0e04\u0e27\u0e34\u0e14  \u0e1b\u0e23\u0e30\u0e08\u0e33\u0e27\u0e31\u0e19\u0e17\u0e35\u0e48  13 \u0e01\u0e1e.","source":"https:\/\/www.facebook.com\/earthpongsakornk\/posts\/462881311788436","parentcase":0},{"id":79,"status":"patient_has_been_here","date":1612396800000,"placename":"\u0e2b\u0e49\u0e32\u0e07\u0e0b\u0e35\u0e04\u0e2d\u0e19\u0e1a\u0e32\u0e07\u0e41\u0e04","lat":13.71174865,"lng":100.4341559,"age":0,"gender":0,"nationality":0,"from":0,"patientstatus":0,"note":" \u0e01\u0e17\u0e21.\u0e40\u0e1b\u0e34\u0e14\u0e44\u0e17\u0e21\u0e4c\u0e44\u0e25\u0e19\u0e4c \u0e1c\u0e39\u0e49\u0e1b\u0e48\u0e27\u0e22\u0e42\u0e04\u0e27\u0e34\u0e14  \u0e1b\u0e23\u0e30\u0e08\u0e33\u0e27\u0e31\u0e19\u0e17\u0e35\u0e48  13 \u0e01\u0e1e.","source":"https:\/\/www.facebook.com\/earthpongsakornk\/posts\/462881311788436","parentcase":0},{"id":80,"status":"patient_has_been_here","date":1612396800000,"placename":"\u0e1b\u0e49\u0e2d\u0e21\u0e23\u0e1b\u0e20. \u0e28\u0e32\u0e25\u0e1e\u0e23\u0e30\u0e1e\u0e23\u0e2b\u0e21 \u0e04\u0e23\u0e38\u0e28\u0e32\u0e2a\u0e15\u0e23\u0e4c \u0e08\u0e38\u0e2c\u0e32","lat":13.736633,"lng":100.5288218,"age":0,"gender":0,"nationality":0,"from":0,"patientstatus":0,"note":" \u0e01\u0e17\u0e21.\u0e40\u0e1b\u0e34\u0e14\u0e44\u0e17\u0e21\u0e4c\u0e44\u0e25\u0e19\u0e4c \u0e1c\u0e39\u0e49\u0e1b\u0e48\u0e27\u0e22\u0e42\u0e04\u0e27\u0e34\u0e14  \u0e1b\u0e23\u0e30\u0e08\u0e33\u0e27\u0e31\u0e19\u0e17\u0e35\u0e48  14 \u0e01\u0e1e.","source":"https:\/\/www.facebook.com\/earthpongsakornk\/posts\/463535471723020","parentcase":0},{"id":81,"status":"patient_has_been_here","date":1612396800000,"placename":"BTS \u0e2a\u0e16\u0e32\u0e19\u0e35\u0e2a\u0e22\u0e32\u0e21","lat":13.74560482,"lng":100.5341794,"age":0,"gender":0,"nationality":0,"from":0,"patientstatus":0,"note":" \u0e01\u0e17\u0e21.\u0e40\u0e1b\u0e34\u0e14\u0e44\u0e17\u0e21\u0e4c\u0e44\u0e25\u0e19\u0e4c \u0e1c\u0e39\u0e49\u0e1b\u0e48\u0e27\u0e22\u0e42\u0e04\u0e27\u0e34\u0e14  \u0e1b\u0e23\u0e30\u0e08\u0e33\u0e27\u0e31\u0e19\u0e17\u0e35\u0e48  15 \u0e01\u0e1e.","source":"https:\/\/www.facebook.com\/earthpongsakornk\/posts\/464117151664852","parentcase":0},{"id":82,"status":"patient_has_been_here","date":1612483200000,"placename":"\u0e08\u0e38\u0e2c\u0e32 \u0e1d\u0e31\u0e48\u0e07\u0e15\u0e30\u0e27\u0e31\u0e19\u0e15\u0e01","lat":13.73982463,"lng":100.527923,"age":0,"gender":0,"nationality":0,"from":0,"patientstatus":0,"note":" \u0e01\u0e17\u0e21.\u0e40\u0e1b\u0e34\u0e14\u0e44\u0e17\u0e21\u0e4c\u0e44\u0e25\u0e19\u0e4c \u0e1c\u0e39\u0e49\u0e1b\u0e48\u0e27\u0e22\u0e42\u0e04\u0e27\u0e34\u0e14  \u0e1b\u0e23\u0e30\u0e08\u0e33\u0e27\u0e31\u0e19\u0e17\u0e35\u0e48  9 \u0e01\u0e1e.","source":"https:\/\/www.facebook.com\/earthpongsakornk\/posts\/460298838713350","parentcase":0},{"id":83,"status":"patient_has_been_here","date":1612483200000,"placename":"\u0e2a\u0e16\u0e32\u0e1a\u0e31\u0e19\u0e1a\u0e31\u0e13\u0e11\u0e34\u0e15\u0e1a\u0e23\u0e34\u0e2b\u0e32\u0e23\u0e18\u0e38\u0e23\u0e01\u0e34\u0e08\u0e28\u0e28\u0e34\u0e19\u0e17\u0e23\u0e4c","lat":13.74247791,"lng":100.5274041,"age":0,"gender":0,"nationality":0,"from":0,"patientstatus":0,"note":" \u0e01\u0e17\u0e21.\u0e40\u0e1b\u0e34\u0e14\u0e44\u0e17\u0e21\u0e4c\u0e44\u0e25\u0e19\u0e4c \u0e1c\u0e39\u0e49\u0e1b\u0e48\u0e27\u0e22\u0e42\u0e04\u0e27\u0e34\u0e14  \u0e1b\u0e23\u0e30\u0e08\u0e33\u0e27\u0e31\u0e19\u0e17\u0e35\u0e48  10 \u0e01\u0e1e.","source":"https:\/\/www.facebook.com\/earthpongsakornk\/posts\/460994015310499","parentcase":0},{"id":84,"status":"patient_has_been_here","date":1612483200000,"placename":"\u0e18\u0e19\u0e32\u0e04\u0e32\u0e23\u0e44\u0e17\u0e22\u0e1e\u0e32\u0e13\u0e34\u0e0a\u0e22\u0e4c \u0e2a\u0e32\u0e02\u0e32\u0e2a\u0e22\u0e32\u0e21","lat":13.74488629,"lng":100.5316173,"age":0,"gender":0,"nationality":0,"from":0,"patientstatus":0,"note":" \u0e01\u0e17\u0e21.\u0e40\u0e1b\u0e34\u0e14\u0e44\u0e17\u0e21\u0e4c\u0e44\u0e25\u0e19\u0e4c \u0e1c\u0e39\u0e49\u0e1b\u0e48\u0e27\u0e22\u0e42\u0e04\u0e27\u0e34\u0e14  \u0e1b\u0e23\u0e30\u0e08\u0e33\u0e27\u0e31\u0e19\u0e17\u0e35\u0e48  10 \u0e01\u0e1e.","source":"https:\/\/www.facebook.com\/earthpongsakornk\/posts\/460994015310499","parentcase":0},{"id":85,"status":"patient_has_been_here","date":1612483200000,"placename":"\u0e2b\u0e2d\u0e1e\u0e31\u0e01\u0e19\u0e34\u0e2a\u0e34\u0e15 \u0e15\u0e36\u0e01\u0e1e\u0e38\u0e14\u0e0b\u0e49\u0e2d\u0e19","lat":13.74090896,"lng":100.5283409,"age":0,"gender":0,"nationality":0,"from":0,"patientstatus":0,"note":" \u0e01\u0e17\u0e21.\u0e40\u0e1b\u0e34\u0e14\u0e44\u0e17\u0e21\u0e4c\u0e44\u0e25\u0e19\u0e4c \u0e1c\u0e39\u0e49\u0e1b\u0e48\u0e27\u0e22\u0e42\u0e04\u0e27\u0e34\u0e14  \u0e1b\u0e23\u0e30\u0e08\u0e33\u0e27\u0e31\u0e19\u0e17\u0e35\u0e48  11 \u0e01\u0e1e.","source":"https:\/\/www.facebook.com\/earthpongsakornk\/posts\/461555448587689","parentcase":0},{"id":86,"status":"patient_has_been_here","date":1612483200000,"placename":"\u0e2d\u0e32\u0e04\u0e32\u0e23\u0e27\u0e34\u0e17\u0e22\u0e19\u0e34\u0e40\u0e27\u0e28","lat":13.74064196,"lng":100.5270177,"age":0,"gender":0,"nationality":0,"from":0,"patientstatus":0,"note":" \u0e01\u0e17\u0e21.\u0e40\u0e1b\u0e34\u0e14\u0e44\u0e17\u0e21\u0e4c\u0e44\u0e25\u0e19\u0e4c \u0e1c\u0e39\u0e49\u0e1b\u0e48\u0e27\u0e22\u0e42\u0e04\u0e27\u0e34\u0e14  \u0e1b\u0e23\u0e30\u0e08\u0e33\u0e27\u0e31\u0e19\u0e17\u0e35\u0e48  11 \u0e01\u0e1e.","source":"https:\/\/www.facebook.com\/earthpongsakornk\/posts\/461555448587689","parentcase":0},{"id":87,"status":"patient_has_been_here","date":1612483200000,"placename":"\u0e2d\u0e32\u0e04\u0e32\u0e23\u0e08\u0e38\u0e2c\u0e32\u0e19\u0e34\u0e27\u0e32\u0e2a","lat":13.74172094,"lng":100.5260114,"age":0,"gender":0,"nationality":0,"from":0,"patientstatus":0,"note":" \u0e01\u0e17\u0e21.\u0e40\u0e1b\u0e34\u0e14\u0e44\u0e17\u0e21\u0e4c\u0e44\u0e25\u0e19\u0e4c \u0e1c\u0e39\u0e49\u0e1b\u0e48\u0e27\u0e22\u0e42\u0e04\u0e27\u0e34\u0e14  \u0e1b\u0e23\u0e30\u0e08\u0e33\u0e27\u0e31\u0e19\u0e17\u0e35\u0e48  11 \u0e01\u0e1e.","source":"https:\/\/www.facebook.com\/earthpongsakornk\/posts\/461555448587689","parentcase":0},{"id":88,"status":"patient_has_been_here","date":1612483200000,"placename":"\u0e42\u0e23\u0e07\u0e2d\u0e32\u0e2b\u0e32\u0e23\u0e21\u0e2b\u0e34\u0e15\u0e25\u0e32\u0e18\u0e34\u0e40\u0e1a\u0e28\u0e23\u0e4c","lat":13.74157164,"lng":100.5295636,"age":0,"gender":0,"nationality":0,"from":0,"patientstatus":0,"note":" \u0e01\u0e17\u0e21.\u0e40\u0e1b\u0e34\u0e14\u0e44\u0e17\u0e21\u0e4c\u0e44\u0e25\u0e19\u0e4c \u0e1c\u0e39\u0e49\u0e1b\u0e48\u0e27\u0e22\u0e42\u0e04\u0e27\u0e34\u0e14  \u0e1b\u0e23\u0e30\u0e08\u0e33\u0e27\u0e31\u0e19\u0e17\u0e35\u0e48  11 \u0e01\u0e1e.","source":"https:\/\/www.facebook.com\/earthpongsakornk\/posts\/461555448587689","parentcase":0},{"id":89,"status":"patient_has_been_here","date":1612483200000,"placename":"\u0e1b\u0e23\u0e30\u0e15\u0e39\u0e18\u0e23\u0e23\u0e21\u0e30\u0e2a\u0e16\u0e32\u0e19 \u0e08\u0e38\u0e2c\u0e32","lat":13.73967506,"lng":100.5262292,"age":0,"gender":0,"nationality":0,"from":0,"patientstatus":0,"note":" \u0e01\u0e17\u0e21.\u0e40\u0e1b\u0e34\u0e14\u0e44\u0e17\u0e21\u0e4c\u0e44\u0e25\u0e19\u0e4c \u0e1c\u0e39\u0e49\u0e1b\u0e48\u0e27\u0e22\u0e42\u0e04\u0e27\u0e34\u0e14  \u0e1b\u0e23\u0e30\u0e08\u0e33\u0e27\u0e31\u0e19\u0e17\u0e35\u0e48  14 \u0e01\u0e1e.","source":"https:\/\/www.facebook.com\/earthpongsakornk\/posts\/463535471723020","parentcase":0},{"id":90,"status":"patient_has_been_here","date":1612483200000,"placename":"7-11 \u0e28\u0e39\u0e19\u0e22\u0e4c\u0e01\u0e32\u0e23\u0e04\u0e49\u0e32\u0e27\u0e23\u0e23\u0e31\u0e15\u0e19\u0e4c \u0e2a\u0e32\u0e17\u0e23","lat":13.70907465,"lng":100.5309339,"age":0,"gender":0,"nationality":0,"from":0,"patientstatus":0,"note":" \u0e01\u0e17\u0e21.\u0e40\u0e1b\u0e34\u0e14\u0e44\u0e17\u0e21\u0e4c\u0e44\u0e25\u0e19\u0e4c \u0e1c\u0e39\u0e49\u0e1b\u0e48\u0e27\u0e22\u0e42\u0e04\u0e27\u0e34\u0e14  \u0e1b\u0e23\u0e30\u0e08\u0e33\u0e27\u0e31\u0e19\u0e17\u0e35\u0e48  15 \u0e01\u0e1e.","source":"https:\/\/www.facebook.com\/earthpongsakornk\/posts\/464117151664852","parentcase":0},{"id":91,"status":"patient_has_been_here","date":1612483200000,"placename":"BTS \u0e2a\u0e16\u0e32\u0e19\u0e35\u0e1a\u0e32\u0e07\u0e2b\u0e27\u0e49\u0e32","lat":13.72017547,"lng":100.4569003,"age":0,"gender":0,"nationality":0,"from":0,"patientstatus":0,"note":" \u0e01\u0e17\u0e21.\u0e40\u0e1b\u0e34\u0e14\u0e44\u0e17\u0e21\u0e4c\u0e44\u0e25\u0e19\u0e4c \u0e1c\u0e39\u0e49\u0e1b\u0e48\u0e27\u0e22\u0e42\u0e04\u0e27\u0e34\u0e14  \u0e1b\u0e23\u0e30\u0e08\u0e33\u0e27\u0e31\u0e19\u0e17\u0e35\u0e48  15 \u0e01\u0e1e.","source":"https:\/\/www.facebook.com\/earthpongsakornk\/posts\/464117151664852","parentcase":0},{"id":92,"status":"patient_has_been_here","date":1612483200000,"placename":"BTS \u0e2a\u0e16\u0e32\u0e19\u0e35\u0e15\u0e25\u0e32\u0e14\u0e1e\u0e25\u0e39","lat":13.71423245,"lng":100.4767845,"age":0,"gender":0,"nationality":0,"from":0,"patientstatus":0,"note":" \u0e01\u0e17\u0e21.\u0e40\u0e1b\u0e34\u0e14\u0e44\u0e17\u0e21\u0e4c\u0e44\u0e25\u0e19\u0e4c \u0e1c\u0e39\u0e49\u0e1b\u0e48\u0e27\u0e22\u0e42\u0e04\u0e27\u0e34\u0e14  \u0e1b\u0e23\u0e30\u0e08\u0e33\u0e27\u0e31\u0e19\u0e17\u0e35\u0e48  15 \u0e01\u0e1e.","source":"https:\/\/www.facebook.com\/earthpongsakornk\/posts\/464117151664852","parentcase":0},{"id":93,"status":"patient_has_been_here","date":1612483200000,"placename":"\u0e2b\u0e19\u0e49\u0e32\u0e42\u0e23\u0e07\u0e2b\u0e19\u0e31\u0e07\u0e25\u0e34\u0e42\u0e14\u0e49","lat":13.74582639,"lng":100.5325534,"age":0,"gender":0,"nationality":0,"from":0,"patientstatus":0,"note":" \u0e01\u0e17\u0e21.\u0e40\u0e1b\u0e34\u0e14\u0e44\u0e17\u0e21\u0e4c\u0e44\u0e25\u0e19\u0e4c \u0e1c\u0e39\u0e49\u0e1b\u0e48\u0e27\u0e22\u0e42\u0e04\u0e27\u0e34\u0e14  \u0e1b\u0e23\u0e30\u0e08\u0e33\u0e27\u0e31\u0e19\u0e17\u0e35\u0e48  15 \u0e01\u0e1e.","source":"https:\/\/www.facebook.com\/earthpongsakornk\/posts\/464117151664852","parentcase":0},{"id":94,"status":"patient_has_been_here","date":1612569600000,"placename":"\u0e2d\u0e32\u0e04\u0e32\u0e23\u0e08\u0e38\u0e2c\u0e32\u0e19\u0e34\u0e27\u0e32\u0e2a","lat":13.74181404,"lng":100.5259746,"age":0,"gender":0,"nationality":0,"from":0,"patientstatus":0,"note":" \u0e01\u0e17\u0e21.\u0e40\u0e1b\u0e34\u0e14\u0e44\u0e17\u0e21\u0e4c\u0e44\u0e25\u0e19\u0e4c \u0e1c\u0e39\u0e49\u0e1b\u0e48\u0e27\u0e22\u0e42\u0e04\u0e27\u0e34\u0e14  \u0e1b\u0e23\u0e30\u0e08\u0e33\u0e27\u0e31\u0e19\u0e17\u0e35\u0e48  9 \u0e01\u0e1e.","source":"https:\/\/www.facebook.com\/earthpongsakornk\/posts\/460298838713350","parentcase":0},{"id":95,"status":"patient_has_been_here","date":1612569600000,"placename":"\u0e15\u0e25\u0e32\u0e14\u0e2a\u0e27\u0e19\u0e2b\u0e25\u0e27\u0e07 \u0e08\u0e38\u0e2c\u0e32","lat":13.74278916,"lng":100.5247178,"age":0,"gender":0,"nationality":0,"from":0,"patientstatus":0,"note":" \u0e01\u0e17\u0e21.\u0e40\u0e1b\u0e34\u0e14\u0e44\u0e17\u0e21\u0e4c\u0e44\u0e25\u0e19\u0e4c \u0e1c\u0e39\u0e49\u0e1b\u0e48\u0e27\u0e22\u0e42\u0e04\u0e27\u0e34\u0e14  \u0e1b\u0e23\u0e30\u0e08\u0e33\u0e27\u0e31\u0e19\u0e17\u0e35\u0e48  10 \u0e01\u0e1e.","source":"https:\/\/www.facebook.com\/earthpongsakornk\/posts\/460994015310499","parentcase":0},{"id":96,"status":"patient_has_been_here","date":1612569600000,"placename":"\u0e23\u0e49\u0e32\u0e19\u0e23\u0e32\u0e14\u0e2b\u0e19\u0e49\u0e32\u0e19\u0e32\u0e22\u0e25\u0e20 \u0e16.\u0e40\u0e2d\u0e01\u0e0a\u0e31\u0e22 61\/2","lat":0.0,"lng":0.0,"age":0,"gender":0,"nationality":0,"from":0,"patientstatus":0,"note":" \u0e01\u0e17\u0e21.\u0e40\u0e1b\u0e34\u0e14\u0e44\u0e17\u0e21\u0e4c\u0e44\u0e25\u0e19\u0e4c \u0e1c\u0e39\u0e49\u0e1b\u0e48\u0e27\u0e22\u0e42\u0e04\u0e27\u0e34\u0e14  \u0e1b\u0e23\u0e30\u0e08\u0e33\u0e27\u0e31\u0e19\u0e17\u0e35\u0e48  10 \u0e01\u0e1e.","source":"https:\/\/www.facebook.com\/earthpongsakornk\/posts\/460994015310499","parentcase":0},{"id":97,"status":"patient_has_been_here","date":1612569600000,"placename":"\u0e23\u0e49\u0e32\u0e19\u0e02\u0e32\u0e22\u0e2d\u0e32\u0e2b\u0e32\u0e23\u0e17\u0e32\u0e07\u0e40\u0e02\u0e49\u0e32\u0e27\u0e31\u0e14\u0e14\u0e27\u0e07\u0e41\u0e02","lat":13.74082175,"lng":100.5184084,"age":0,"gender":0,"nationality":0,"from":0,"patientstatus":0,"note":" \u0e01\u0e17\u0e21.\u0e40\u0e1b\u0e34\u0e14\u0e44\u0e17\u0e21\u0e4c\u0e44\u0e25\u0e19\u0e4c \u0e1c\u0e39\u0e49\u0e1b\u0e48\u0e27\u0e22\u0e42\u0e04\u0e27\u0e34\u0e14  \u0e1b\u0e23\u0e30\u0e08\u0e33\u0e27\u0e31\u0e19\u0e17\u0e35\u0e48  11 \u0e01\u0e1e.","source":"https:\/\/www.facebook.com\/earthpongsakornk\/posts\/461555448587689","parentcase":0},{"id":98,"status":"patient_has_been_here","date":1612569600000,"placename":"KFC EmQuartier","lat":13.73097246,"lng":100.569653,"age":0,"gender":0,"nationality":0,"from":0,"patientstatus":0,"note":" \u0e01\u0e17\u0e21.\u0e40\u0e1b\u0e34\u0e14\u0e44\u0e17\u0e21\u0e4c\u0e44\u0e25\u0e19\u0e4c \u0e1c\u0e39\u0e49\u0e1b\u0e48\u0e27\u0e22\u0e42\u0e04\u0e27\u0e34\u0e14  \u0e1b\u0e23\u0e30\u0e08\u0e33\u0e27\u0e31\u0e19\u0e17\u0e35\u0e48  13 \u0e01\u0e1e.","source":"https:\/\/www.facebook.com\/earthpongsakornk\/posts\/462881311788436","parentcase":0},{"id":99,"status":"patient_has_been_here","date":1612569600000,"placename":"\u0e15\u0e25\u0e32\u0e14\u0e19\u0e31\u0e14 \u0e41\u0e1f\u0e25\u0e15\u0e17\u0e48\u0e32\u0e40\u0e23\u0e37\u0e2d \u0e04\u0e25\u0e2d\u0e07\u0e40\u0e15\u0e22","lat":13.71080935,"lng":100.5700614,"age":0,"gender":0,"nationality":0,"from":0,"patientstatus":0,"note":" \u0e01\u0e17\u0e21.\u0e40\u0e1b\u0e34\u0e14\u0e44\u0e17\u0e21\u0e4c\u0e44\u0e25\u0e19\u0e4c \u0e1c\u0e39\u0e49\u0e1b\u0e48\u0e27\u0e22\u0e42\u0e04\u0e27\u0e34\u0e14  \u0e1b\u0e23\u0e30\u0e08\u0e33\u0e27\u0e31\u0e19\u0e17\u0e35\u0e48  13 \u0e01\u0e1e.","source":"https:\/\/www.facebook.com\/earthpongsakornk\/posts\/462881311788436","parentcase":0},{"id":100,"status":"patient_has_been_here","date":1612569600000,"placename":"\u0e23\u0e49\u0e32\u0e19\u0e44\u0e0b\u0e40\u0e1a\u0e2d\u0e23\u0e4c\u0e42\u0e1f\u0e42\u0e15\u0e49 \u0e2b\u0e19\u0e49\u0e32\u0e28\u0e39\u0e19\u0e22\u0e4c\u0e2b\u0e19\u0e31\u0e07\u0e2a\u0e37\u0e2d\u0e08\u0e38\u0e2c\u0e32","lat":13.74404607,"lng":100.5328116,"age":0,"gender":0,"nationality":0,"from":0,"patientstatus":0,"note":" \u0e01\u0e17\u0e21.\u0e40\u0e1b\u0e34\u0e14\u0e44\u0e17\u0e21\u0e4c\u0e44\u0e25\u0e19\u0e4c \u0e1c\u0e39\u0e49\u0e1b\u0e48\u0e27\u0e22\u0e42\u0e04\u0e27\u0e34\u0e14  \u0e1b\u0e23\u0e30\u0e08\u0e33\u0e27\u0e31\u0e19\u0e17\u0e35\u0e48  13 \u0e01\u0e1e.","source":"https:\/\/www.facebook.com\/earthpongsakornk\/posts\/462881311788436","parentcase":0},{"id":101,"status":"patient_has_been_here","date":1612569600000,"placename":"\u0e2d\u0e32\u0e04\u0e32\u0e23\u0e08\u0e32\u0e21\u0e08\u0e38\u0e23\u0e35 5","lat":13.73818025,"lng":100.5289019,"age":0,"gender":0,"nationality":0,"from":0,"patientstatus":0,"note":" \u0e01\u0e17\u0e21.\u0e40\u0e1b\u0e34\u0e14\u0e44\u0e17\u0e21\u0e4c\u0e44\u0e25\u0e19\u0e4c \u0e1c\u0e39\u0e49\u0e1b\u0e48\u0e27\u0e22\u0e42\u0e04\u0e27\u0e34\u0e14  \u0e1b\u0e23\u0e30\u0e08\u0e33\u0e27\u0e31\u0e19\u0e17\u0e35\u0e48  14 \u0e01\u0e1e.","source":"https:\/\/www.facebook.com\/earthpongsakornk\/posts\/463535471723020","parentcase":0},{"id":102,"status":"patient_has_been_here","date":1612569600000,"placename":"Seacon Bangkae","lat":13.7119359,"lng":100.4347272,"age":0,"gender":0,"nationality":0,"from":0,"patientstatus":0,"note":" \u0e01\u0e17\u0e21.\u0e40\u0e1b\u0e34\u0e14\u0e44\u0e17\u0e21\u0e4c\u0e44\u0e25\u0e19\u0e4c \u0e1c\u0e39\u0e49\u0e1b\u0e48\u0e27\u0e22\u0e42\u0e04\u0e27\u0e34\u0e14  \u0e1b\u0e23\u0e30\u0e08\u0e33\u0e27\u0e31\u0e19\u0e17\u0e35\u0e48  15 \u0e01\u0e1e.","source":"https:\/\/www.facebook.com\/earthpongsakornk\/posts\/464117151664852","parentcase":0},{"id":103,"status":"patient_has_been_here","date":1612656000000,"placename":"\u0e2b\u0e2d\u0e1e\u0e31\u0e01\u0e0a\u0e27\u0e19\u0e0a\u0e21","lat":13.7407093,"lng":100.5290294,"age":0,"gender":0,"nationality":0,"from":0,"patientstatus":0,"note":" \u0e01\u0e17\u0e21.\u0e40\u0e1b\u0e34\u0e14\u0e44\u0e17\u0e21\u0e4c\u0e44\u0e25\u0e19\u0e4c \u0e1c\u0e39\u0e49\u0e1b\u0e48\u0e27\u0e22\u0e42\u0e04\u0e27\u0e34\u0e14  \u0e1b\u0e23\u0e30\u0e08\u0e33\u0e27\u0e31\u0e19\u0e17\u0e35\u0e48  11 \u0e01\u0e1e.","source":"https:\/\/www.facebook.com\/earthpongsakornk\/posts\/461555448587689","parentcase":0},{"id":104,"status":"patient_has_been_here","date":1612656000000,"placename":"\u0e28\u0e39\u0e19\u0e22\u0e4c\u0e23\u0e31\u0e01\u0e29\u0e32\u0e04\u0e27\u0e32\u0e21\u0e1b\u0e25\u0e2d\u0e14\u0e20\u0e31\u0e22 \u0e08\u0e38\u0e2c\u0e32","lat":13.7410711,"lng":100.5259049,"age":0,"gender":0,"nationality":0,"from":0,"patientstatus":0,"note":" \u0e01\u0e17\u0e21.\u0e40\u0e1b\u0e34\u0e14\u0e44\u0e17\u0e21\u0e4c\u0e44\u0e25\u0e19\u0e4c \u0e1c\u0e39\u0e49\u0e1b\u0e48\u0e27\u0e22\u0e42\u0e04\u0e27\u0e34\u0e14  \u0e1b\u0e23\u0e30\u0e08\u0e33\u0e27\u0e31\u0e19\u0e17\u0e35\u0e48  11 \u0e01\u0e1e.","source":"https:\/\/www.facebook.com\/earthpongsakornk\/posts\/461555448587689","parentcase":0},{"id":105,"status":"patient_has_been_here","date":1612656000000,"placename":"Cafe amazon Terminal 21","lat":13.73755134,"lng":100.5605514,"age":0,"gender":0,"nationality":0,"from":0,"patientstatus":0,"note":" \u0e01\u0e17\u0e21.\u0e40\u0e1b\u0e34\u0e14\u0e44\u0e17\u0e21\u0e4c\u0e44\u0e25\u0e19\u0e4c \u0e1c\u0e39\u0e49\u0e1b\u0e48\u0e27\u0e22\u0e42\u0e04\u0e27\u0e34\u0e14  \u0e1b\u0e23\u0e30\u0e08\u0e33\u0e27\u0e31\u0e19\u0e17\u0e35\u0e48  13 \u0e01\u0e1e.","source":"https:\/\/www.facebook.com\/earthpongsakornk\/posts\/462881311788436","parentcase":0},{"id":106,"status":"patient_has_been_here","date":1612656000000,"placename":"MK Restuarant Terminal 21","lat":13.73852226,"lng":100.5606332,"age":0,"gender":0,"nationality":0,"from":0,"patientstatus":0,"note":" \u0e01\u0e17\u0e21.\u0e40\u0e1b\u0e34\u0e14\u0e44\u0e17\u0e21\u0e4c\u0e44\u0e25\u0e19\u0e4c \u0e1c\u0e39\u0e49\u0e1b\u0e48\u0e27\u0e22\u0e42\u0e04\u0e27\u0e34\u0e14  \u0e1b\u0e23\u0e30\u0e08\u0e33\u0e27\u0e31\u0e19\u0e17\u0e35\u0e48  13 \u0e01\u0e1e.","source":"https:\/\/www.facebook.com\/earthpongsakornk\/posts\/462881311788436","parentcase":0},{"id":107,"status":"patient_has_been_here","date":1612656000000,"placename":"Eve and boy Terminal 21","lat":13.73805302,"lng":100.5606309,"age":0,"gender":0,"nationality":0,"from":0,"patientstatus":0,"note":" \u0e01\u0e17\u0e21.\u0e40\u0e1b\u0e34\u0e14\u0e44\u0e17\u0e21\u0e4c\u0e44\u0e25\u0e19\u0e4c \u0e1c\u0e39\u0e49\u0e1b\u0e48\u0e27\u0e22\u0e42\u0e04\u0e27\u0e34\u0e14  \u0e1b\u0e23\u0e30\u0e08\u0e33\u0e27\u0e31\u0e19\u0e17\u0e35\u0e48  13 \u0e01\u0e1e.","source":"https:\/\/www.facebook.com\/earthpongsakornk\/posts\/462881311788436","parentcase":0},{"id":108,"status":"patient_has_been_here","date":1612656000000,"placename":"\u0e04\u0e25\u0e2d\u0e07\u0e16\u0e21\u0e40\u0e0b\u0e47\u0e19\u0e40\u0e15\u0e2d\u0e23\u0e4c","lat":13.74643623,"lng":100.5068449,"age":0,"gender":0,"nationality":0,"from":0,"patientstatus":0,"note":" \u0e01\u0e17\u0e21.\u0e40\u0e1b\u0e34\u0e14\u0e44\u0e17\u0e21\u0e4c\u0e44\u0e25\u0e19\u0e4c \u0e1c\u0e39\u0e49\u0e1b\u0e48\u0e27\u0e22\u0e42\u0e04\u0e27\u0e34\u0e14  \u0e1b\u0e23\u0e30\u0e08\u0e33\u0e27\u0e31\u0e19\u0e17\u0e35\u0e48  13 \u0e01\u0e1e.","source":"https:\/\/www.facebook.com\/earthpongsakornk\/posts\/462881311788436","parentcase":0},{"id":109,"status":"patient_has_been_here","date":1612656000000,"placename":"\u0e2d\u0e32\u0e04\u0e32\u0e23\u0e08\u0e38\u0e2c\u0e32\u0e19\u0e34\u0e40\u0e27\u0e28\u0e19\u0e4c","lat":13.74064474,"lng":100.5271029,"age":0,"gender":0,"nationality":0,"from":0,"patientstatus":0,"note":" \u0e01\u0e17\u0e21.\u0e40\u0e1b\u0e34\u0e14\u0e44\u0e17\u0e21\u0e4c\u0e44\u0e25\u0e19\u0e4c \u0e1c\u0e39\u0e49\u0e1b\u0e48\u0e27\u0e22\u0e42\u0e04\u0e27\u0e34\u0e14  \u0e1b\u0e23\u0e30\u0e08\u0e33\u0e27\u0e31\u0e19\u0e17\u0e35\u0e48  14 \u0e01\u0e1e.","source":"https:\/\/www.facebook.com\/earthpongsakornk\/posts\/463535471723020","parentcase":0},{"id":110,"status":"patient_has_been_here","date":1612656000000,"placename":"\u0e1b\u0e32\u0e01\u0e0b\u0e2d\u0e22 \u0e40\u0e2d\u0e37\u0e49\u0e2d\u0e2d\u0e32\u0e17\u0e23 81 \u0e2b\u0e19\u0e2d\u0e07\u0e41\u0e02\u0e21","lat":13.67904452,"lng":100.3363908,"age":0,"gender":0,"nationality":0,"from":0,"patientstatus":0,"note":" \u0e01\u0e17\u0e21.\u0e40\u0e1b\u0e34\u0e14\u0e44\u0e17\u0e21\u0e4c\u0e44\u0e25\u0e19\u0e4c \u0e1c\u0e39\u0e49\u0e1b\u0e48\u0e27\u0e22\u0e42\u0e04\u0e27\u0e34\u0e14  \u0e1b\u0e23\u0e30\u0e08\u0e33\u0e27\u0e31\u0e19\u0e17\u0e35\u0e48  15 \u0e01\u0e1e.","source":"https:\/\/www.facebook.com\/earthpongsakornk\/posts\/464117151664852","parentcase":0},{"id":111,"status":"patient_has_been_here","date":1612742400000,"placename":"\u0e2d\u0e32\u0e04\u0e32\u0e23\u0e40\u0e17\u0e34\u0e14\u0e1e\u0e23\u0e30\u0e40\u0e01\u0e35\u0e22\u0e23\u0e15\u0e34 \u0e1e\u0e23\u0e30\u0e23\u0e32\u0e214","lat":13.73207345,"lng":100.533142,"age":0,"gender":0,"nationality":0,"from":0,"patientstatus":0,"note":" \u0e01\u0e17\u0e21.\u0e40\u0e1b\u0e34\u0e14\u0e44\u0e17\u0e21\u0e4c\u0e44\u0e25\u0e19\u0e4c \u0e1c\u0e39\u0e49\u0e1b\u0e48\u0e27\u0e22\u0e42\u0e04\u0e27\u0e34\u0e14  \u0e1b\u0e23\u0e30\u0e08\u0e33\u0e27\u0e31\u0e19\u0e17\u0e35\u0e48  13 \u0e01\u0e1e.","source":"https:\/\/www.facebook.com\/earthpongsakornk\/posts\/462881311788436","parentcase":0},{"id":112,"status":"patient_has_been_here","date":1612742400000,"placename":"\u0e1b\u0e23\u0e30\u0e15\u0e39\u0e04\u0e13\u0e30\u0e2d\u0e31\u0e01\u0e29\u0e23\u0e28\u0e32\u0e2a\u0e15\u0e23\u0e4c \u0e08\u0e38\u0e2c\u0e32","lat":13.7386876,"lng":100.5346272,"age":0,"gender":0,"nationality":0,"from":0,"patientstatus":0,"note":" \u0e01\u0e17\u0e21.\u0e40\u0e1b\u0e34\u0e14\u0e44\u0e17\u0e21\u0e4c\u0e44\u0e25\u0e19\u0e4c \u0e1c\u0e39\u0e49\u0e1b\u0e48\u0e27\u0e22\u0e42\u0e04\u0e27\u0e34\u0e14  \u0e1b\u0e23\u0e30\u0e08\u0e33\u0e27\u0e31\u0e19\u0e17\u0e35\u0e48  14 \u0e01\u0e1e.","source":"https:\/\/www.facebook.com\/earthpongsakornk\/posts\/463535471723020","parentcase":0},{"id":113,"status":"patient_has_been_here","date":1612742400000,"placename":"\u0e42\u0e23\u0e07\u0e2d\u0e32\u0e2b\u0e32\u0e23\u0e04\u0e13\u0e30\u0e2d\u0e31\u0e01\u0e29\u0e23\u0e28\u0e32\u0e2a\u0e15\u0e23\u0e4c \u0e08\u0e38\u0e2c\u0e32","lat":13.73902918,"lng":100.5344107,"age":0,"gender":0,"nationality":0,"from":0,"patientstatus":0,"note":" \u0e01\u0e17\u0e21.\u0e40\u0e1b\u0e34\u0e14\u0e44\u0e17\u0e21\u0e4c\u0e44\u0e25\u0e19\u0e4c \u0e1c\u0e39\u0e49\u0e1b\u0e48\u0e27\u0e22\u0e42\u0e04\u0e27\u0e34\u0e14  \u0e1b\u0e23\u0e30\u0e08\u0e33\u0e27\u0e31\u0e19\u0e17\u0e35\u0e48  14 \u0e01\u0e1e.","source":"https:\/\/www.facebook.com\/earthpongsakornk\/posts\/463535471723020","parentcase":0},{"id":114,"status":"patient_has_been_here","date":1612742400000,"placename":"\u0e2b\u0e2d\u0e1b\u0e23\u0e30\u0e0a\u0e38\u0e21\u0e08\u0e38\u0e2c\u0e32","lat":13.73825721,"lng":100.5326718,"age":0,"gender":0,"nationality":0,"from":0,"patientstatus":0,"note":" \u0e01\u0e17\u0e21.\u0e40\u0e1b\u0e34\u0e14\u0e44\u0e17\u0e21\u0e4c\u0e44\u0e25\u0e19\u0e4c \u0e1c\u0e39\u0e49\u0e1b\u0e48\u0e27\u0e22\u0e42\u0e04\u0e27\u0e34\u0e14  \u0e1b\u0e23\u0e30\u0e08\u0e33\u0e27\u0e31\u0e19\u0e17\u0e35\u0e48  14 \u0e01\u0e1e.","source":"https:\/\/www.facebook.com\/earthpongsakornk\/posts\/463535471723020","parentcase":0},{"id":115,"status":"patient_has_been_here","date":1612828800000,"placename":"\u0e25\u0e32\u0e19\u0e08\u0e2d\u0e14\u0e23\u0e16\u0e2a\u0e33\u0e19\u0e31\u0e01\u0e17\u0e30\u0e40\u0e1a\u0e35\u0e22\u0e19\u0e08\u0e38\u0e2c\u0e32","lat":13.73822735,"lng":100.5284446,"age":0,"gender":0,"nationality":0,"from":0,"patientstatus":0,"note":" \u0e01\u0e17\u0e21.\u0e40\u0e1b\u0e34\u0e14\u0e44\u0e17\u0e21\u0e4c\u0e44\u0e25\u0e19\u0e4c \u0e1c\u0e39\u0e49\u0e1b\u0e48\u0e27\u0e22\u0e42\u0e04\u0e27\u0e34\u0e14  \u0e1b\u0e23\u0e30\u0e08\u0e33\u0e27\u0e31\u0e19\u0e17\u0e35\u0e48  14 \u0e01\u0e1e.","source":"https:\/\/www.facebook.com\/earthpongsakornk\/posts\/463535471723020","parentcase":0},{"id":116,"status":"patient_has_been_here","date":1612828800000,"placename":"\u0e15\u0e25\u0e32\u0e14\u0e2a\u0e33\u0e40\u0e2b\u0e23\u0e48 \u0e0b\u0e2d\u0e22\u0e2a\u0e21\u0e40\u0e14\u0e47\u0e08\u0e1e\u0e23\u0e30\u0e40\u0e08\u0e49\u0e32\u0e15\u0e32\u0e01\u0e2a\u0e34\u0e19 21","lat":13.71216883,"lng":100.4886336,"age":0,"gender":0,"nationality":0,"from":0,"patientstatus":0,"note":" \u0e01\u0e17\u0e21.\u0e40\u0e1b\u0e34\u0e14\u0e44\u0e17\u0e21\u0e4c\u0e44\u0e25\u0e19\u0e4c \u0e1c\u0e39\u0e49\u0e1b\u0e48\u0e27\u0e22\u0e42\u0e04\u0e27\u0e34\u0e14  \u0e1b\u0e23\u0e30\u0e08\u0e33\u0e27\u0e31\u0e19\u0e17\u0e35\u0e48  14 \u0e01\u0e1e.","source":"https:\/\/www.facebook.com\/earthpongsakornk\/posts\/463535471723020","parentcase":0},{"id":117,"status":"patient_has_been_here","date":1612828800000,"placename":"\u0e15\u0e25\u0e32\u0e14\u0e40\u0e07\u0e34\u0e19\u0e27\u0e34\u0e08\u0e34\u0e15\u0e23 \u0e04\u0e25\u0e2d\u0e07\u0e15\u0e49\u0e19\u0e44\u0e17\u0e23","lat":13.72441648,"lng":100.4930201,"age":0,"gender":0,"nationality":0,"from":0,"patientstatus":0,"note":" \u0e01\u0e17\u0e21.\u0e40\u0e1b\u0e34\u0e14\u0e44\u0e17\u0e21\u0e4c\u0e44\u0e25\u0e19\u0e4c \u0e1c\u0e39\u0e49\u0e1b\u0e48\u0e27\u0e22\u0e42\u0e04\u0e27\u0e34\u0e14  \u0e1b\u0e23\u0e30\u0e08\u0e33\u0e27\u0e31\u0e19\u0e17\u0e35\u0e48  14 \u0e01\u0e1e.","source":"https:\/\/www.facebook.com\/earthpongsakornk\/posts\/463535471723020","parentcase":0},{"id":118,"status":"patient_has_been_here","date":1612915200000,"placename":"\u0e1b\u0e49\u0e2d\u0e21 \u0e23\u0e1b\u0e20.\u0e28\u0e39\u0e19\u0e22\u0e4c\u0e2a\u0e31\u0e15\u0e27\u0e4c\u0e17\u0e14\u0e25\u0e2d\u0e07 \u0e08\u0e38\u0e2c\u0e32","lat":13.74243313,"lng":100.533686,"age":0,"gender":0,"nationality":0,"from":0,"patientstatus":0,"note":" \u0e01\u0e17\u0e21.\u0e40\u0e1b\u0e34\u0e14\u0e44\u0e17\u0e21\u0e4c\u0e44\u0e25\u0e19\u0e4c \u0e1c\u0e39\u0e49\u0e1b\u0e48\u0e27\u0e22\u0e42\u0e04\u0e27\u0e34\u0e14  \u0e1b\u0e23\u0e30\u0e08\u0e33\u0e27\u0e31\u0e19\u0e17\u0e35\u0e48  14 \u0e01\u0e1e.","source":"https:\/\/www.facebook.com\/earthpongsakornk\/posts\/463535471723020","parentcase":0},{"id":119,"status":"patient_has_been_here","date":1612915200000,"placename":"i'm park","lat":13.74007973,"lng":100.5246268,"age":0,"gender":0,"nationality":0,"from":0,"patientstatus":0,"note":" \u0e01\u0e17\u0e21.\u0e40\u0e1b\u0e34\u0e14\u0e44\u0e17\u0e21\u0e4c\u0e44\u0e25\u0e19\u0e4c \u0e1c\u0e39\u0e49\u0e1b\u0e48\u0e27\u0e22\u0e42\u0e04\u0e27\u0e34\u0e14  \u0e1b\u0e23\u0e30\u0e08\u0e33\u0e27\u0e31\u0e19\u0e17\u0e35\u0e48  14 \u0e01\u0e1e.","source":"https:\/\/www.facebook.com\/earthpongsakornk\/posts\/463535471723020","parentcase":0},{"id":120,"status":"patient_has_been_here","date":1612915200000,"placename":"\u0e15\u0e25\u0e32\u0e14\u0e2a\u0e35\u0e48\u0e21\u0e38\u0e21\u0e40\u0e21\u0e37\u0e2d\u0e07","lat":13.96212333,"lng":100.6186288,"age":0,"gender":0,"nationality":0,"from":0,"patientstatus":0,"note":" \u0e01\u0e17\u0e21.\u0e40\u0e1b\u0e34\u0e14\u0e44\u0e17\u0e21\u0e4c\u0e44\u0e25\u0e19\u0e4c \u0e1c\u0e39\u0e49\u0e1b\u0e48\u0e27\u0e22\u0e42\u0e04\u0e27\u0e34\u0e14  \u0e1b\u0e23\u0e30\u0e08\u0e33\u0e27\u0e31\u0e19\u0e17\u0e35\u0e48  15 \u0e01\u0e1e.","source":"https:\/\/www.facebook.com\/earthpongsakornk\/posts\/464117151664852","parentcase":0}]