[{"id":134,"status":"patient_has_been_here","date":1611100800000,"placename":"\u0e40\u0e0b\u0e47\u0e19\u0e17\u0e23\u0e31\u0e25 \u0e25\u0e32\u0e14\u0e1e\u0e23\u0e49\u0e32\u0e27","lat":13.8162659,"lng":100.5609521,"age":0,"gender":0,"nationality":0,"from":0,"patientstatus":0,"note":" \u0e01\u0e17\u0e21.\u0e40\u0e1b\u0e34\u0e14\u0e44\u0e17\u0e21\u0e4c\u0e44\u0e25\u0e19\u0e4c \u0e1c\u0e39\u0e49\u0e1b\u0e48\u0e27\u0e22\u0e42\u0e04\u0e27\u0e34\u0e14  \u0e1b\u0e23\u0e30\u0e08\u0e33\u0e27\u0e31\u0e19\u0e17\u0e35\u0e48  27 \u0e21\u0e04.","source":"https:\/\/web.facebook.com\/earthpongsakornk\/posts\/452138166196084","parentcase":0},{"id":135,"status":"patient_has_been_here","date":1611100800000,"placename":"\u0e23\u0e49\u0e32\u0e19\u0e40\u0e2d\u0e4b \u0e0b\u0e35\u0e1f\u0e39\u0e49\u0e14 \u0e1a\u0e23\u0e23\u0e17\u0e31\u0e14\u0e17\u0e2d\u0e07","lat":13.74049535,"lng":100.522359,"age":0,"gender":0,"nationality":0,"from":0,"patientstatus":0,"note":" \u0e01\u0e17\u0e21.\u0e40\u0e1b\u0e34\u0e14\u0e44\u0e17\u0e21\u0e4c\u0e44\u0e25\u0e19\u0e4c \u0e1c\u0e39\u0e49\u0e1b\u0e48\u0e27\u0e22\u0e42\u0e04\u0e27\u0e34\u0e14  \u0e1b\u0e23\u0e30\u0e08\u0e33\u0e27\u0e31\u0e19\u0e17\u0e35\u0e48  26 \u0e21\u0e04.","source":"https:\/\/web.facebook.com\/earthpongsakornk\/posts\/451507699592464","parentcase":0},{"id":136,"status":"patient_has_been_here","date":1611100800000,"placename":"The mall \u0e07\u0e32\u0e21\u0e27\u0e07\u0e28\u0e4c\u0e27\u0e32\u0e19","lat":13.85569344,"lng":100.542084,"age":0,"gender":0,"nationality":0,"from":0,"patientstatus":0,"note":" \u0e01\u0e17\u0e21.\u0e40\u0e1b\u0e34\u0e14\u0e44\u0e17\u0e21\u0e4c\u0e44\u0e25\u0e19\u0e4c \u0e1c\u0e39\u0e49\u0e1b\u0e48\u0e27\u0e22\u0e42\u0e04\u0e27\u0e34\u0e14  \u0e1b\u0e23\u0e30\u0e08\u0e33\u0e27\u0e31\u0e19\u0e17\u0e35\u0e48  24 \u0e21\u0e04.","source":"https:\/\/web.facebook.com\/earthpongsakornk\/posts\/450525269690707","parentcase":0},{"id":137,"status":"patient_has_been_here","date":1611100800000,"placename":"\u0e40\u0e2d\u0e4b \u0e0b\u0e35\u0e1f\u0e39\u0e49\u0e14 \u0e1a\u0e23\u0e23\u0e17\u0e31\u0e14\u0e17\u0e2d\u0e07","lat":13.74047635,"lng":100.5223728,"age":0,"gender":0,"nationality":0,"from":0,"patientstatus":0,"note":" \u0e01\u0e17\u0e21.\u0e40\u0e1b\u0e34\u0e14\u0e44\u0e17\u0e21\u0e4c\u0e44\u0e25\u0e19\u0e4c \u0e1c\u0e39\u0e49\u0e1b\u0e48\u0e27\u0e22\u0e42\u0e04\u0e27\u0e34\u0e14  \u0e1b\u0e23\u0e30\u0e08\u0e33\u0e27\u0e31\u0e19\u0e17\u0e35\u0e48  31 \u0e21\u0e04.","source":"https:\/\/www.facebook.com\/earthpongsakornk\/posts\/455454052531162","parentcase":0},{"id":138,"status":"patient_has_been_here","date":1611100800000,"placename":"Lotus \u0e2d\u0e48\u0e2d\u0e19\u0e19\u0e38\u0e0a","lat":13.70508012,"lng":100.6005317,"age":0,"gender":0,"nationality":0,"from":0,"patientstatus":0,"note":" \u0e01\u0e17\u0e21.\u0e40\u0e1b\u0e34\u0e14\u0e44\u0e17\u0e21\u0e4c\u0e44\u0e25\u0e19\u0e4c \u0e1c\u0e39\u0e49\u0e1b\u0e48\u0e27\u0e22\u0e42\u0e04\u0e27\u0e34\u0e14  \u0e1b\u0e23\u0e30\u0e08\u0e33\u0e27\u0e31\u0e19\u0e17\u0e35\u0e48  31 \u0e21\u0e04.","source":"https:\/\/www.facebook.com\/earthpongsakornk\/posts\/455454052531162","parentcase":0},{"id":139,"status":"patient_has_been_here","date":1611187200000,"placename":"\u0e2d\u0e32\u0e04\u0e32\u0e23\u0e27\u0e23\u0e23\u0e13\u0e2a\u0e23\u0e13\u0e4c \u0e23\u0e32\u0e0a\u0e40\u0e17\u0e27\u0e35","lat":13.75823859,"lng":100.5350387,"age":0,"gender":0,"nationality":0,"from":0,"patientstatus":0,"note":" \u0e01\u0e17\u0e21.\u0e40\u0e1b\u0e34\u0e14\u0e44\u0e17\u0e21\u0e4c\u0e44\u0e25\u0e19\u0e4c \u0e1c\u0e39\u0e49\u0e1b\u0e48\u0e27\u0e22\u0e42\u0e04\u0e27\u0e34\u0e14  \u0e1b\u0e23\u0e30\u0e08\u0e33\u0e27\u0e31\u0e19\u0e17\u0e35\u0e48  27 \u0e21\u0e04.","source":"https:\/\/web.facebook.com\/earthpongsakornk\/posts\/452138166196084","parentcase":0},{"id":140,"status":"patient_has_been_here","date":1611187200000,"placename":"\u0e01\u0e23\u0e30\u0e17\u0e23\u0e27\u0e07\u0e28\u0e36\u0e01\u0e29\u0e32\u0e18\u0e34\u0e01\u0e32\u0e23 \u0e40\u0e02\u0e15\u0e14\u0e38\u0e2a\u0e34\u0e15","lat":13.76561213,"lng":100.5089724,"age":0,"gender":0,"nationality":0,"from":0,"patientstatus":0,"note":" \u0e01\u0e17\u0e21.\u0e40\u0e1b\u0e34\u0e14\u0e44\u0e17\u0e21\u0e4c\u0e44\u0e25\u0e19\u0e4c \u0e1c\u0e39\u0e49\u0e1b\u0e48\u0e27\u0e22\u0e42\u0e04\u0e27\u0e34\u0e14  \u0e1b\u0e23\u0e30\u0e08\u0e33\u0e27\u0e31\u0e19\u0e17\u0e35\u0e48  27 \u0e21\u0e04.","source":"https:\/\/web.facebook.com\/earthpongsakornk\/posts\/452138166196084","parentcase":0},{"id":141,"status":"patient_has_been_here","date":1611187200000,"placename":"\u0e04\u0e34\u0e07\u0e1e\u0e32\u0e27\u0e40\u0e27\u0e2d\u0e23\u0e4c \u0e23\u0e32\u0e0a\u0e40\u0e17\u0e27\u0e35","lat":13.76041719,"lng":100.538129,"age":0,"gender":0,"nationality":0,"from":0,"patientstatus":0,"note":" \u0e01\u0e17\u0e21.\u0e40\u0e1b\u0e34\u0e14\u0e44\u0e17\u0e21\u0e4c\u0e44\u0e25\u0e19\u0e4c \u0e1c\u0e39\u0e49\u0e1b\u0e48\u0e27\u0e22\u0e42\u0e04\u0e27\u0e34\u0e14  \u0e1b\u0e23\u0e30\u0e08\u0e33\u0e27\u0e31\u0e19\u0e17\u0e35\u0e48  26 \u0e21\u0e04.","source":"https:\/\/web.facebook.com\/earthpongsakornk\/posts\/451507699592464","parentcase":0},{"id":142,"status":"patient_has_been_here","date":1611187200000,"placename":"\u0e18\u0e19\u0e32\u0e04\u0e32\u0e23\u0e44\u0e17\u0e22\u0e1e\u0e32\u0e19\u0e34\u0e0a\u0e22\u0e4c \u0e15\u0e36\u0e01\u0e40\u0e2d\u0e47\u0e01\u0e0b\u0e4c\u0e40\u0e0a\u0e19\u0e08\u0e4c\u0e17\u0e32\u0e27\u0e40\u0e27\u0e2d\u0e23\u0e4c \u0e04\u0e25\u0e2d\u0e07\u0e40\u0e15\u0e22","lat":13.7354952,"lng":100.5616774,"age":0,"gender":0,"nationality":0,"from":0,"patientstatus":0,"note":" \u0e01\u0e17\u0e21.\u0e40\u0e1b\u0e34\u0e14\u0e44\u0e17\u0e21\u0e4c\u0e44\u0e25\u0e19\u0e4c \u0e1c\u0e39\u0e49\u0e1b\u0e48\u0e27\u0e22\u0e42\u0e04\u0e27\u0e34\u0e14  \u0e1b\u0e23\u0e30\u0e08\u0e33\u0e27\u0e31\u0e19\u0e17\u0e35\u0e48  28 \u0e21\u0e04.","source":"https:\/\/web.facebook.com\/earthpongsakornk\/posts\/452956482780919","parentcase":0},{"id":143,"status":"patient_has_been_here","date":1611187200000,"placename":"\u0e18\u0e19\u0e32\u0e04\u0e32\u0e23\u0e01\u0e2a\u0e34\u0e01\u0e23\u0e44\u0e17\u0e22 \u0e15\u0e36\u0e01\u0e40\u0e2d\u0e47\u0e01\u0e0b\u0e4c\u0e40\u0e0a\u0e19\u0e08\u0e4c\u0e17\u0e32\u0e27\u0e40\u0e27\u0e2d\u0e23\u0e4c \u0e04\u0e25\u0e2d\u0e07\u0e40\u0e15\u0e22","lat":13.73565939,"lng":100.5617249,"age":0,"gender":0,"nationality":0,"from":0,"patientstatus":0,"note":" \u0e01\u0e17\u0e21.\u0e40\u0e1b\u0e34\u0e14\u0e44\u0e17\u0e21\u0e4c\u0e44\u0e25\u0e19\u0e4c \u0e1c\u0e39\u0e49\u0e1b\u0e48\u0e27\u0e22\u0e42\u0e04\u0e27\u0e34\u0e14  \u0e1b\u0e23\u0e30\u0e08\u0e33\u0e27\u0e31\u0e19\u0e17\u0e35\u0e48  28 \u0e21\u0e04.","source":"https:\/\/web.facebook.com\/earthpongsakornk\/posts\/452956482780919","parentcase":0},{"id":144,"status":"patient_has_been_here","date":1611187200000,"placename":"\u0e18\u0e19\u0e32\u0e04\u0e32\u0e23\u0e01\u0e23\u0e38\u0e07\u0e28\u0e23\u0e35\u0e2d\u0e22\u0e38\u0e18\u0e22\u0e32 \u0e15\u0e36\u0e01\u0e40\u0e2d\u0e47\u0e01\u0e0b\u0e4c\u0e40\u0e0a\u0e19\u0e08\u0e4c\u0e17\u0e32\u0e27\u0e40\u0e27\u0e2d\u0e23\u0e4c \u0e04\u0e25\u0e2d\u0e07\u0e40\u0e15\u0e22","lat":13.73550438,"lng":100.5616711,"age":0,"gender":0,"nationality":0,"from":0,"patientstatus":0,"note":" \u0e01\u0e17\u0e21.\u0e40\u0e1b\u0e34\u0e14\u0e44\u0e17\u0e21\u0e4c\u0e44\u0e25\u0e19\u0e4c \u0e1c\u0e39\u0e49\u0e1b\u0e48\u0e27\u0e22\u0e42\u0e04\u0e27\u0e34\u0e14  \u0e1b\u0e23\u0e30\u0e08\u0e33\u0e27\u0e31\u0e19\u0e17\u0e35\u0e48  28 \u0e21\u0e04.","source":"https:\/\/web.facebook.com\/earthpongsakornk\/posts\/452956482780919","parentcase":0},{"id":145,"status":"patient_has_been_here","date":1611187200000,"placename":"\u0e42\u0e23\u0e1a\u0e34\u0e19\u0e2a\u0e31\u0e19 \u0e2a\u0e38\u0e02\u0e38\u0e21\u0e27\u0e34\u0e17 ","lat":13.73798989,"lng":100.559502,"age":0,"gender":0,"nationality":0,"from":0,"patientstatus":0,"note":" \u0e01\u0e17\u0e21.\u0e40\u0e1b\u0e34\u0e14\u0e44\u0e17\u0e21\u0e4c\u0e44\u0e25\u0e19\u0e4c \u0e1c\u0e39\u0e49\u0e1b\u0e48\u0e27\u0e22\u0e42\u0e04\u0e27\u0e34\u0e14  \u0e1b\u0e23\u0e30\u0e08\u0e33\u0e27\u0e31\u0e19\u0e17\u0e35\u0e48  28 \u0e21\u0e04.","source":"https:\/\/web.facebook.com\/earthpongsakornk\/posts\/452956482780919","parentcase":0},{"id":146,"status":"patient_has_been_here","date":1611187200000,"placename":"\u0e41\u0e21\u0e04\u0e42\u0e14\u0e19\u0e31\u0e25\u0e14\u0e4c \u0e42\u0e23\u0e1a\u0e34\u0e19\u0e2a\u0e31\u0e19 \u0e2a\u0e38\u0e02\u0e38\u0e21\u0e27\u0e34\u0e17","lat":13.73816611,"lng":100.5594334,"age":0,"gender":0,"nationality":0,"from":0,"patientstatus":0,"note":" \u0e01\u0e17\u0e21.\u0e40\u0e1b\u0e34\u0e14\u0e44\u0e17\u0e21\u0e4c\u0e44\u0e25\u0e19\u0e4c \u0e1c\u0e39\u0e49\u0e1b\u0e48\u0e27\u0e22\u0e42\u0e04\u0e27\u0e34\u0e14  \u0e1b\u0e23\u0e30\u0e08\u0e33\u0e27\u0e31\u0e19\u0e17\u0e35\u0e48  28 \u0e21\u0e04.","source":"https:\/\/web.facebook.com\/earthpongsakornk\/posts\/452956482780919","parentcase":0},{"id":147,"status":"patient_has_been_here","date":1611187200000,"placename":"ICON SIAM ","lat":13.72659217,"lng":100.5098409,"age":0,"gender":0,"nationality":0,"from":0,"patientstatus":0,"note":" \u0e01\u0e17\u0e21.\u0e40\u0e1b\u0e34\u0e14\u0e44\u0e17\u0e21\u0e4c\u0e44\u0e25\u0e19\u0e4c \u0e1c\u0e39\u0e49\u0e1b\u0e48\u0e27\u0e22\u0e42\u0e04\u0e27\u0e34\u0e14  \u0e1b\u0e23\u0e30\u0e08\u0e33\u0e27\u0e31\u0e19\u0e17\u0e35\u0e48  28 \u0e21\u0e04.","source":"https:\/\/web.facebook.com\/earthpongsakornk\/posts\/452956482780919","parentcase":0},{"id":148,"status":"patient_has_been_here","date":1611187200000,"placename":"\u0e1b\u0e31\u0e4a\u0e21 \u0e1b\u0e15\u0e17. \u0e17\u0e32\u0e07\u0e25\u0e07\u0e14\u0e48\u0e32\u0e19\u0e40\u0e01\u0e47\u0e1a\u0e04\u0e48\u0e32\u0e1c\u0e48\u0e32\u0e19\u0e17\u0e32\u0e07 \u0e1a\u0e32\u0e07\u0e25\u0e30\u0e21\u0e38\u0e07","lat":12.94549134,"lng":100.9042851,"age":0,"gender":0,"nationality":0,"from":0,"patientstatus":0,"note":" \u0e01\u0e17\u0e21.\u0e40\u0e1b\u0e34\u0e14\u0e44\u0e17\u0e21\u0e4c\u0e44\u0e25\u0e19\u0e4c \u0e1c\u0e39\u0e49\u0e1b\u0e48\u0e27\u0e22\u0e42\u0e04\u0e27\u0e34\u0e14  \u0e1b\u0e23\u0e30\u0e08\u0e33\u0e27\u0e31\u0e19\u0e17\u0e35\u0e48  30 \u0e21\u0e04.","source":"https:\/\/www.facebook.com\/earthpongsakornk\/posts\/454073426002558","parentcase":0},{"id":149,"status":"patient_has_been_here","date":1611187200000,"placename":"\u0e15\u0e25\u0e32\u0e14\u0e2d\u0e34\u0e19\u0e14\u0e35\u0e49 ","lat":13.69101533,"lng":100.4809601,"age":0,"gender":0,"nationality":0,"from":0,"patientstatus":0,"note":" \u0e01\u0e17\u0e21.\u0e40\u0e1b\u0e34\u0e14\u0e44\u0e17\u0e21\u0e4c\u0e44\u0e25\u0e19\u0e4c \u0e1c\u0e39\u0e49\u0e1b\u0e48\u0e27\u0e22\u0e42\u0e04\u0e27\u0e34\u0e14  \u0e1b\u0e23\u0e30\u0e08\u0e33\u0e27\u0e31\u0e19\u0e17\u0e35\u0e48  30 \u0e21\u0e04.","source":"https:\/\/www.facebook.com\/earthpongsakornk\/posts\/454073426002558","parentcase":0},{"id":150,"status":"patient_has_been_here","date":1611187200000,"placename":"\u0e15\u0e25\u0e32\u0e14\u0e2b\u0e19\u0e49\u0e32\u0e2b\u0e49\u0e32\u0e07 Big C \u0e2d\u0e48\u0e2d\u0e19\u0e19\u0e38\u0e0a","lat":13.71007281,"lng":100.6007857,"age":0,"gender":0,"nationality":0,"from":0,"patientstatus":0,"note":" \u0e01\u0e17\u0e21.\u0e40\u0e1b\u0e34\u0e14\u0e44\u0e17\u0e21\u0e4c\u0e44\u0e25\u0e19\u0e4c \u0e1c\u0e39\u0e49\u0e1b\u0e48\u0e27\u0e22\u0e42\u0e04\u0e27\u0e34\u0e14  \u0e1b\u0e23\u0e30\u0e08\u0e33\u0e27\u0e31\u0e19\u0e17\u0e35\u0e48  31 \u0e21\u0e04.","source":"https:\/\/www.facebook.com\/earthpongsakornk\/posts\/455454052531162","parentcase":0},{"id":151,"status":"patient_has_been_here","date":1611273600000,"placename":"\u0e40\u0e21\u0e40\u0e08\u0e2d\u0e23\u0e4c\u0e23\u0e31\u0e0a\u0e42\u0e22\u0e18\u0e34\u0e19 ","lat":13.82881268,"lng":100.5686601,"age":0,"gender":0,"nationality":0,"from":0,"patientstatus":0,"note":" \u0e01\u0e17\u0e21.\u0e40\u0e1b\u0e34\u0e14\u0e44\u0e17\u0e21\u0e4c\u0e44\u0e25\u0e19\u0e4c \u0e1c\u0e39\u0e49\u0e1b\u0e48\u0e27\u0e22\u0e42\u0e04\u0e27\u0e34\u0e14  \u0e1b\u0e23\u0e30\u0e08\u0e33\u0e27\u0e31\u0e19\u0e17\u0e35\u0e48  27 \u0e21\u0e04.","source":"https:\/\/web.facebook.com\/earthpongsakornk\/posts\/452138166196084","parentcase":0},{"id":152,"status":"patient_has_been_here","date":1611273600000,"placename":"starbuck \u0e04\u0e23\u0e34\u0e2a\u0e15\u0e31\u0e25\u0e1b\u0e32\u0e23\u0e4c\u0e04 \u0e25\u0e32\u0e14\u0e1e\u0e23\u0e49\u0e32\u0e27","lat":13.81119997,"lng":100.6188895,"age":0,"gender":0,"nationality":0,"from":0,"patientstatus":0,"note":" \u0e01\u0e17\u0e21.\u0e40\u0e1b\u0e34\u0e14\u0e44\u0e17\u0e21\u0e4c\u0e44\u0e25\u0e19\u0e4c \u0e1c\u0e39\u0e49\u0e1b\u0e48\u0e27\u0e22\u0e42\u0e04\u0e27\u0e34\u0e14  \u0e1b\u0e23\u0e30\u0e08\u0e33\u0e27\u0e31\u0e19\u0e17\u0e35\u0e48  27 \u0e21\u0e04.","source":"https:\/\/web.facebook.com\/earthpongsakornk\/posts\/452138166196084","parentcase":0},{"id":153,"status":"patient_has_been_here","date":1611273600000,"placename":"FYI \u0e16\u0e19\u0e19 \u0e1e\u0e23\u0e30\u0e23\u0e32\u0e21 4","lat":13.72039971,"lng":100.5600857,"age":0,"gender":0,"nationality":0,"from":0,"patientstatus":0,"note":" \u0e01\u0e17\u0e21.\u0e40\u0e1b\u0e34\u0e14\u0e44\u0e17\u0e21\u0e4c\u0e44\u0e25\u0e19\u0e4c \u0e1c\u0e39\u0e49\u0e1b\u0e48\u0e27\u0e22\u0e42\u0e04\u0e27\u0e34\u0e14  \u0e1b\u0e23\u0e30\u0e08\u0e33\u0e27\u0e31\u0e19\u0e17\u0e35\u0e48  28 \u0e21\u0e04.","source":"https:\/\/web.facebook.com\/earthpongsakornk\/posts\/452956482780919","parentcase":0},{"id":154,"status":"patient_has_been_here","date":1611273600000,"placename":"\u0e28\u0e32\u0e25 \u0e08\u0e31\u0e07\u0e2b\u0e27\u0e31\u0e14 \u0e19\u0e19\u0e17\u0e1a\u0e38\u0e23\u0e35","lat":13.8622826,"lng":100.5170775,"age":0,"gender":0,"nationality":0,"from":0,"patientstatus":0,"note":" \u0e01\u0e17\u0e21.\u0e40\u0e1b\u0e34\u0e14\u0e44\u0e17\u0e21\u0e4c\u0e44\u0e25\u0e19\u0e4c \u0e1c\u0e39\u0e49\u0e1b\u0e48\u0e27\u0e22\u0e42\u0e04\u0e27\u0e34\u0e14  \u0e1b\u0e23\u0e30\u0e08\u0e33\u0e27\u0e31\u0e19\u0e17\u0e35\u0e48  30 \u0e21\u0e04.","source":"https:\/\/www.facebook.com\/earthpongsakornk\/posts\/454073426002558","parentcase":0},{"id":155,"status":"patient_has_been_here","date":1611273600000,"placename":"\u0e28\u0e32\u0e25\u0e2d\u0e32\u0e0d\u0e32\u0e23\u0e31\u0e0a\u0e14\u0e32","lat":13.816256,"lng":100.5749585,"age":0,"gender":0,"nationality":0,"from":0,"patientstatus":0,"note":" \u0e01\u0e17\u0e21.\u0e40\u0e1b\u0e34\u0e14\u0e44\u0e17\u0e21\u0e4c\u0e44\u0e25\u0e19\u0e4c \u0e1c\u0e39\u0e49\u0e1b\u0e48\u0e27\u0e22\u0e42\u0e04\u0e27\u0e34\u0e14  \u0e1b\u0e23\u0e30\u0e08\u0e33\u0e27\u0e31\u0e19\u0e17\u0e35\u0e48  30 \u0e21\u0e04.","source":"https:\/\/www.facebook.com\/earthpongsakornk\/posts\/454073426002558","parentcase":0},{"id":156,"status":"patient_has_been_here","date":1611273600000,"placename":"\u0e23\u0e49\u0e32\u0e19\u0e1e\u0e27\u0e07\u0e42\u0e20\u0e0a\u0e19\u0e32","lat":0.0,"lng":0.0,"age":0,"gender":0,"nationality":0,"from":0,"patientstatus":0,"note":" \u0e01\u0e17\u0e21.\u0e40\u0e1b\u0e34\u0e14\u0e44\u0e17\u0e21\u0e4c\u0e44\u0e25\u0e19\u0e4c \u0e1c\u0e39\u0e49\u0e1b\u0e48\u0e27\u0e22\u0e42\u0e04\u0e27\u0e34\u0e14  \u0e1b\u0e23\u0e30\u0e08\u0e33\u0e27\u0e31\u0e19\u0e17\u0e35\u0e48  30 \u0e21\u0e04.","source":"https:\/\/www.facebook.com\/earthpongsakornk\/posts\/454073426002558","parentcase":0},{"id":157,"status":"patient_has_been_here","date":1611273600000,"placename":"Bar B Q Plaza \u0e40\u0e14\u0e2d\u0e30\u0e21\u0e2d\u0e25\u0e25\u0e4c \u0e17\u0e48\u0e32\u0e1e\u0e23\u0e30","lat":13.71297441,"lng":100.4793263,"age":0,"gender":0,"nationality":0,"from":0,"patientstatus":0,"note":" \u0e01\u0e17\u0e21.\u0e40\u0e1b\u0e34\u0e14\u0e44\u0e17\u0e21\u0e4c\u0e44\u0e25\u0e19\u0e4c \u0e1c\u0e39\u0e49\u0e1b\u0e48\u0e27\u0e22\u0e42\u0e04\u0e27\u0e34\u0e14  \u0e1b\u0e23\u0e30\u0e08\u0e33\u0e27\u0e31\u0e19\u0e17\u0e35\u0e48  30 \u0e21\u0e04.","source":"https:\/\/www.facebook.com\/earthpongsakornk\/posts\/454073426002558","parentcase":0},{"id":158,"status":"patient_has_been_here","date":1611273600000,"placename":"\u0e15\u0e25\u0e32\u0e14\u0e27\u0e07\u0e40\u0e27\u0e35\u0e22\u0e19\u0e43\u0e2b\u0e0d\u0e48","lat":13.72520981,"lng":100.4938646,"age":0,"gender":0,"nationality":0,"from":0,"patientstatus":0,"note":" \u0e01\u0e17\u0e21.\u0e40\u0e1b\u0e34\u0e14\u0e44\u0e17\u0e21\u0e4c\u0e44\u0e25\u0e19\u0e4c \u0e1c\u0e39\u0e49\u0e1b\u0e48\u0e27\u0e22\u0e42\u0e04\u0e27\u0e34\u0e14  \u0e1b\u0e23\u0e30\u0e08\u0e33\u0e27\u0e31\u0e19\u0e17\u0e35\u0e48  30 \u0e21\u0e04.","source":"https:\/\/www.facebook.com\/earthpongsakornk\/posts\/454073426002558","parentcase":0},{"id":159,"status":"patient_has_been_here","date":1611273600000,"placename":"\u0e15\u0e25\u0e32\u0e14 \u0e0b\u0e2d\u0e22 \u0e01\u0e27\u0e19\u0e2d\u0e34\u0e21 \u0e1a\u0e32\u0e07\u0e40\u0e02\u0e19","lat":0.0,"lng":0.0,"age":0,"gender":0,"nationality":0,"from":0,"patientstatus":0,"note":" \u0e01\u0e17\u0e21.\u0e40\u0e1b\u0e34\u0e14\u0e44\u0e17\u0e21\u0e4c\u0e44\u0e25\u0e19\u0e4c \u0e1c\u0e39\u0e49\u0e1b\u0e48\u0e27\u0e22\u0e42\u0e04\u0e27\u0e34\u0e14  \u0e1b\u0e23\u0e30\u0e08\u0e33\u0e27\u0e31\u0e19\u0e17\u0e35\u0e48  30 \u0e21\u0e04.","source":"https:\/\/www.facebook.com\/earthpongsakornk\/posts\/454073426002558","parentcase":0},{"id":160,"status":"patient_has_been_here","date":1611273600000,"placename":"The Jas Ramintra \u0e1a\u0e32\u0e07\u0e40\u0e02\u0e19","lat":13.86206011,"lng":100.6124696,"age":0,"gender":0,"nationality":0,"from":0,"patientstatus":0,"note":" \u0e01\u0e17\u0e21.\u0e40\u0e1b\u0e34\u0e14\u0e44\u0e17\u0e21\u0e4c\u0e44\u0e25\u0e19\u0e4c \u0e1c\u0e39\u0e49\u0e1b\u0e48\u0e27\u0e22\u0e42\u0e04\u0e27\u0e34\u0e14  \u0e1b\u0e23\u0e30\u0e08\u0e33\u0e27\u0e31\u0e19\u0e17\u0e35\u0e48  30 \u0e21\u0e04.","source":"https:\/\/www.facebook.com\/earthpongsakornk\/posts\/454073426002558","parentcase":0},{"id":161,"status":"confirmed","date":1611360000000,"placename":"\u0e23\u0e49\u0e32\u0e19 cc-oo  icon siam","lat":13.72659978,"lng":100.5094696,"age":0,"gender":0,"nationality":0,"from":0,"patientstatus":0,"note":"\u0e44\u0e2d\u0e04\u0e2d\u0e19\u0e2a\u0e22\u0e32\u0e21 \u0e2a\u0e31\u0e48\u0e07\u0e1b\u0e34\u0e14\u0e23\u0e49\u0e32\u0e19\u0e20\u0e32\u0e22\u0e43\u0e19\u0e28\u0e39\u0e19\u0e22\u0e4c\u0e01\u0e32\u0e23\u0e04\u0e49\u0e32 \u0e2b\u0e25\u0e31\u0e07\u0e1e\u0e1a\u0e1e\u0e19\u0e31\u0e01\u0e07\u0e32\u0e19\u0e15\u0e34\u0e14\u0e42\u0e04\u0e27\u0e34\u0e14","source":"https:\/\/today.line.me\/th\/v2\/article\/0WaWGl","parentcase":0},{"id":162,"status":"confirmed","date":1611360000000,"placename":"\u0e23\u0e49\u0e32\u0e19 CP-Hilai Harbour icon siam","lat":13.72689292,"lng":100.50937,"age":0,"gender":0,"nationality":0,"from":0,"patientstatus":0,"note":"\u0e44\u0e2d\u0e04\u0e2d\u0e19\u0e2a\u0e22\u0e32\u0e21 \u0e2a\u0e31\u0e48\u0e07\u0e1b\u0e34\u0e14\u0e23\u0e49\u0e32\u0e19\u0e20\u0e32\u0e22\u0e43\u0e19\u0e28\u0e39\u0e19\u0e22\u0e4c\u0e01\u0e32\u0e23\u0e04\u0e49\u0e32 \u0e2b\u0e25\u0e31\u0e07\u0e1e\u0e1a\u0e1e\u0e19\u0e31\u0e01\u0e07\u0e32\u0e19\u0e15\u0e34\u0e14\u0e42\u0e04\u0e27\u0e34\u0e14","source":"https:\/\/today.line.me\/th\/v2\/article\/0WaWGl","parentcase":0},{"id":163,"status":"patient_has_been_here","date":1611360000000,"placename":"\u0e15\u0e25\u0e32\u0e14\u0e40\u0e2a\u0e23\u0e35 \u0e40\u0e08\u0e23\u0e34\u0e0d\u0e01\u0e23\u0e38\u0e07 109","lat":13.69402065,"lng":100.4952018,"age":0,"gender":0,"nationality":0,"from":0,"patientstatus":0,"note":" \u0e01\u0e17\u0e21.\u0e40\u0e1b\u0e34\u0e14\u0e44\u0e17\u0e21\u0e4c\u0e44\u0e25\u0e19\u0e4c \u0e1c\u0e39\u0e49\u0e1b\u0e48\u0e27\u0e22\u0e42\u0e04\u0e27\u0e34\u0e14  \u0e1b\u0e23\u0e30\u0e08\u0e33\u0e27\u0e31\u0e19\u0e17\u0e35\u0e48  30 \u0e21\u0e04.","source":"https:\/\/www.facebook.com\/earthpongsakornk\/posts\/454073426002558","parentcase":0},{"id":164,"status":"patient_has_been_here","date":1611360000000,"placename":"\u0e15\u0e25\u0e32\u0e14\u0e19\u0e31\u0e14\u0e1b\u0e49\u0e32\u0e01\u0e34\u0e48\u0e07 \u0e2b\u0e19\u0e49\u0e32\u0e2b\u0e21\u0e39\u0e48\u0e1a\u0e49\u0e32\u0e19\u0e40\u0e2d\u0e37\u0e49\u0e2d\u0e2d\u0e32\u0e17\u0e23 \u0e0b\u0e2d\u0e22\u0e04\u0e39\u0e49\u0e1a\u0e2d\u0e19 27 ","lat":13.87076529,"lng":100.6678502,"age":0,"gender":0,"nationality":0,"from":0,"patientstatus":0,"note":" \u0e01\u0e17\u0e21.\u0e40\u0e1b\u0e34\u0e14\u0e44\u0e17\u0e21\u0e4c\u0e44\u0e25\u0e19\u0e4c \u0e1c\u0e39\u0e49\u0e1b\u0e48\u0e27\u0e22\u0e42\u0e04\u0e27\u0e34\u0e14  \u0e1b\u0e23\u0e30\u0e08\u0e33\u0e27\u0e31\u0e19\u0e17\u0e35\u0e48  30 \u0e21\u0e04.","source":"https:\/\/www.facebook.com\/earthpongsakornk\/posts\/454073426002558","parentcase":0},{"id":165,"status":"patient_has_been_here","date":1611360000000,"placename":"\u0e01\u0e32\u0e23\u0e44\u0e1f\u0e1f\u0e49\u0e32\u0e19\u0e04\u0e23\u0e2b\u0e25\u0e27\u0e07 \u0e40\u0e02\u0e15\u0e23\u0e32\u0e29\u0e0e\u0e23\u0e4c\u0e1a\u0e39\u0e23\u0e13\u0e30","lat":13.6800885,"lng":100.5135323,"age":0,"gender":0,"nationality":0,"from":0,"patientstatus":0,"note":" \u0e01\u0e17\u0e21.\u0e40\u0e1b\u0e34\u0e14\u0e44\u0e17\u0e21\u0e4c\u0e44\u0e25\u0e19\u0e4c \u0e1c\u0e39\u0e49\u0e1b\u0e48\u0e27\u0e22\u0e42\u0e04\u0e27\u0e34\u0e14  \u0e1b\u0e23\u0e30\u0e08\u0e33\u0e27\u0e31\u0e19\u0e17\u0e35\u0e48  30 \u0e21\u0e04.","source":"https:\/\/www.facebook.com\/earthpongsakornk\/posts\/454073426002558","parentcase":0},{"id":166,"status":"patient_has_been_here","date":1611360000000,"placename":"Big-C \u0e1e\u0e23\u0e30\u0e1b\u0e23\u0e30\u0e41\u0e14\u0e07","lat":13.65422663,"lng":100.52251,"age":0,"gender":0,"nationality":0,"from":0,"patientstatus":0,"note":" \u0e01\u0e17\u0e21.\u0e40\u0e1b\u0e34\u0e14\u0e44\u0e17\u0e21\u0e4c\u0e44\u0e25\u0e19\u0e4c \u0e1c\u0e39\u0e49\u0e1b\u0e48\u0e27\u0e22\u0e42\u0e04\u0e27\u0e34\u0e14  \u0e1b\u0e23\u0e30\u0e08\u0e33\u0e27\u0e31\u0e19\u0e17\u0e35\u0e48  30 \u0e21\u0e04.","source":"https:\/\/www.facebook.com\/earthpongsakornk\/posts\/454073426002558","parentcase":0},{"id":167,"status":"patient_has_been_here","date":1611360000000,"placename":"Starbuck \u0e40\u0e0b\u0e47\u0e19\u0e17\u0e23\u0e31\u0e25\u0e40\u0e27\u0e34\u0e25\u0e14\u0e4c","lat":13.74687259,"lng":100.5396459,"age":0,"gender":0,"nationality":0,"from":0,"patientstatus":0,"note":" \u0e01\u0e17\u0e21.\u0e40\u0e1b\u0e34\u0e14\u0e44\u0e17\u0e21\u0e4c\u0e44\u0e25\u0e19\u0e4c \u0e1c\u0e39\u0e49\u0e1b\u0e48\u0e27\u0e22\u0e42\u0e04\u0e27\u0e34\u0e14  \u0e1b\u0e23\u0e30\u0e08\u0e33\u0e27\u0e31\u0e19\u0e17\u0e35\u0e48  30 \u0e21\u0e04.","source":"https:\/\/www.facebook.com\/earthpongsakornk\/posts\/454073426002558","parentcase":0},{"id":168,"status":"patient_has_been_here","date":1611360000000,"placename":"\u0e23\u0e49\u0e32\u0e19\u0e15\u0e30\u0e25\u0e34\u0e07\u0e1b\u0e25\u0e34\u0e07","lat":13.72326345,"lng":100.5211869,"age":0,"gender":0,"nationality":0,"from":0,"patientstatus":0,"note":" \u0e01\u0e17\u0e21.\u0e40\u0e1b\u0e34\u0e14\u0e44\u0e17\u0e21\u0e4c\u0e44\u0e25\u0e19\u0e4c \u0e1c\u0e39\u0e49\u0e1b\u0e48\u0e27\u0e22\u0e42\u0e04\u0e27\u0e34\u0e14  \u0e1b\u0e23\u0e30\u0e08\u0e33\u0e27\u0e31\u0e19\u0e17\u0e35\u0e48  30 \u0e21\u0e04.","source":"https:\/\/www.facebook.com\/earthpongsakornk\/posts\/454073426002558","parentcase":0},{"id":169,"status":"patient_has_been_here","date":1611360000000,"placename":"Max value \u0e1e\u0e23\u0e30\u0e23\u0e32\u0e21 3","lat":13.69129891,"lng":100.504769,"age":0,"gender":0,"nationality":0,"from":0,"patientstatus":0,"note":" \u0e01\u0e17\u0e21.\u0e40\u0e1b\u0e34\u0e14\u0e44\u0e17\u0e21\u0e4c\u0e44\u0e25\u0e19\u0e4c \u0e1c\u0e39\u0e49\u0e1b\u0e48\u0e27\u0e22\u0e42\u0e04\u0e27\u0e34\u0e14  \u0e1b\u0e23\u0e30\u0e08\u0e33\u0e27\u0e31\u0e19\u0e17\u0e35\u0e48  30 \u0e21\u0e04.","source":"https:\/\/www.facebook.com\/earthpongsakornk\/posts\/454073426002558","parentcase":0},{"id":170,"status":"patient_has_been_here","date":1611360000000,"placename":"\u0e28\u0e39\u0e19\u0e22\u0e4c Honda \u0e1e\u0e23\u0e30\u0e23\u0e32\u0e21 3","lat":13.68900827,"lng":100.5045766,"age":0,"gender":0,"nationality":0,"from":0,"patientstatus":0,"note":" \u0e01\u0e17\u0e21.\u0e40\u0e1b\u0e34\u0e14\u0e44\u0e17\u0e21\u0e4c\u0e44\u0e25\u0e19\u0e4c \u0e1c\u0e39\u0e49\u0e1b\u0e48\u0e27\u0e22\u0e42\u0e04\u0e27\u0e34\u0e14  \u0e1b\u0e23\u0e30\u0e08\u0e33\u0e27\u0e31\u0e19\u0e17\u0e35\u0e48  30 \u0e21\u0e04.","source":"https:\/\/www.facebook.com\/earthpongsakornk\/posts\/454073426002558","parentcase":0},{"id":171,"status":"patient_has_been_here","date":1611360000000,"placename":"IT City Central \u0e1e\u0e23\u0e30\u0e23\u0e32\u0e21 3","lat":13.69840074,"lng":100.537657,"age":0,"gender":0,"nationality":0,"from":0,"patientstatus":0,"note":" \u0e01\u0e17\u0e21.\u0e40\u0e1b\u0e34\u0e14\u0e44\u0e17\u0e21\u0e4c\u0e44\u0e25\u0e19\u0e4c \u0e1c\u0e39\u0e49\u0e1b\u0e48\u0e27\u0e22\u0e42\u0e04\u0e27\u0e34\u0e14  \u0e1b\u0e23\u0e30\u0e08\u0e33\u0e27\u0e31\u0e19\u0e17\u0e35\u0e48  30 \u0e21\u0e04.","source":"https:\/\/www.facebook.com\/earthpongsakornk\/posts\/454073426002558","parentcase":0},{"id":172,"status":"patient_has_been_here","date":1611360000000,"placename":"Pepper lunch Central \u0e1e\u0e23\u0e30\u0e23\u0e32\u0e21 3","lat":13.69811266,"lng":100.5377174,"age":0,"gender":0,"nationality":0,"from":0,"patientstatus":0,"note":" \u0e01\u0e17\u0e21.\u0e40\u0e1b\u0e34\u0e14\u0e44\u0e17\u0e21\u0e4c\u0e44\u0e25\u0e19\u0e4c \u0e1c\u0e39\u0e49\u0e1b\u0e48\u0e27\u0e22\u0e42\u0e04\u0e27\u0e34\u0e14  \u0e1b\u0e23\u0e30\u0e08\u0e33\u0e27\u0e31\u0e19\u0e17\u0e35\u0e48  30 \u0e21\u0e04.","source":"https:\/\/www.facebook.com\/earthpongsakornk\/posts\/454073426002558","parentcase":0},{"id":173,"status":"patient_has_been_here","date":1611446400000,"placename":"Maria garden restuarant","lat":13.86747225,"lng":100.4526443,"age":0,"gender":0,"nationality":0,"from":0,"patientstatus":0,"note":" \u0e01\u0e17\u0e21.\u0e40\u0e1b\u0e34\u0e14\u0e44\u0e17\u0e21\u0e4c\u0e44\u0e25\u0e19\u0e4c \u0e1c\u0e39\u0e49\u0e1b\u0e48\u0e27\u0e22\u0e42\u0e04\u0e27\u0e34\u0e14  \u0e1b\u0e23\u0e30\u0e08\u0e33\u0e27\u0e31\u0e19\u0e17\u0e35\u0e48  30 \u0e21\u0e04.","source":"https:\/\/www.facebook.com\/earthpongsakornk\/posts\/454073426002558","parentcase":0},{"id":174,"status":"patient_has_been_here","date":1611446400000,"placename":"\u0e17\u0e47\u0e2d\u0e1b\u0e2a\u0e4c\u0e21\u0e32\u0e23\u0e4c\u0e40\u0e01\u0e47\u0e15 \u0e41\u0e1f\u0e0a\u0e31\u0e48\u0e19\u0e44\u0e2d\u0e2a\u0e4c\u0e41\u0e25\u0e19\u0e14\u0e4c","lat":13.82613606,"lng":100.6794717,"age":0,"gender":0,"nationality":0,"from":0,"patientstatus":0,"note":" \u0e01\u0e17\u0e21.\u0e40\u0e1b\u0e34\u0e14\u0e44\u0e17\u0e21\u0e4c\u0e44\u0e25\u0e19\u0e4c \u0e1c\u0e39\u0e49\u0e1b\u0e48\u0e27\u0e22\u0e42\u0e04\u0e27\u0e34\u0e14  \u0e1b\u0e23\u0e30\u0e08\u0e33\u0e27\u0e31\u0e19\u0e17\u0e35\u0e48  30 \u0e21\u0e04.","source":"https:\/\/www.facebook.com\/earthpongsakornk\/posts\/454073426002558","parentcase":0},{"id":175,"status":"patient_has_been_here","date":1611446400000,"placename":"Big C \u0e40\u0e04\u0e2b\u0e30\u0e23\u0e48\u0e21\u0e40\u0e01\u0e25\u0e49\u0e32","lat":13.76535838,"lng":100.7249794,"age":0,"gender":0,"nationality":0,"from":0,"patientstatus":0,"note":" \u0e01\u0e17\u0e21.\u0e40\u0e1b\u0e34\u0e14\u0e44\u0e17\u0e21\u0e4c\u0e44\u0e25\u0e19\u0e4c \u0e1c\u0e39\u0e49\u0e1b\u0e48\u0e27\u0e22\u0e42\u0e04\u0e27\u0e34\u0e14  \u0e1b\u0e23\u0e30\u0e08\u0e33\u0e27\u0e31\u0e19\u0e17\u0e35\u0e48  31 \u0e21\u0e04.","source":"https:\/\/www.facebook.com\/earthpongsakornk\/posts\/455454052531162","parentcase":0},{"id":176,"status":"patient_has_been_here","date":1611446400000,"placename":"Maria garden restuarant","lat":13.86748347,"lng":100.4526764,"age":0,"gender":0,"nationality":0,"from":0,"patientstatus":0,"note":" \u0e01\u0e17\u0e21.\u0e40\u0e1b\u0e34\u0e14\u0e44\u0e17\u0e21\u0e4c\u0e44\u0e25\u0e19\u0e4c \u0e1c\u0e39\u0e49\u0e1b\u0e48\u0e27\u0e22\u0e42\u0e04\u0e27\u0e34\u0e14  \u0e1b\u0e23\u0e30\u0e08\u0e33\u0e27\u0e31\u0e19\u0e17\u0e35\u0e48  31 \u0e21\u0e04.","source":"https:\/\/www.facebook.com\/earthpongsakornk\/posts\/455454052531162","parentcase":0},{"id":177,"status":"patient_has_been_here","date":1611792000000,"placename":"\u0e15\u0e25\u0e32\u0e14\u0e19\u0e31\u0e14\u0e2a\u0e32\u0e22\u0e44\u0e2b\u0e21","lat":13.92160509,"lng":100.6679682,"age":0,"gender":0,"nationality":0,"from":0,"patientstatus":0,"note":"\u0e15\u0e25\u0e32\u0e14\u0e19\u0e31\u0e14\u0e2a\u0e32\u0e22\u0e44\u0e2b\u0e21\u200b\u0e41\u0e08\u0e49\u0e07\u0e1c\u0e25\u0e15\u0e23\u0e27\u0e08\u0e40\u0e0a\u0e37\u0e49\u0e2d\u0e42\u0e04\u0e27\u0e34\u0e14-19 \u0e02\u0e2d\u0e07\u0e1c\u0e39\u0e49\u0e04\u0e49\u0e32\u0e43\u0e19\u0e41\u0e1c\u0e07\u200b \u0e02\u0e49\u0e32\u0e27\u0e21\u0e31\u0e19\u0e44\u0e01\u0e48 \u0e40\u0e1b\u0e47\u0e19\u0e1a\u0e27\u0e01 1 \u0e23\u0e32\u0e22","source":"https:\/\/web.facebook.com\/permalink.php?story_fbid=2793010280917181&id=2007100666174817","parentcase":0},{"id":178,"status":"sanitizing","date":1612051200000,"placename":"polli's cafe","lat":13.72654449,"lng":100.5997291,"age":0,"gender":0,"nationality":0,"from":0,"patientstatus":0,"note":"polli's cafe \u0e1b\u0e34\u0e14\u0e23\u0e49\u0e32\u0e19\u0e17\u0e33\u0e04\u0e27\u0e32\u0e21\u0e2a\u0e30\u0e2d\u0e32\u0e14","source":"https:\/\/nineentertain.mcot.net\/top-story-2477666","parentcase":0}]