[{"id":0,"status":"confirmed","date":1610928000000,"placename":"\u0e15\u0e25\u0e32\u0e14\u0e16\u0e19\u0e2d\u0e21\u0e21\u0e34\u0e15\u0e23","lat":13.85812537,"lng":100.6435831,"age":0,"gender":0,"nationality":0,"from":0,"patientstatus":0,"note":"\u0e1b\u0e34\u0e14\u0e15\u0e25\u0e32\u0e14\u0e16\u0e19\u0e2d\u0e21\u0e21\u0e34\u0e15\u0e23 \u0e2b\u0e25\u0e31\u0e07\u0e1e\u0e1a\u0e1c\u0e39\u0e49\u0e04\u0e49\u0e32\u0e15\u0e34\u0e14 '\u0e42\u0e04\u0e27\u0e34\u0e14' \u0e17\u0e33\u0e04\u0e27\u0e32\u0e21\u0e2a\u0e30\u0e2d\u0e32\u0e14-\u0e06\u0e48\u0e32\u0e40\u0e0a\u0e37\u0e49\u0e2d 3 \u0e27\u0e31\u0e19","source":"https:\/\/today.line.me\/th\/v2\/article\/%E0%B8%9B%E0%B8%B4%E0%B8%94%E0%B8%95%E0%B8%A5%E0%B8%B2%E0%B8%94%E0%B8%96%E0%B8%99%E0%B8%AD%E0%B8%A1%E0%B8%A1%E0%B8%B4%E0%B8%95%E0%B8%A3%20%E0%B8%AB%E0%B8%A5%E0%B8%B1%E0%B8%87%E0%B8%9E%E0%B8%9A%E0%B8%9C%E0%B8%B9%E0%B9%89%E0%B8%84%E0%B9%89%E0%B8%B2%E0%B8%95%E0%B8%B4%E0%B8%94%20%E0%B9%82%E0%B8%84%E0%B8%A7%E0%B8%B4%E0%B8%94%20%E0%B8%97%E0%B8%B3%E0%B8%84%E0%B8%A7%E0%B8%B2%E0%B8%A1%E0%B8%AA%E0%B8%B0%E0%B8%AD%E0%B8%B2%E0%B8%94%E0%B8%86%E0%B9%88%E0%B8%B2%E0%B9%80%E0%B8%8A%E0%B8%B7%E0%B9%89%E0%B8%AD%203%20%E0%B8%A7%E0%B8%B1%E0%B8%99-yGGyQB","parentcase":0},{"id":1,"status":"patient_has_been_here","date":1610928000000,"placename":"\u0e23\u0e49\u0e32\u0e19\u0e01\u0e30\u0e17\u0e34\u0e1a\u0e49\u0e32\u0e19\u0e2d\u0e32\u0e2b\u0e32\u0e23\u0e44\u0e17\u0e22 \u0e41\u0e25\u0e30\u0e02\u0e19\u0e21","lat":13.78228014,"lng":100.4472507,"age":0,"gender":0,"nationality":0,"from":0,"patientstatus":0,"note":"\u0e14\u0e35\u0e40\u0e08\/\u0e1e\u0e34\u0e18\u0e35\u0e01\u0e23\u0e0a\u0e37\u0e48\u0e2d\u0e14\u0e31\u0e07 \u0e40\u0e1b\u0e34\u0e14\u0e44\u0e17\u0e21\u0e4c\u0e44\u0e25\u0e19\u0e4c \u0e25\u0e48\u0e32\u0e2a\u0e38\u0e14 \u0e40\u0e02\u0e49\u0e32\u0e23\u0e31\u0e1a\u0e01\u0e32\u0e23\u0e23\u0e31\u0e01\u0e29\u0e32\u0e41\u0e25\u0e49\u0e27 \u0e2b\u0e25\u0e31\u0e07\u0e1e\u0e1a\u0e15\u0e34\u0e14\u0e42\u0e04\u0e27\u0e34\u0e14-19","source":"https:\/\/today.line.me\/th\/v2\/article\/pp5xe7","parentcase":0},{"id":2,"status":"patient_has_been_here","date":1610928000000,"placename":"Fitness First \u0e40\u0e14\u0e2d\u0e30\u0e21\u0e2d\u0e25\u0e25\u0e4c \u0e07\u0e32\u0e21\u0e27\u0e07\u0e28\u0e4c\u0e27\u0e32\u0e19","lat":13.85623503,"lng":100.5422592,"age":0,"gender":0,"nationality":0,"from":0,"patientstatus":0,"note":" \u0e01\u0e17\u0e21.\u0e40\u0e1b\u0e34\u0e14\u0e44\u0e17\u0e21\u0e4c\u0e44\u0e25\u0e19\u0e4c \u0e1c\u0e39\u0e49\u0e1b\u0e48\u0e27\u0e22\u0e42\u0e04\u0e27\u0e34\u0e14  \u0e1b\u0e23\u0e30\u0e08\u0e33\u0e27\u0e31\u0e19\u0e17\u0e35\u0e48  26 \u0e21\u0e04.","source":"https:\/\/web.facebook.com\/earthpongsakornk\/posts\/451507699592464","parentcase":0},{"id":3,"status":"patient_has_been_here","date":1610928000000,"placename":"Starbuck Central World ","lat":13.74686141,"lng":100.5396628,"age":0,"gender":0,"nationality":0,"from":0,"patientstatus":0,"note":" \u0e01\u0e17\u0e21.\u0e40\u0e1b\u0e34\u0e14\u0e44\u0e17\u0e21\u0e4c\u0e44\u0e25\u0e19\u0e4c \u0e1c\u0e39\u0e49\u0e1b\u0e48\u0e27\u0e22\u0e42\u0e04\u0e27\u0e34\u0e14  \u0e1b\u0e23\u0e30\u0e08\u0e33\u0e27\u0e31\u0e19\u0e17\u0e35\u0e48  26 \u0e21\u0e04.","source":"https:\/\/web.facebook.com\/earthpongsakornk\/posts\/451507699592464","parentcase":0},{"id":4,"status":"patient_has_been_here","date":1610928000000,"placename":"\u0e41\u0e2b\u0e25\u0e21\u0e40\u0e08\u0e23\u0e34\u0e0d\u0e0b\u0e35\u0e1f\u0e39\u0e49\u0e14 Central World ","lat":13.74685295,"lng":100.5398749,"age":0,"gender":0,"nationality":0,"from":0,"patientstatus":0,"note":" \u0e01\u0e17\u0e21.\u0e40\u0e1b\u0e34\u0e14\u0e44\u0e17\u0e21\u0e4c\u0e44\u0e25\u0e19\u0e4c \u0e1c\u0e39\u0e49\u0e1b\u0e48\u0e27\u0e22\u0e42\u0e04\u0e27\u0e34\u0e14  \u0e1b\u0e23\u0e30\u0e08\u0e33\u0e27\u0e31\u0e19\u0e17\u0e35\u0e48  26 \u0e21\u0e04.","source":"https:\/\/web.facebook.com\/earthpongsakornk\/posts\/451507699592464","parentcase":0},{"id":5,"status":"patient_has_been_here","date":1610928000000,"placename":"\u0e2e\u0e32\u0e40\u0e01\u0e49\u0e19\u0e14\u0e32\u0e2a Central World ","lat":13.74622725,"lng":100.5394709,"age":0,"gender":0,"nationality":0,"from":0,"patientstatus":0,"note":" \u0e01\u0e17\u0e21.\u0e40\u0e1b\u0e34\u0e14\u0e44\u0e17\u0e21\u0e4c\u0e44\u0e25\u0e19\u0e4c \u0e1c\u0e39\u0e49\u0e1b\u0e48\u0e27\u0e22\u0e42\u0e04\u0e27\u0e34\u0e14  \u0e1b\u0e23\u0e30\u0e08\u0e33\u0e27\u0e31\u0e19\u0e17\u0e35\u0e48  26 \u0e21\u0e04.","source":"https:\/\/web.facebook.com\/earthpongsakornk\/posts\/451507699592464","parentcase":0},{"id":6,"status":"patient_has_been_here","date":1610928000000,"placename":"\u0e15\u0e25\u0e32\u0e14\u0e2d\u0e34\u0e19\u0e14\u0e35\u0e49 \u0e14\u0e32\u0e27\u0e04\u0e30\u0e19\u0e2d\u0e07","lat":13.69105638,"lng":100.481004,"age":0,"gender":0,"nationality":0,"from":0,"patientstatus":0,"note":" \u0e01\u0e17\u0e21.\u0e40\u0e1b\u0e34\u0e14\u0e44\u0e17\u0e21\u0e4c\u0e44\u0e25\u0e19\u0e4c \u0e1c\u0e39\u0e49\u0e1b\u0e48\u0e27\u0e22\u0e42\u0e04\u0e27\u0e34\u0e14  \u0e1b\u0e23\u0e30\u0e08\u0e33\u0e27\u0e31\u0e19\u0e17\u0e35\u0e48  24 \u0e21\u0e04.","source":"https:\/\/web.facebook.com\/earthpongsakornk\/posts\/450525269690707","parentcase":0},{"id":7,"status":"patient_has_been_here","date":1611014400000,"placename":"\u0e15\u0e36\u0e01 GMM Grammy","lat":13.74344039,"lng":100.5628862,"age":0,"gender":0,"nationality":0,"from":0,"patientstatus":0,"note":"\u0e14\u0e35\u0e40\u0e08\/\u0e1e\u0e34\u0e18\u0e35\u0e01\u0e23\u0e0a\u0e37\u0e48\u0e2d\u0e14\u0e31\u0e07 \u0e40\u0e1b\u0e34\u0e14\u0e44\u0e17\u0e21\u0e4c\u0e44\u0e25\u0e19\u0e4c \u0e25\u0e48\u0e32\u0e2a\u0e38\u0e14 \u0e40\u0e02\u0e49\u0e32\u0e23\u0e31\u0e1a\u0e01\u0e32\u0e23\u0e23\u0e31\u0e01\u0e29\u0e32\u0e41\u0e25\u0e49\u0e27 \u0e2b\u0e25\u0e31\u0e07\u0e1e\u0e1a\u0e15\u0e34\u0e14\u0e42\u0e04\u0e27\u0e34\u0e14-19","source":"https:\/\/today.line.me\/th\/v2\/article\/pp5xe7","parentcase":0},{"id":8,"status":"patient_has_been_here","date":1611014400000,"placename":"Central embassy","lat":13.74395671,"lng":100.5458681,"age":0,"gender":0,"nationality":0,"from":0,"patientstatus":0,"note":"\u0e14\u0e35\u0e40\u0e08\/\u0e1e\u0e34\u0e18\u0e35\u0e01\u0e23\u0e0a\u0e37\u0e48\u0e2d\u0e14\u0e31\u0e07 \u0e40\u0e1b\u0e34\u0e14\u0e44\u0e17\u0e21\u0e4c\u0e44\u0e25\u0e19\u0e4c \u0e25\u0e48\u0e32\u0e2a\u0e38\u0e14 \u0e40\u0e02\u0e49\u0e32\u0e23\u0e31\u0e1a\u0e01\u0e32\u0e23\u0e23\u0e31\u0e01\u0e29\u0e32\u0e41\u0e25\u0e49\u0e27 \u0e2b\u0e25\u0e31\u0e07\u0e1e\u0e1a\u0e15\u0e34\u0e14\u0e42\u0e04\u0e27\u0e34\u0e14-19","source":"https:\/\/today.line.me\/th\/v2\/article\/pp5xe7","parentcase":0},{"id":9,"status":"patient_has_been_here","date":1611014400000,"placename":"Foodland Thestreet Rachada","lat":13.77018438,"lng":100.5720987,"age":0,"gender":0,"nationality":0,"from":0,"patientstatus":0,"note":"\u0e14\u0e35\u0e40\u0e08\/\u0e1e\u0e34\u0e18\u0e35\u0e01\u0e23\u0e0a\u0e37\u0e48\u0e2d\u0e14\u0e31\u0e07 \u0e40\u0e1b\u0e34\u0e14\u0e44\u0e17\u0e21\u0e4c\u0e44\u0e25\u0e19\u0e4c \u0e25\u0e48\u0e32\u0e2a\u0e38\u0e14 \u0e40\u0e02\u0e49\u0e32\u0e23\u0e31\u0e1a\u0e01\u0e32\u0e23\u0e23\u0e31\u0e01\u0e29\u0e32\u0e41\u0e25\u0e49\u0e27 \u0e2b\u0e25\u0e31\u0e07\u0e1e\u0e1a\u0e15\u0e34\u0e14\u0e42\u0e04\u0e27\u0e34\u0e14-19","source":"https:\/\/today.line.me\/th\/v2\/article\/pp5xe7","parentcase":0},{"id":10,"status":"patient_has_been_here","date":1611014400000,"placename":"\u0e15\u0e25\u0e32\u0e14\u0e1b\u0e34\u0e48\u0e19\u0e17\u0e2d\u0e07 \u0e1a\u0e32\u0e07\u0e1a\u0e2d\u0e19","lat":13.68349666,"lng":100.4403141,"age":0,"gender":0,"nationality":0,"from":0,"patientstatus":0,"note":" \u0e01\u0e17\u0e21.\u0e40\u0e1b\u0e34\u0e14\u0e44\u0e17\u0e21\u0e4c\u0e44\u0e25\u0e19\u0e4c \u0e1c\u0e39\u0e49\u0e1b\u0e48\u0e27\u0e22\u0e42\u0e04\u0e27\u0e34\u0e14  \u0e1b\u0e23\u0e30\u0e08\u0e33\u0e27\u0e31\u0e19\u0e17\u0e35\u0e48  22 \u0e21\u0e04.","source":"https:\/\/www.facebook.com\/earthpongsakornk\/posts\/449145319828702","parentcase":0},{"id":11,"status":"patient_has_been_here","date":1611014400000,"placename":"\u0e2a\u0e27\u0e19\u0e25\u0e38\u0e21\u0e1e\u0e34\u0e19\u0e35","lat":13.73137163,"lng":100.5413752,"age":0,"gender":0,"nationality":0,"from":0,"patientstatus":0,"note":" \u0e01\u0e17\u0e21.\u0e40\u0e1b\u0e34\u0e14\u0e44\u0e17\u0e21\u0e4c\u0e44\u0e25\u0e19\u0e4c \u0e1c\u0e39\u0e49\u0e1b\u0e48\u0e27\u0e22\u0e42\u0e04\u0e27\u0e34\u0e14  \u0e1b\u0e23\u0e30\u0e08\u0e33\u0e27\u0e31\u0e19\u0e17\u0e35\u0e48  27 \u0e21\u0e04.","source":"https:\/\/web.facebook.com\/earthpongsakornk\/posts\/452138166196084","parentcase":0},{"id":12,"status":"patient_has_been_here","date":1611014400000,"placename":"BTS  \u0e2a\u0e16\u0e32\u0e19\u0e35\u0e2a\u0e38\u0e23\u0e28\u0e31\u0e01\u0e14\u0e34\u0e4c","lat":13.71923763,"lng":100.521516,"age":0,"gender":0,"nationality":0,"from":0,"patientstatus":0,"note":" \u0e01\u0e17\u0e21.\u0e40\u0e1b\u0e34\u0e14\u0e44\u0e17\u0e21\u0e4c\u0e44\u0e25\u0e19\u0e4c \u0e1c\u0e39\u0e49\u0e1b\u0e48\u0e27\u0e22\u0e42\u0e04\u0e27\u0e34\u0e14  \u0e1b\u0e23\u0e30\u0e08\u0e33\u0e27\u0e31\u0e19\u0e17\u0e35\u0e48  27 \u0e21\u0e04.","source":"https:\/\/web.facebook.com\/earthpongsakornk\/posts\/452138166196084","parentcase":0},{"id":13,"status":"patient_has_been_here","date":1611014400000,"placename":"BTS  \u0e2a\u0e16\u0e32\u0e19\u0e35\u0e1e\u0e23\u0e49\u0e2d\u0e21\u0e1e\u0e07\u0e29\u0e4c","lat":13.73037664,"lng":100.5697438,"age":0,"gender":0,"nationality":0,"from":0,"patientstatus":0,"note":" \u0e01\u0e17\u0e21.\u0e40\u0e1b\u0e34\u0e14\u0e44\u0e17\u0e21\u0e4c\u0e44\u0e25\u0e19\u0e4c \u0e1c\u0e39\u0e49\u0e1b\u0e48\u0e27\u0e22\u0e42\u0e04\u0e27\u0e34\u0e14  \u0e1b\u0e23\u0e30\u0e08\u0e33\u0e27\u0e31\u0e19\u0e17\u0e35\u0e48  27 \u0e21\u0e04.","source":"https:\/\/web.facebook.com\/earthpongsakornk\/posts\/452138166196084","parentcase":0},{"id":14,"status":"patient_has_been_here","date":1611014400000,"placename":"Fitness First \u0e40\u0e14\u0e2d\u0e30\u0e21\u0e2d\u0e25\u0e25\u0e4c \u0e07\u0e32\u0e21\u0e27\u0e07\u0e28\u0e4c\u0e27\u0e32\u0e19","lat":13.85623413,"lng":100.5422377,"age":0,"gender":0,"nationality":0,"from":0,"patientstatus":0,"note":" \u0e01\u0e17\u0e21.\u0e40\u0e1b\u0e34\u0e14\u0e44\u0e17\u0e21\u0e4c\u0e44\u0e25\u0e19\u0e4c \u0e1c\u0e39\u0e49\u0e1b\u0e48\u0e27\u0e22\u0e42\u0e04\u0e27\u0e34\u0e14  \u0e1b\u0e23\u0e30\u0e08\u0e33\u0e27\u0e31\u0e19\u0e17\u0e35\u0e48  28 \u0e21\u0e04.","source":"https:\/\/web.facebook.com\/earthpongsakornk\/posts\/452956482780919","parentcase":0},{"id":15,"status":"patient_has_been_here","date":1611014400000,"placename":"\u0e27\u0e31\u0e14\u0e1b\u0e23\u0e34\u0e27\u0e32\u0e2a\u0e23\u0e32\u0e0a\u0e2a\u0e07\u0e04\u0e23\u0e32\u0e21 \u0e1e\u0e23\u0e30\u0e23\u0e32\u0e213","lat":13.67368844,"lng":100.533187,"age":0,"gender":0,"nationality":0,"from":0,"patientstatus":0,"note":" \u0e01\u0e17\u0e21.\u0e40\u0e1b\u0e34\u0e14\u0e44\u0e17\u0e21\u0e4c\u0e44\u0e25\u0e19\u0e4c \u0e1c\u0e39\u0e49\u0e1b\u0e48\u0e27\u0e22\u0e42\u0e04\u0e27\u0e34\u0e14  \u0e1b\u0e23\u0e30\u0e08\u0e33\u0e27\u0e31\u0e19\u0e17\u0e35\u0e48  28 \u0e21\u0e04.","source":"https:\/\/web.facebook.com\/earthpongsakornk\/posts\/452956482780919","parentcase":0},{"id":16,"status":"patient_has_been_here","date":1611014400000,"placename":"\u0e15\u0e25\u0e32\u0e14\u0e23\u0e27\u0e22\u0e22\u0e34\u0e48\u0e07\u0e23\u0e27\u0e22 \u0e17\u0e48\u0e32\u0e02\u0e49\u0e32\u0e21 \u0e1a\u0e32\u0e07\u0e02\u0e38\u0e19\u0e40\u0e17\u0e35\u0e22\u0e19","lat":0.0,"lng":0.0,"age":0,"gender":0,"nationality":0,"from":0,"patientstatus":0,"note":" \u0e01\u0e17\u0e21.\u0e40\u0e1b\u0e34\u0e14\u0e44\u0e17\u0e21\u0e4c\u0e44\u0e25\u0e19\u0e4c \u0e1c\u0e39\u0e49\u0e1b\u0e48\u0e27\u0e22\u0e42\u0e04\u0e27\u0e34\u0e14  \u0e1b\u0e23\u0e30\u0e08\u0e33\u0e27\u0e31\u0e19\u0e17\u0e35\u0e48  30 \u0e21\u0e04.","source":"https:\/\/www.facebook.com\/earthpongsakornk\/posts\/454073426002558","parentcase":0},{"id":17,"status":"patient_has_been_here","date":1611100800000,"placename":"\u0e40\u0e0b\u0e47\u0e19\u0e17\u0e23\u0e31\u0e25 \u0e25\u0e32\u0e14\u0e1e\u0e23\u0e49\u0e32\u0e27","lat":13.8162659,"lng":100.5609521,"age":0,"gender":0,"nationality":0,"from":0,"patientstatus":0,"note":" \u0e01\u0e17\u0e21.\u0e40\u0e1b\u0e34\u0e14\u0e44\u0e17\u0e21\u0e4c\u0e44\u0e25\u0e19\u0e4c \u0e1c\u0e39\u0e49\u0e1b\u0e48\u0e27\u0e22\u0e42\u0e04\u0e27\u0e34\u0e14  \u0e1b\u0e23\u0e30\u0e08\u0e33\u0e27\u0e31\u0e19\u0e17\u0e35\u0e48  27 \u0e21\u0e04.","source":"https:\/\/web.facebook.com\/earthpongsakornk\/posts\/452138166196084","parentcase":0},{"id":18,"status":"patient_has_been_here","date":1611100800000,"placename":"\u0e23\u0e49\u0e32\u0e19\u0e40\u0e2d\u0e4b \u0e0b\u0e35\u0e1f\u0e39\u0e49\u0e14 \u0e1a\u0e23\u0e23\u0e17\u0e31\u0e14\u0e17\u0e2d\u0e07","lat":13.74049535,"lng":100.522359,"age":0,"gender":0,"nationality":0,"from":0,"patientstatus":0,"note":" \u0e01\u0e17\u0e21.\u0e40\u0e1b\u0e34\u0e14\u0e44\u0e17\u0e21\u0e4c\u0e44\u0e25\u0e19\u0e4c \u0e1c\u0e39\u0e49\u0e1b\u0e48\u0e27\u0e22\u0e42\u0e04\u0e27\u0e34\u0e14  \u0e1b\u0e23\u0e30\u0e08\u0e33\u0e27\u0e31\u0e19\u0e17\u0e35\u0e48  26 \u0e21\u0e04.","source":"https:\/\/web.facebook.com\/earthpongsakornk\/posts\/451507699592464","parentcase":0},{"id":19,"status":"patient_has_been_here","date":1611100800000,"placename":"The mall \u0e07\u0e32\u0e21\u0e27\u0e07\u0e28\u0e4c\u0e27\u0e32\u0e19","lat":13.85569344,"lng":100.542084,"age":0,"gender":0,"nationality":0,"from":0,"patientstatus":0,"note":" \u0e01\u0e17\u0e21.\u0e40\u0e1b\u0e34\u0e14\u0e44\u0e17\u0e21\u0e4c\u0e44\u0e25\u0e19\u0e4c \u0e1c\u0e39\u0e49\u0e1b\u0e48\u0e27\u0e22\u0e42\u0e04\u0e27\u0e34\u0e14  \u0e1b\u0e23\u0e30\u0e08\u0e33\u0e27\u0e31\u0e19\u0e17\u0e35\u0e48  24 \u0e21\u0e04.","source":"https:\/\/web.facebook.com\/earthpongsakornk\/posts\/450525269690707","parentcase":0},{"id":20,"status":"patient_has_been_here","date":1611187200000,"placename":"\u0e2d\u0e32\u0e04\u0e32\u0e23\u0e27\u0e23\u0e23\u0e13\u0e2a\u0e23\u0e13\u0e4c \u0e23\u0e32\u0e0a\u0e40\u0e17\u0e27\u0e35","lat":13.75823859,"lng":100.5350387,"age":0,"gender":0,"nationality":0,"from":0,"patientstatus":0,"note":" \u0e01\u0e17\u0e21.\u0e40\u0e1b\u0e34\u0e14\u0e44\u0e17\u0e21\u0e4c\u0e44\u0e25\u0e19\u0e4c \u0e1c\u0e39\u0e49\u0e1b\u0e48\u0e27\u0e22\u0e42\u0e04\u0e27\u0e34\u0e14  \u0e1b\u0e23\u0e30\u0e08\u0e33\u0e27\u0e31\u0e19\u0e17\u0e35\u0e48  27 \u0e21\u0e04.","source":"https:\/\/web.facebook.com\/earthpongsakornk\/posts\/452138166196084","parentcase":0},{"id":21,"status":"patient_has_been_here","date":1611187200000,"placename":"\u0e01\u0e23\u0e30\u0e17\u0e23\u0e27\u0e07\u0e28\u0e36\u0e01\u0e29\u0e32\u0e18\u0e34\u0e01\u0e32\u0e23 \u0e40\u0e02\u0e15\u0e14\u0e38\u0e2a\u0e34\u0e15","lat":13.76561213,"lng":100.5089724,"age":0,"gender":0,"nationality":0,"from":0,"patientstatus":0,"note":" \u0e01\u0e17\u0e21.\u0e40\u0e1b\u0e34\u0e14\u0e44\u0e17\u0e21\u0e4c\u0e44\u0e25\u0e19\u0e4c \u0e1c\u0e39\u0e49\u0e1b\u0e48\u0e27\u0e22\u0e42\u0e04\u0e27\u0e34\u0e14  \u0e1b\u0e23\u0e30\u0e08\u0e33\u0e27\u0e31\u0e19\u0e17\u0e35\u0e48  27 \u0e21\u0e04.","source":"https:\/\/web.facebook.com\/earthpongsakornk\/posts\/452138166196084","parentcase":0},{"id":22,"status":"patient_has_been_here","date":1611187200000,"placename":"\u0e04\u0e34\u0e07\u0e1e\u0e32\u0e27\u0e40\u0e27\u0e2d\u0e23\u0e4c \u0e23\u0e32\u0e0a\u0e40\u0e17\u0e27\u0e35","lat":13.76041719,"lng":100.538129,"age":0,"gender":0,"nationality":0,"from":0,"patientstatus":0,"note":" \u0e01\u0e17\u0e21.\u0e40\u0e1b\u0e34\u0e14\u0e44\u0e17\u0e21\u0e4c\u0e44\u0e25\u0e19\u0e4c \u0e1c\u0e39\u0e49\u0e1b\u0e48\u0e27\u0e22\u0e42\u0e04\u0e27\u0e34\u0e14  \u0e1b\u0e23\u0e30\u0e08\u0e33\u0e27\u0e31\u0e19\u0e17\u0e35\u0e48  26 \u0e21\u0e04.","source":"https:\/\/web.facebook.com\/earthpongsakornk\/posts\/451507699592464","parentcase":0},{"id":23,"status":"patient_has_been_here","date":1611187200000,"placename":"\u0e18\u0e19\u0e32\u0e04\u0e32\u0e23\u0e44\u0e17\u0e22\u0e1e\u0e32\u0e19\u0e34\u0e0a\u0e22\u0e4c \u0e15\u0e36\u0e01\u0e40\u0e2d\u0e47\u0e01\u0e0b\u0e4c\u0e40\u0e0a\u0e19\u0e08\u0e4c\u0e17\u0e32\u0e27\u0e40\u0e27\u0e2d\u0e23\u0e4c \u0e04\u0e25\u0e2d\u0e07\u0e40\u0e15\u0e22","lat":13.7354952,"lng":100.5616774,"age":0,"gender":0,"nationality":0,"from":0,"patientstatus":0,"note":" \u0e01\u0e17\u0e21.\u0e40\u0e1b\u0e34\u0e14\u0e44\u0e17\u0e21\u0e4c\u0e44\u0e25\u0e19\u0e4c \u0e1c\u0e39\u0e49\u0e1b\u0e48\u0e27\u0e22\u0e42\u0e04\u0e27\u0e34\u0e14  \u0e1b\u0e23\u0e30\u0e08\u0e33\u0e27\u0e31\u0e19\u0e17\u0e35\u0e48  28 \u0e21\u0e04.","source":"https:\/\/web.facebook.com\/earthpongsakornk\/posts\/452956482780919","parentcase":0},{"id":24,"status":"patient_has_been_here","date":1611187200000,"placename":"\u0e18\u0e19\u0e32\u0e04\u0e32\u0e23\u0e01\u0e2a\u0e34\u0e01\u0e23\u0e44\u0e17\u0e22 \u0e15\u0e36\u0e01\u0e40\u0e2d\u0e47\u0e01\u0e0b\u0e4c\u0e40\u0e0a\u0e19\u0e08\u0e4c\u0e17\u0e32\u0e27\u0e40\u0e27\u0e2d\u0e23\u0e4c \u0e04\u0e25\u0e2d\u0e07\u0e40\u0e15\u0e22","lat":13.73565939,"lng":100.5617249,"age":0,"gender":0,"nationality":0,"from":0,"patientstatus":0,"note":" \u0e01\u0e17\u0e21.\u0e40\u0e1b\u0e34\u0e14\u0e44\u0e17\u0e21\u0e4c\u0e44\u0e25\u0e19\u0e4c \u0e1c\u0e39\u0e49\u0e1b\u0e48\u0e27\u0e22\u0e42\u0e04\u0e27\u0e34\u0e14  \u0e1b\u0e23\u0e30\u0e08\u0e33\u0e27\u0e31\u0e19\u0e17\u0e35\u0e48  28 \u0e21\u0e04.","source":"https:\/\/web.facebook.com\/earthpongsakornk\/posts\/452956482780919","parentcase":0},{"id":25,"status":"patient_has_been_here","date":1611187200000,"placename":"\u0e18\u0e19\u0e32\u0e04\u0e32\u0e23\u0e01\u0e23\u0e38\u0e07\u0e28\u0e23\u0e35\u0e2d\u0e22\u0e38\u0e18\u0e22\u0e32 \u0e15\u0e36\u0e01\u0e40\u0e2d\u0e47\u0e01\u0e0b\u0e4c\u0e40\u0e0a\u0e19\u0e08\u0e4c\u0e17\u0e32\u0e27\u0e40\u0e27\u0e2d\u0e23\u0e4c \u0e04\u0e25\u0e2d\u0e07\u0e40\u0e15\u0e22","lat":13.73550438,"lng":100.5616711,"age":0,"gender":0,"nationality":0,"from":0,"patientstatus":0,"note":" \u0e01\u0e17\u0e21.\u0e40\u0e1b\u0e34\u0e14\u0e44\u0e17\u0e21\u0e4c\u0e44\u0e25\u0e19\u0e4c \u0e1c\u0e39\u0e49\u0e1b\u0e48\u0e27\u0e22\u0e42\u0e04\u0e27\u0e34\u0e14  \u0e1b\u0e23\u0e30\u0e08\u0e33\u0e27\u0e31\u0e19\u0e17\u0e35\u0e48  28 \u0e21\u0e04.","source":"https:\/\/web.facebook.com\/earthpongsakornk\/posts\/452956482780919","parentcase":0},{"id":26,"status":"patient_has_been_here","date":1611187200000,"placename":"\u0e42\u0e23\u0e1a\u0e34\u0e19\u0e2a\u0e31\u0e19 \u0e2a\u0e38\u0e02\u0e38\u0e21\u0e27\u0e34\u0e17 ","lat":13.73798989,"lng":100.559502,"age":0,"gender":0,"nationality":0,"from":0,"patientstatus":0,"note":" \u0e01\u0e17\u0e21.\u0e40\u0e1b\u0e34\u0e14\u0e44\u0e17\u0e21\u0e4c\u0e44\u0e25\u0e19\u0e4c \u0e1c\u0e39\u0e49\u0e1b\u0e48\u0e27\u0e22\u0e42\u0e04\u0e27\u0e34\u0e14  \u0e1b\u0e23\u0e30\u0e08\u0e33\u0e27\u0e31\u0e19\u0e17\u0e35\u0e48  28 \u0e21\u0e04.","source":"https:\/\/web.facebook.com\/earthpongsakornk\/posts\/452956482780919","parentcase":0},{"id":27,"status":"patient_has_been_here","date":1611187200000,"placename":"\u0e41\u0e21\u0e04\u0e42\u0e14\u0e19\u0e31\u0e25\u0e14\u0e4c \u0e42\u0e23\u0e1a\u0e34\u0e19\u0e2a\u0e31\u0e19 \u0e2a\u0e38\u0e02\u0e38\u0e21\u0e27\u0e34\u0e17","lat":13.73816611,"lng":100.5594334,"age":0,"gender":0,"nationality":0,"from":0,"patientstatus":0,"note":" \u0e01\u0e17\u0e21.\u0e40\u0e1b\u0e34\u0e14\u0e44\u0e17\u0e21\u0e4c\u0e44\u0e25\u0e19\u0e4c \u0e1c\u0e39\u0e49\u0e1b\u0e48\u0e27\u0e22\u0e42\u0e04\u0e27\u0e34\u0e14  \u0e1b\u0e23\u0e30\u0e08\u0e33\u0e27\u0e31\u0e19\u0e17\u0e35\u0e48  28 \u0e21\u0e04.","source":"https:\/\/web.facebook.com\/earthpongsakornk\/posts\/452956482780919","parentcase":0},{"id":28,"status":"patient_has_been_here","date":1611187200000,"placename":"ICON SIAM ","lat":13.72659217,"lng":100.5098409,"age":0,"gender":0,"nationality":0,"from":0,"patientstatus":0,"note":" \u0e01\u0e17\u0e21.\u0e40\u0e1b\u0e34\u0e14\u0e44\u0e17\u0e21\u0e4c\u0e44\u0e25\u0e19\u0e4c \u0e1c\u0e39\u0e49\u0e1b\u0e48\u0e27\u0e22\u0e42\u0e04\u0e27\u0e34\u0e14  \u0e1b\u0e23\u0e30\u0e08\u0e33\u0e27\u0e31\u0e19\u0e17\u0e35\u0e48  28 \u0e21\u0e04.","source":"https:\/\/web.facebook.com\/earthpongsakornk\/posts\/452956482780919","parentcase":0},{"id":29,"status":"patient_has_been_here","date":1611187200000,"placename":"\u0e1b\u0e31\u0e4a\u0e21 \u0e1b\u0e15\u0e17. \u0e17\u0e32\u0e07\u0e25\u0e07\u0e14\u0e48\u0e32\u0e19\u0e40\u0e01\u0e47\u0e1a\u0e04\u0e48\u0e32\u0e1c\u0e48\u0e32\u0e19\u0e17\u0e32\u0e07 \u0e1a\u0e32\u0e07\u0e25\u0e30\u0e21\u0e38\u0e07","lat":0.0,"lng":0.0,"age":0,"gender":0,"nationality":0,"from":0,"patientstatus":0,"note":" \u0e01\u0e17\u0e21.\u0e40\u0e1b\u0e34\u0e14\u0e44\u0e17\u0e21\u0e4c\u0e44\u0e25\u0e19\u0e4c \u0e1c\u0e39\u0e49\u0e1b\u0e48\u0e27\u0e22\u0e42\u0e04\u0e27\u0e34\u0e14  \u0e1b\u0e23\u0e30\u0e08\u0e33\u0e27\u0e31\u0e19\u0e17\u0e35\u0e48  30 \u0e21\u0e04.","source":"https:\/\/www.facebook.com\/earthpongsakornk\/posts\/454073426002558","parentcase":0},{"id":30,"status":"patient_has_been_here","date":1611187200000,"placename":"\u0e15\u0e25\u0e32\u0e14\u0e2d\u0e34\u0e19\u0e14\u0e35\u0e49 ","lat":0.0,"lng":0.0,"age":0,"gender":0,"nationality":0,"from":0,"patientstatus":0,"note":" \u0e01\u0e17\u0e21.\u0e40\u0e1b\u0e34\u0e14\u0e44\u0e17\u0e21\u0e4c\u0e44\u0e25\u0e19\u0e4c \u0e1c\u0e39\u0e49\u0e1b\u0e48\u0e27\u0e22\u0e42\u0e04\u0e27\u0e34\u0e14  \u0e1b\u0e23\u0e30\u0e08\u0e33\u0e27\u0e31\u0e19\u0e17\u0e35\u0e48  30 \u0e21\u0e04.","source":"https:\/\/www.facebook.com\/earthpongsakornk\/posts\/454073426002558","parentcase":0},{"id":31,"status":"patient_has_been_here","date":1611273600000,"placename":"\u0e40\u0e21\u0e40\u0e08\u0e2d\u0e23\u0e4c\u0e23\u0e31\u0e0a\u0e42\u0e22\u0e18\u0e34\u0e19 ","lat":13.82881268,"lng":100.5686601,"age":0,"gender":0,"nationality":0,"from":0,"patientstatus":0,"note":" \u0e01\u0e17\u0e21.\u0e40\u0e1b\u0e34\u0e14\u0e44\u0e17\u0e21\u0e4c\u0e44\u0e25\u0e19\u0e4c \u0e1c\u0e39\u0e49\u0e1b\u0e48\u0e27\u0e22\u0e42\u0e04\u0e27\u0e34\u0e14  \u0e1b\u0e23\u0e30\u0e08\u0e33\u0e27\u0e31\u0e19\u0e17\u0e35\u0e48  27 \u0e21\u0e04.","source":"https:\/\/web.facebook.com\/earthpongsakornk\/posts\/452138166196084","parentcase":0},{"id":32,"status":"patient_has_been_here","date":1611273600000,"placename":"starbuck \u0e04\u0e23\u0e34\u0e2a\u0e15\u0e31\u0e25\u0e1b\u0e32\u0e23\u0e4c\u0e04 \u0e25\u0e32\u0e14\u0e1e\u0e23\u0e49\u0e32\u0e27","lat":13.81119997,"lng":100.6188895,"age":0,"gender":0,"nationality":0,"from":0,"patientstatus":0,"note":" \u0e01\u0e17\u0e21.\u0e40\u0e1b\u0e34\u0e14\u0e44\u0e17\u0e21\u0e4c\u0e44\u0e25\u0e19\u0e4c \u0e1c\u0e39\u0e49\u0e1b\u0e48\u0e27\u0e22\u0e42\u0e04\u0e27\u0e34\u0e14  \u0e1b\u0e23\u0e30\u0e08\u0e33\u0e27\u0e31\u0e19\u0e17\u0e35\u0e48  27 \u0e21\u0e04.","source":"https:\/\/web.facebook.com\/earthpongsakornk\/posts\/452138166196084","parentcase":0},{"id":33,"status":"patient_has_been_here","date":1611273600000,"placename":"FYI \u0e16\u0e19\u0e19 \u0e1e\u0e23\u0e30\u0e23\u0e32\u0e21 4","lat":13.72039971,"lng":100.5600857,"age":0,"gender":0,"nationality":0,"from":0,"patientstatus":0,"note":" \u0e01\u0e17\u0e21.\u0e40\u0e1b\u0e34\u0e14\u0e44\u0e17\u0e21\u0e4c\u0e44\u0e25\u0e19\u0e4c \u0e1c\u0e39\u0e49\u0e1b\u0e48\u0e27\u0e22\u0e42\u0e04\u0e27\u0e34\u0e14  \u0e1b\u0e23\u0e30\u0e08\u0e33\u0e27\u0e31\u0e19\u0e17\u0e35\u0e48  28 \u0e21\u0e04.","source":"https:\/\/web.facebook.com\/earthpongsakornk\/posts\/452956482780919","parentcase":0},{"id":34,"status":"patient_has_been_here","date":1611273600000,"placename":"\u0e28\u0e32\u0e25 \u0e08\u0e31\u0e07\u0e2b\u0e27\u0e31\u0e14 \u0e19\u0e19\u0e17\u0e1a\u0e38\u0e23\u0e35","lat":0.0,"lng":0.0,"age":0,"gender":0,"nationality":0,"from":0,"patientstatus":0,"note":" \u0e01\u0e17\u0e21.\u0e40\u0e1b\u0e34\u0e14\u0e44\u0e17\u0e21\u0e4c\u0e44\u0e25\u0e19\u0e4c \u0e1c\u0e39\u0e49\u0e1b\u0e48\u0e27\u0e22\u0e42\u0e04\u0e27\u0e34\u0e14  \u0e1b\u0e23\u0e30\u0e08\u0e33\u0e27\u0e31\u0e19\u0e17\u0e35\u0e48  30 \u0e21\u0e04.","source":"https:\/\/www.facebook.com\/earthpongsakornk\/posts\/454073426002558","parentcase":0},{"id":35,"status":"patient_has_been_here","date":1611273600000,"placename":"\u0e28\u0e32\u0e25\u0e2d\u0e32\u0e0d\u0e32\u0e23\u0e31\u0e0a\u0e14\u0e32","lat":0.0,"lng":0.0,"age":0,"gender":0,"nationality":0,"from":0,"patientstatus":0,"note":" \u0e01\u0e17\u0e21.\u0e40\u0e1b\u0e34\u0e14\u0e44\u0e17\u0e21\u0e4c\u0e44\u0e25\u0e19\u0e4c \u0e1c\u0e39\u0e49\u0e1b\u0e48\u0e27\u0e22\u0e42\u0e04\u0e27\u0e34\u0e14  \u0e1b\u0e23\u0e30\u0e08\u0e33\u0e27\u0e31\u0e19\u0e17\u0e35\u0e48  30 \u0e21\u0e04.","source":"https:\/\/www.facebook.com\/earthpongsakornk\/posts\/454073426002558","parentcase":0},{"id":36,"status":"patient_has_been_here","date":1611273600000,"placename":"\u0e23\u0e49\u0e32\u0e19\u0e1e\u0e27\u0e07\u0e42\u0e20\u0e0a\u0e19\u0e32","lat":0.0,"lng":0.0,"age":0,"gender":0,"nationality":0,"from":0,"patientstatus":0,"note":" \u0e01\u0e17\u0e21.\u0e40\u0e1b\u0e34\u0e14\u0e44\u0e17\u0e21\u0e4c\u0e44\u0e25\u0e19\u0e4c \u0e1c\u0e39\u0e49\u0e1b\u0e48\u0e27\u0e22\u0e42\u0e04\u0e27\u0e34\u0e14  \u0e1b\u0e23\u0e30\u0e08\u0e33\u0e27\u0e31\u0e19\u0e17\u0e35\u0e48  30 \u0e21\u0e04.","source":"https:\/\/www.facebook.com\/earthpongsakornk\/posts\/454073426002558","parentcase":0},{"id":37,"status":"patient_has_been_here","date":1611273600000,"placename":"Bar B Q Plaza \u0e40\u0e14\u0e2d\u0e30\u0e21\u0e2d\u0e25\u0e25\u0e4c \u0e17\u0e48\u0e32\u0e1e\u0e23\u0e30","lat":0.0,"lng":0.0,"age":0,"gender":0,"nationality":0,"from":0,"patientstatus":0,"note":" \u0e01\u0e17\u0e21.\u0e40\u0e1b\u0e34\u0e14\u0e44\u0e17\u0e21\u0e4c\u0e44\u0e25\u0e19\u0e4c \u0e1c\u0e39\u0e49\u0e1b\u0e48\u0e27\u0e22\u0e42\u0e04\u0e27\u0e34\u0e14  \u0e1b\u0e23\u0e30\u0e08\u0e33\u0e27\u0e31\u0e19\u0e17\u0e35\u0e48  30 \u0e21\u0e04.","source":"https:\/\/www.facebook.com\/earthpongsakornk\/posts\/454073426002558","parentcase":0},{"id":38,"status":"patient_has_been_here","date":1611273600000,"placename":"\u0e15\u0e25\u0e32\u0e14\u0e27\u0e07\u0e40\u0e27\u0e35\u0e22\u0e19\u0e43\u0e2b\u0e0d\u0e48","lat":0.0,"lng":0.0,"age":0,"gender":0,"nationality":0,"from":0,"patientstatus":0,"note":" \u0e01\u0e17\u0e21.\u0e40\u0e1b\u0e34\u0e14\u0e44\u0e17\u0e21\u0e4c\u0e44\u0e25\u0e19\u0e4c \u0e1c\u0e39\u0e49\u0e1b\u0e48\u0e27\u0e22\u0e42\u0e04\u0e27\u0e34\u0e14  \u0e1b\u0e23\u0e30\u0e08\u0e33\u0e27\u0e31\u0e19\u0e17\u0e35\u0e48  30 \u0e21\u0e04.","source":"https:\/\/www.facebook.com\/earthpongsakornk\/posts\/454073426002558","parentcase":0},{"id":39,"status":"patient_has_been_here","date":1611273600000,"placename":"\u0e15\u0e25\u0e32\u0e14 \u0e0b\u0e2d\u0e22 \u0e01\u0e27\u0e19\u0e2d\u0e34\u0e21 \u0e1a\u0e32\u0e07\u0e40\u0e02\u0e19","lat":0.0,"lng":0.0,"age":0,"gender":0,"nationality":0,"from":0,"patientstatus":0,"note":" \u0e01\u0e17\u0e21.\u0e40\u0e1b\u0e34\u0e14\u0e44\u0e17\u0e21\u0e4c\u0e44\u0e25\u0e19\u0e4c \u0e1c\u0e39\u0e49\u0e1b\u0e48\u0e27\u0e22\u0e42\u0e04\u0e27\u0e34\u0e14  \u0e1b\u0e23\u0e30\u0e08\u0e33\u0e27\u0e31\u0e19\u0e17\u0e35\u0e48  30 \u0e21\u0e04.","source":"https:\/\/www.facebook.com\/earthpongsakornk\/posts\/454073426002558","parentcase":0},{"id":40,"status":"patient_has_been_here","date":1611273600000,"placename":"The Jas Ramintra \u0e1a\u0e32\u0e07\u0e40\u0e02\u0e19","lat":0.0,"lng":0.0,"age":0,"gender":0,"nationality":0,"from":0,"patientstatus":0,"note":" \u0e01\u0e17\u0e21.\u0e40\u0e1b\u0e34\u0e14\u0e44\u0e17\u0e21\u0e4c\u0e44\u0e25\u0e19\u0e4c \u0e1c\u0e39\u0e49\u0e1b\u0e48\u0e27\u0e22\u0e42\u0e04\u0e27\u0e34\u0e14  \u0e1b\u0e23\u0e30\u0e08\u0e33\u0e27\u0e31\u0e19\u0e17\u0e35\u0e48  30 \u0e21\u0e04.","source":"https:\/\/www.facebook.com\/earthpongsakornk\/posts\/454073426002558","parentcase":0},{"id":41,"status":"confirmed","date":1611360000000,"placename":"\u0e23\u0e49\u0e32\u0e19 cc-oo  icon siam","lat":13.72659978,"lng":100.5094696,"age":0,"gender":0,"nationality":0,"from":0,"patientstatus":0,"note":"\u0e44\u0e2d\u0e04\u0e2d\u0e19\u0e2a\u0e22\u0e32\u0e21 \u0e2a\u0e31\u0e48\u0e07\u0e1b\u0e34\u0e14\u0e23\u0e49\u0e32\u0e19\u0e20\u0e32\u0e22\u0e43\u0e19\u0e28\u0e39\u0e19\u0e22\u0e4c\u0e01\u0e32\u0e23\u0e04\u0e49\u0e32 \u0e2b\u0e25\u0e31\u0e07\u0e1e\u0e1a\u0e1e\u0e19\u0e31\u0e01\u0e07\u0e32\u0e19\u0e15\u0e34\u0e14\u0e42\u0e04\u0e27\u0e34\u0e14","source":"https:\/\/today.line.me\/th\/v2\/article\/0WaWGl","parentcase":0},{"id":42,"status":"confirmed","date":1611360000000,"placename":"\u0e23\u0e49\u0e32\u0e19 CP-Hilai Harbour icon siam","lat":13.72689292,"lng":100.50937,"age":0,"gender":0,"nationality":0,"from":0,"patientstatus":0,"note":"\u0e44\u0e2d\u0e04\u0e2d\u0e19\u0e2a\u0e22\u0e32\u0e21 \u0e2a\u0e31\u0e48\u0e07\u0e1b\u0e34\u0e14\u0e23\u0e49\u0e32\u0e19\u0e20\u0e32\u0e22\u0e43\u0e19\u0e28\u0e39\u0e19\u0e22\u0e4c\u0e01\u0e32\u0e23\u0e04\u0e49\u0e32 \u0e2b\u0e25\u0e31\u0e07\u0e1e\u0e1a\u0e1e\u0e19\u0e31\u0e01\u0e07\u0e32\u0e19\u0e15\u0e34\u0e14\u0e42\u0e04\u0e27\u0e34\u0e14","source":"https:\/\/today.line.me\/th\/v2\/article\/0WaWGl","parentcase":0},{"id":43,"status":"patient_has_been_here","date":1611360000000,"placename":"\u0e15\u0e25\u0e32\u0e14\u0e40\u0e2a\u0e23\u0e35 \u0e40\u0e08\u0e23\u0e34\u0e0d\u0e01\u0e23\u0e38\u0e07 109","lat":0.0,"lng":0.0,"age":0,"gender":0,"nationality":0,"from":0,"patientstatus":0,"note":" \u0e01\u0e17\u0e21.\u0e40\u0e1b\u0e34\u0e14\u0e44\u0e17\u0e21\u0e4c\u0e44\u0e25\u0e19\u0e4c \u0e1c\u0e39\u0e49\u0e1b\u0e48\u0e27\u0e22\u0e42\u0e04\u0e27\u0e34\u0e14  \u0e1b\u0e23\u0e30\u0e08\u0e33\u0e27\u0e31\u0e19\u0e17\u0e35\u0e48  30 \u0e21\u0e04.","source":"https:\/\/www.facebook.com\/earthpongsakornk\/posts\/454073426002558","parentcase":0},{"id":44,"status":"patient_has_been_here","date":1611360000000,"placename":"\u0e15\u0e25\u0e32\u0e14\u0e19\u0e31\u0e14\u0e1b\u0e49\u0e32\u0e01\u0e34\u0e48\u0e07 \u0e2b\u0e19\u0e49\u0e32\u0e2b\u0e21\u0e39\u0e48\u0e1a\u0e49\u0e32\u0e19\u0e40\u0e2d\u0e37\u0e49\u0e2d\u0e2d\u0e32\u0e17\u0e23 \u0e0b\u0e2d\u0e22\u0e04\u0e39\u0e49\u0e1a\u0e2d\u0e19 27 ","lat":0.0,"lng":0.0,"age":0,"gender":0,"nationality":0,"from":0,"patientstatus":0,"note":" \u0e01\u0e17\u0e21.\u0e40\u0e1b\u0e34\u0e14\u0e44\u0e17\u0e21\u0e4c\u0e44\u0e25\u0e19\u0e4c \u0e1c\u0e39\u0e49\u0e1b\u0e48\u0e27\u0e22\u0e42\u0e04\u0e27\u0e34\u0e14  \u0e1b\u0e23\u0e30\u0e08\u0e33\u0e27\u0e31\u0e19\u0e17\u0e35\u0e48  30 \u0e21\u0e04.","source":"https:\/\/www.facebook.com\/earthpongsakornk\/posts\/454073426002558","parentcase":0},{"id":45,"status":"patient_has_been_here","date":1611360000000,"placename":"\u0e01\u0e32\u0e23\u0e44\u0e1f\u0e1f\u0e49\u0e32\u0e19\u0e04\u0e23\u0e2b\u0e25\u0e27\u0e07 \u0e40\u0e02\u0e15\u0e23\u0e32\u0e29\u0e0e\u0e23\u0e4c\u0e1a\u0e39\u0e23\u0e13\u0e30","lat":0.0,"lng":0.0,"age":0,"gender":0,"nationality":0,"from":0,"patientstatus":0,"note":" \u0e01\u0e17\u0e21.\u0e40\u0e1b\u0e34\u0e14\u0e44\u0e17\u0e21\u0e4c\u0e44\u0e25\u0e19\u0e4c \u0e1c\u0e39\u0e49\u0e1b\u0e48\u0e27\u0e22\u0e42\u0e04\u0e27\u0e34\u0e14  \u0e1b\u0e23\u0e30\u0e08\u0e33\u0e27\u0e31\u0e19\u0e17\u0e35\u0e48  30 \u0e21\u0e04.","source":"https:\/\/www.facebook.com\/earthpongsakornk\/posts\/454073426002558","parentcase":0},{"id":46,"status":"patient_has_been_here","date":1611360000000,"placename":"Big-C \u0e1e\u0e23\u0e30\u0e1b\u0e23\u0e30\u0e41\u0e14\u0e07","lat":0.0,"lng":0.0,"age":0,"gender":0,"nationality":0,"from":0,"patientstatus":0,"note":" \u0e01\u0e17\u0e21.\u0e40\u0e1b\u0e34\u0e14\u0e44\u0e17\u0e21\u0e4c\u0e44\u0e25\u0e19\u0e4c \u0e1c\u0e39\u0e49\u0e1b\u0e48\u0e27\u0e22\u0e42\u0e04\u0e27\u0e34\u0e14  \u0e1b\u0e23\u0e30\u0e08\u0e33\u0e27\u0e31\u0e19\u0e17\u0e35\u0e48  30 \u0e21\u0e04.","source":"https:\/\/www.facebook.com\/earthpongsakornk\/posts\/454073426002558","parentcase":0},{"id":47,"status":"patient_has_been_here","date":1611360000000,"placename":"Starbuck \u0e40\u0e0b\u0e47\u0e19\u0e17\u0e23\u0e31\u0e25\u0e40\u0e27\u0e34\u0e25\u0e14\u0e4c","lat":0.0,"lng":0.0,"age":0,"gender":0,"nationality":0,"from":0,"patientstatus":0,"note":" \u0e01\u0e17\u0e21.\u0e40\u0e1b\u0e34\u0e14\u0e44\u0e17\u0e21\u0e4c\u0e44\u0e25\u0e19\u0e4c \u0e1c\u0e39\u0e49\u0e1b\u0e48\u0e27\u0e22\u0e42\u0e04\u0e27\u0e34\u0e14  \u0e1b\u0e23\u0e30\u0e08\u0e33\u0e27\u0e31\u0e19\u0e17\u0e35\u0e48  30 \u0e21\u0e04.","source":"https:\/\/www.facebook.com\/earthpongsakornk\/posts\/454073426002558","parentcase":0},{"id":48,"status":"patient_has_been_here","date":1611360000000,"placename":"\u0e23\u0e49\u0e32\u0e19\u0e15\u0e30\u0e25\u0e34\u0e07\u0e1b\u0e25\u0e34\u0e07","lat":0.0,"lng":0.0,"age":0,"gender":0,"nationality":0,"from":0,"patientstatus":0,"note":" \u0e01\u0e17\u0e21.\u0e40\u0e1b\u0e34\u0e14\u0e44\u0e17\u0e21\u0e4c\u0e44\u0e25\u0e19\u0e4c \u0e1c\u0e39\u0e49\u0e1b\u0e48\u0e27\u0e22\u0e42\u0e04\u0e27\u0e34\u0e14  \u0e1b\u0e23\u0e30\u0e08\u0e33\u0e27\u0e31\u0e19\u0e17\u0e35\u0e48  30 \u0e21\u0e04.","source":"https:\/\/www.facebook.com\/earthpongsakornk\/posts\/454073426002558","parentcase":0},{"id":49,"status":"patient_has_been_here","date":1611360000000,"placename":"Max value \u0e1e\u0e23\u0e30\u0e23\u0e32\u0e21 3","lat":0.0,"lng":0.0,"age":0,"gender":0,"nationality":0,"from":0,"patientstatus":0,"note":" \u0e01\u0e17\u0e21.\u0e40\u0e1b\u0e34\u0e14\u0e44\u0e17\u0e21\u0e4c\u0e44\u0e25\u0e19\u0e4c \u0e1c\u0e39\u0e49\u0e1b\u0e48\u0e27\u0e22\u0e42\u0e04\u0e27\u0e34\u0e14  \u0e1b\u0e23\u0e30\u0e08\u0e33\u0e27\u0e31\u0e19\u0e17\u0e35\u0e48  30 \u0e21\u0e04.","source":"https:\/\/www.facebook.com\/earthpongsakornk\/posts\/454073426002558","parentcase":0},{"id":50,"status":"patient_has_been_here","date":1611360000000,"placename":"\u0e28\u0e39\u0e19\u0e22\u0e4c Honda \u0e1e\u0e23\u0e30\u0e23\u0e32\u0e21 3","lat":0.0,"lng":0.0,"age":0,"gender":0,"nationality":0,"from":0,"patientstatus":0,"note":" \u0e01\u0e17\u0e21.\u0e40\u0e1b\u0e34\u0e14\u0e44\u0e17\u0e21\u0e4c\u0e44\u0e25\u0e19\u0e4c \u0e1c\u0e39\u0e49\u0e1b\u0e48\u0e27\u0e22\u0e42\u0e04\u0e27\u0e34\u0e14  \u0e1b\u0e23\u0e30\u0e08\u0e33\u0e27\u0e31\u0e19\u0e17\u0e35\u0e48  30 \u0e21\u0e04.","source":"https:\/\/www.facebook.com\/earthpongsakornk\/posts\/454073426002558","parentcase":0},{"id":51,"status":"patient_has_been_here","date":1611360000000,"placename":"IT City Central \u0e1e\u0e23\u0e30\u0e23\u0e32\u0e21 3","lat":0.0,"lng":0.0,"age":0,"gender":0,"nationality":0,"from":0,"patientstatus":0,"note":" \u0e01\u0e17\u0e21.\u0e40\u0e1b\u0e34\u0e14\u0e44\u0e17\u0e21\u0e4c\u0e44\u0e25\u0e19\u0e4c \u0e1c\u0e39\u0e49\u0e1b\u0e48\u0e27\u0e22\u0e42\u0e04\u0e27\u0e34\u0e14  \u0e1b\u0e23\u0e30\u0e08\u0e33\u0e27\u0e31\u0e19\u0e17\u0e35\u0e48  30 \u0e21\u0e04.","source":"https:\/\/www.facebook.com\/earthpongsakornk\/posts\/454073426002558","parentcase":0},{"id":52,"status":"patient_has_been_here","date":1611360000000,"placename":"Pepper lunch Central \u0e1e\u0e23\u0e30\u0e23\u0e32\u0e21 3","lat":0.0,"lng":0.0,"age":0,"gender":0,"nationality":0,"from":0,"patientstatus":0,"note":" \u0e01\u0e17\u0e21.\u0e40\u0e1b\u0e34\u0e14\u0e44\u0e17\u0e21\u0e4c\u0e44\u0e25\u0e19\u0e4c \u0e1c\u0e39\u0e49\u0e1b\u0e48\u0e27\u0e22\u0e42\u0e04\u0e27\u0e34\u0e14  \u0e1b\u0e23\u0e30\u0e08\u0e33\u0e27\u0e31\u0e19\u0e17\u0e35\u0e48  30 \u0e21\u0e04.","source":"https:\/\/www.facebook.com\/earthpongsakornk\/posts\/454073426002558","parentcase":0},{"id":53,"status":"patient_has_been_here","date":1611446400000,"placename":"Maria garden restuarant","lat":0.0,"lng":0.0,"age":0,"gender":0,"nationality":0,"from":0,"patientstatus":0,"note":" \u0e01\u0e17\u0e21.\u0e40\u0e1b\u0e34\u0e14\u0e44\u0e17\u0e21\u0e4c\u0e44\u0e25\u0e19\u0e4c \u0e1c\u0e39\u0e49\u0e1b\u0e48\u0e27\u0e22\u0e42\u0e04\u0e27\u0e34\u0e14  \u0e1b\u0e23\u0e30\u0e08\u0e33\u0e27\u0e31\u0e19\u0e17\u0e35\u0e48  30 \u0e21\u0e04.","source":"https:\/\/www.facebook.com\/earthpongsakornk\/posts\/454073426002558","parentcase":0},{"id":54,"status":"patient_has_been_here","date":1611446400000,"placename":"\u0e17\u0e47\u0e2d\u0e1b\u0e2a\u0e4c\u0e21\u0e32\u0e23\u0e4c\u0e40\u0e01\u0e47\u0e15 \u0e41\u0e1f\u0e0a\u0e31\u0e48\u0e19\u0e44\u0e2d\u0e2a\u0e4c\u0e41\u0e25\u0e19\u0e14\u0e4c","lat":0.0,"lng":0.0,"age":0,"gender":0,"nationality":0,"from":0,"patientstatus":0,"note":" \u0e01\u0e17\u0e21.\u0e40\u0e1b\u0e34\u0e14\u0e44\u0e17\u0e21\u0e4c\u0e44\u0e25\u0e19\u0e4c \u0e1c\u0e39\u0e49\u0e1b\u0e48\u0e27\u0e22\u0e42\u0e04\u0e27\u0e34\u0e14  \u0e1b\u0e23\u0e30\u0e08\u0e33\u0e27\u0e31\u0e19\u0e17\u0e35\u0e48  30 \u0e21\u0e04.","source":"https:\/\/www.facebook.com\/earthpongsakornk\/posts\/454073426002558","parentcase":0},{"id":55,"status":"patient_has_been_here","date":1611792000000,"placename":"\u0e15\u0e25\u0e32\u0e14\u0e19\u0e31\u0e14\u0e2a\u0e32\u0e22\u0e44\u0e2b\u0e21","lat":13.92160509,"lng":100.6679682,"age":0,"gender":0,"nationality":0,"from":0,"patientstatus":0,"note":"\u0e15\u0e25\u0e32\u0e14\u0e19\u0e31\u0e14\u0e2a\u0e32\u0e22\u0e44\u0e2b\u0e21\u200b\u0e41\u0e08\u0e49\u0e07\u0e1c\u0e25\u0e15\u0e23\u0e27\u0e08\u0e40\u0e0a\u0e37\u0e49\u0e2d\u0e42\u0e04\u0e27\u0e34\u0e14-19 \u0e02\u0e2d\u0e07\u0e1c\u0e39\u0e49\u0e04\u0e49\u0e32\u0e43\u0e19\u0e41\u0e1c\u0e07\u200b \u0e02\u0e49\u0e32\u0e27\u0e21\u0e31\u0e19\u0e44\u0e01\u0e48 \u0e40\u0e1b\u0e47\u0e19\u0e1a\u0e27\u0e01 1 \u0e23\u0e32\u0e22","source":"https:\/\/web.facebook.com\/permalink.php?story_fbid=2793010280917181&id=2007100666174817","parentcase":0}]