[{"id":77,"status":"patient_has_been_here","date":1612915200000,"placename":"\u0e1b\u0e49\u0e2d\u0e21 \u0e23\u0e1b\u0e20.\u0e28\u0e39\u0e19\u0e22\u0e4c\u0e2a\u0e31\u0e15\u0e27\u0e4c\u0e17\u0e14\u0e25\u0e2d\u0e07 \u0e08\u0e38\u0e2c\u0e32","lat":13.74243313,"lng":100.533686,"age":0,"gender":0,"nationality":0,"from":0,"patientstatus":0,"note":" \u0e01\u0e17\u0e21.\u0e40\u0e1b\u0e34\u0e14\u0e44\u0e17\u0e21\u0e4c\u0e44\u0e25\u0e19\u0e4c \u0e1c\u0e39\u0e49\u0e1b\u0e48\u0e27\u0e22\u0e42\u0e04\u0e27\u0e34\u0e14  \u0e1b\u0e23\u0e30\u0e08\u0e33\u0e27\u0e31\u0e19\u0e17\u0e35\u0e48  14 \u0e01\u0e1e.","source":"https:\/\/www.facebook.com\/earthpongsakornk\/posts\/463535471723020","parentcase":0},{"id":78,"status":"patient_has_been_here","date":1612915200000,"placename":"i'm park","lat":13.74007973,"lng":100.5246268,"age":0,"gender":0,"nationality":0,"from":0,"patientstatus":0,"note":" \u0e01\u0e17\u0e21.\u0e40\u0e1b\u0e34\u0e14\u0e44\u0e17\u0e21\u0e4c\u0e44\u0e25\u0e19\u0e4c \u0e1c\u0e39\u0e49\u0e1b\u0e48\u0e27\u0e22\u0e42\u0e04\u0e27\u0e34\u0e14  \u0e1b\u0e23\u0e30\u0e08\u0e33\u0e27\u0e31\u0e19\u0e17\u0e35\u0e48  14 \u0e01\u0e1e.","source":"https:\/\/www.facebook.com\/earthpongsakornk\/posts\/463535471723020","parentcase":0},{"id":79,"status":"patient_has_been_here","date":1612915200000,"placename":"\u0e15\u0e25\u0e32\u0e14\u0e2a\u0e35\u0e48\u0e21\u0e38\u0e21\u0e40\u0e21\u0e37\u0e2d\u0e07","lat":13.96212333,"lng":100.6186288,"age":0,"gender":0,"nationality":0,"from":0,"patientstatus":0,"note":" \u0e01\u0e17\u0e21.\u0e40\u0e1b\u0e34\u0e14\u0e44\u0e17\u0e21\u0e4c\u0e44\u0e25\u0e19\u0e4c \u0e1c\u0e39\u0e49\u0e1b\u0e48\u0e27\u0e22\u0e42\u0e04\u0e27\u0e34\u0e14  \u0e1b\u0e23\u0e30\u0e08\u0e33\u0e27\u0e31\u0e19\u0e17\u0e35\u0e48  15 \u0e01\u0e1e.","source":"https:\/\/www.facebook.com\/earthpongsakornk\/posts\/464117151664852","parentcase":0},{"id":80,"status":"patient_has_been_here","date":1613001600000,"placename":"\u0e15\u0e25\u0e32\u0e14\u0e17\u0e48\u0e32\u0e14\u0e34\u0e19\u0e41\u0e14\u0e07 \u0e04\u0e25\u0e2d\u0e07\u0e2a\u0e32\u0e19","lat":13.73378448,"lng":100.5024518,"age":0,"gender":0,"nationality":0,"from":0,"patientstatus":0,"note":" \u0e01\u0e17\u0e21.\u0e40\u0e1b\u0e34\u0e14\u0e44\u0e17\u0e21\u0e4c\u0e44\u0e25\u0e19\u0e4c \u0e1c\u0e39\u0e49\u0e1b\u0e48\u0e27\u0e22\u0e42\u0e04\u0e27\u0e34\u0e14  \u0e1b\u0e23\u0e30\u0e08\u0e33\u0e27\u0e31\u0e19\u0e17\u0e35\u0e48  19 \u0e01\u0e1e.","source":"https:\/\/www.facebook.com\/earthpongsakornk\/posts\/466640598079174","parentcase":0}]