[{"No.":13191,"announce_date":"1\/23\/2021","notification_date":1611360000000,"sex":"\u0e2b\u0e0d\u0e34\u0e07","age":51.0,"nationality":"Thailand","province_of_isolation":"\u0e23\u0e30\u0e22\u0e2d\u0e07","province_of_onset":"\u0e23\u0e30\u0e22\u0e2d\u0e07","district_of_onset":"\u0e40\u0e21\u0e37\u0e2d\u0e07","risk":null},{"No.":13195,"announce_date":"1\/23\/2021","notification_date":1611360000000,"sex":"\u0e2b\u0e0d\u0e34\u0e07","age":30.0,"nationality":"Thailand","province_of_isolation":"\u0e0a\u0e25\u0e1a\u0e38\u0e23\u0e35","province_of_onset":"\u0e0a\u0e25\u0e1a\u0e38\u0e23\u0e35","district_of_onset":"\u0e1a\u0e32\u0e07\u0e25\u0e30\u0e21\u0e38\u0e07","risk":"State Quarantine"},{"No.":13303,"announce_date":"1\/24\/2021","notification_date":1611360000000,"sex":"\u0e0a\u0e32\u0e22","age":20.0,"nationality":"Burma","province_of_isolation":"\u0e2a\u0e21\u0e38\u0e17\u0e23\u0e2a\u0e32\u0e04\u0e23","province_of_onset":"\u0e2a\u0e21\u0e38\u0e17\u0e23\u0e2a\u0e32\u0e04\u0e23","district_of_onset":"\u0e40\u0e21\u0e37\u0e2d\u0e07","risk":"Cluster \u0e2a\u0e21\u0e38\u0e17\u0e23\u0e2a\u0e32\u0e04\u0e23"},{"No.":13304,"announce_date":"1\/24\/2021","notification_date":1611360000000,"sex":"\u0e0a\u0e32\u0e22","age":45.0,"nationality":"Burma","province_of_isolation":"\u0e2a\u0e21\u0e38\u0e17\u0e23\u0e2a\u0e32\u0e04\u0e23","province_of_onset":"\u0e2a\u0e21\u0e38\u0e17\u0e23\u0e2a\u0e32\u0e04\u0e23","district_of_onset":"\u0e40\u0e21\u0e37\u0e2d\u0e07","risk":"Cluster \u0e2a\u0e21\u0e38\u0e17\u0e23\u0e2a\u0e32\u0e04\u0e23"},{"No.":13305,"announce_date":"1\/24\/2021","notification_date":1611360000000,"sex":"\u0e0a\u0e32\u0e22","age":31.0,"nationality":"Burma","province_of_isolation":"\u0e2a\u0e21\u0e38\u0e17\u0e23\u0e2a\u0e32\u0e04\u0e23","province_of_onset":"\u0e2a\u0e21\u0e38\u0e17\u0e23\u0e2a\u0e32\u0e04\u0e23","district_of_onset":"\u0e40\u0e21\u0e37\u0e2d\u0e07","risk":"Cluster \u0e2a\u0e21\u0e38\u0e17\u0e23\u0e2a\u0e32\u0e04\u0e23"},{"No.":13306,"announce_date":"1\/24\/2021","notification_date":1611360000000,"sex":"\u0e0a\u0e32\u0e22","age":28.0,"nationality":"Burma","province_of_isolation":"\u0e2a\u0e21\u0e38\u0e17\u0e23\u0e2a\u0e32\u0e04\u0e23","province_of_onset":"\u0e2a\u0e21\u0e38\u0e17\u0e23\u0e2a\u0e32\u0e04\u0e23","district_of_onset":"\u0e40\u0e21\u0e37\u0e2d\u0e07","risk":"Cluster \u0e2a\u0e21\u0e38\u0e17\u0e23\u0e2a\u0e32\u0e04\u0e23"},{"No.":13307,"announce_date":"1\/24\/2021","notification_date":1611360000000,"sex":"\u0e0a\u0e32\u0e22","age":38.0,"nationality":"Thailand","province_of_isolation":"\u0e2a\u0e21\u0e38\u0e17\u0e23\u0e2a\u0e32\u0e04\u0e23","province_of_onset":"\u0e2a\u0e21\u0e38\u0e17\u0e23\u0e2a\u0e32\u0e04\u0e23","district_of_onset":"\u0e40\u0e21\u0e37\u0e2d\u0e07","risk":"Cluster \u0e2a\u0e21\u0e38\u0e17\u0e23\u0e2a\u0e32\u0e04\u0e23"},{"No.":13308,"announce_date":"1\/24\/2021","notification_date":1611360000000,"sex":"\u0e2b\u0e0d\u0e34\u0e07","age":35.0,"nationality":"Thailand","province_of_isolation":"\u0e2a\u0e21\u0e38\u0e17\u0e23\u0e2a\u0e32\u0e04\u0e23","province_of_onset":"\u0e2a\u0e21\u0e38\u0e17\u0e23\u0e2a\u0e32\u0e04\u0e23","district_of_onset":"\u0e40\u0e21\u0e37\u0e2d\u0e07","risk":"Cluster \u0e2a\u0e21\u0e38\u0e17\u0e23\u0e2a\u0e32\u0e04\u0e23"},{"No.":13309,"announce_date":"1\/24\/2021","notification_date":1611360000000,"sex":"\u0e0a\u0e32\u0e22","age":19.0,"nationality":"Thailand","province_of_isolation":"\u0e2a\u0e21\u0e38\u0e17\u0e23\u0e2a\u0e32\u0e04\u0e23","province_of_onset":"\u0e2a\u0e21\u0e38\u0e17\u0e23\u0e2a\u0e32\u0e04\u0e23","district_of_onset":"\u0e01\u0e23\u0e30\u0e17\u0e38\u0e48\u0e21\u0e41\u0e1a\u0e19","risk":"Cluster \u0e2a\u0e21\u0e38\u0e17\u0e23\u0e2a\u0e32\u0e04\u0e23"},{"No.":13310,"announce_date":"1\/24\/2021","notification_date":1611360000000,"sex":"\u0e2b\u0e0d\u0e34\u0e07","age":22.0,"nationality":"Thailand","province_of_isolation":"\u0e2a\u0e21\u0e38\u0e17\u0e23\u0e2a\u0e32\u0e04\u0e23","province_of_onset":"\u0e2a\u0e21\u0e38\u0e17\u0e23\u0e2a\u0e32\u0e04\u0e23","district_of_onset":"\u0e40\u0e21\u0e37\u0e2d\u0e07","risk":"Cluster \u0e2a\u0e21\u0e38\u0e17\u0e23\u0e2a\u0e32\u0e04\u0e23"},{"No.":13311,"announce_date":"1\/24\/2021","notification_date":1611360000000,"sex":"\u0e0a\u0e32\u0e22","age":25.0,"nationality":"Thailand","province_of_isolation":"\u0e2a\u0e21\u0e38\u0e17\u0e23\u0e2a\u0e32\u0e04\u0e23","province_of_onset":"\u0e2a\u0e21\u0e38\u0e17\u0e23\u0e2a\u0e32\u0e04\u0e23","district_of_onset":"\u0e40\u0e21\u0e37\u0e2d\u0e07","risk":"Cluster \u0e2a\u0e21\u0e38\u0e17\u0e23\u0e2a\u0e32\u0e04\u0e23"},{"No.":13312,"announce_date":"1\/24\/2021","notification_date":1611360000000,"sex":"\u0e0a\u0e32\u0e22","age":19.0,"nationality":"Thailand","province_of_isolation":"\u0e2a\u0e21\u0e38\u0e17\u0e23\u0e2a\u0e32\u0e04\u0e23","province_of_onset":"\u0e2a\u0e21\u0e38\u0e17\u0e23\u0e2a\u0e32\u0e04\u0e23","district_of_onset":"\u0e01\u0e23\u0e30\u0e17\u0e38\u0e48\u0e21\u0e41\u0e1a\u0e19","risk":"Cluster \u0e2a\u0e21\u0e38\u0e17\u0e23\u0e2a\u0e32\u0e04\u0e23"},{"No.":13313,"announce_date":"1\/24\/2021","notification_date":1611360000000,"sex":"\u0e2b\u0e0d\u0e34\u0e07","age":24.0,"nationality":"Thailand","province_of_isolation":"\u0e2a\u0e21\u0e38\u0e17\u0e23\u0e2a\u0e32\u0e04\u0e23","province_of_onset":"\u0e2a\u0e21\u0e38\u0e17\u0e23\u0e2a\u0e32\u0e04\u0e23","district_of_onset":"\u0e01\u0e23\u0e30\u0e17\u0e38\u0e48\u0e21\u0e41\u0e1a\u0e19","risk":"Cluster \u0e2a\u0e21\u0e38\u0e17\u0e23\u0e2a\u0e32\u0e04\u0e23"},{"No.":13314,"announce_date":"24\/1\/0202","notification_date":1611360000000,"sex":"\u0e0a\u0e32\u0e22","age":39.0,"nationality":"Thailand","province_of_isolation":"\u0e2a\u0e21\u0e38\u0e17\u0e23\u0e2a\u0e32\u0e04\u0e23","province_of_onset":"\u0e2a\u0e21\u0e38\u0e17\u0e23\u0e2a\u0e32\u0e04\u0e23","district_of_onset":"\u0e40\u0e21\u0e37\u0e2d\u0e07","risk":"Cluster \u0e2a\u0e21\u0e38\u0e17\u0e23\u0e2a\u0e32\u0e04\u0e23"},{"No.":13315,"announce_date":"1\/24\/2021","notification_date":1611360000000,"sex":"\u0e2b\u0e0d\u0e34\u0e07","age":31.0,"nationality":"Thailand","province_of_isolation":"\u0e2a\u0e21\u0e38\u0e17\u0e23\u0e2a\u0e32\u0e04\u0e23","province_of_onset":"\u0e2a\u0e21\u0e38\u0e17\u0e23\u0e2a\u0e32\u0e04\u0e23","district_of_onset":"\u0e40\u0e21\u0e37\u0e2d\u0e07","risk":"Cluster \u0e2a\u0e21\u0e38\u0e17\u0e23\u0e2a\u0e32\u0e04\u0e23"},{"No.":13316,"announce_date":"1\/24\/2021","notification_date":1611360000000,"sex":"\u0e2b\u0e0d\u0e34\u0e07","age":35.0,"nationality":"Thailand","province_of_isolation":"\u0e2a\u0e21\u0e38\u0e17\u0e23\u0e2a\u0e32\u0e04\u0e23","province_of_onset":"\u0e2a\u0e21\u0e38\u0e17\u0e23\u0e2a\u0e32\u0e04\u0e23","district_of_onset":"\u0e40\u0e21\u0e37\u0e2d\u0e07","risk":"Cluster \u0e2a\u0e21\u0e38\u0e17\u0e23\u0e2a\u0e32\u0e04\u0e23"},{"No.":13317,"announce_date":"1\/24\/2021","notification_date":1611360000000,"sex":"\u0e0a\u0e32\u0e22","age":32.0,"nationality":"Thailand","province_of_isolation":"\u0e2a\u0e21\u0e38\u0e17\u0e23\u0e2a\u0e32\u0e04\u0e23","province_of_onset":"\u0e2a\u0e21\u0e38\u0e17\u0e23\u0e2a\u0e32\u0e04\u0e23","district_of_onset":"\u0e40\u0e21\u0e37\u0e2d\u0e07","risk":"Cluster \u0e2a\u0e21\u0e38\u0e17\u0e23\u0e2a\u0e32\u0e04\u0e23"},{"No.":13318,"announce_date":"1\/24\/2021","notification_date":1611360000000,"sex":"\u0e0a\u0e32\u0e22","age":31.0,"nationality":"Burma","province_of_isolation":"\u0e2a\u0e21\u0e38\u0e17\u0e23\u0e2a\u0e32\u0e04\u0e23","province_of_onset":"\u0e2a\u0e21\u0e38\u0e17\u0e23\u0e2a\u0e32\u0e04\u0e23","district_of_onset":"\u0e40\u0e21\u0e37\u0e2d\u0e07","risk":"Cluster \u0e2a\u0e21\u0e38\u0e17\u0e23\u0e2a\u0e32\u0e04\u0e23"},{"No.":13319,"announce_date":"1\/24\/2021","notification_date":1611360000000,"sex":"\u0e0a\u0e32\u0e22","age":27.0,"nationality":"Burma","province_of_isolation":"\u0e2a\u0e21\u0e38\u0e17\u0e23\u0e2a\u0e32\u0e04\u0e23","province_of_onset":"\u0e2a\u0e21\u0e38\u0e17\u0e23\u0e2a\u0e32\u0e04\u0e23","district_of_onset":"\u0e40\u0e21\u0e37\u0e2d\u0e07","risk":"Cluster \u0e2a\u0e21\u0e38\u0e17\u0e23\u0e2a\u0e32\u0e04\u0e23"},{"No.":13320,"announce_date":"1\/24\/2021","notification_date":1611360000000,"sex":"\u0e2b\u0e0d\u0e34\u0e07","age":28.0,"nationality":"Burma","province_of_isolation":"\u0e2a\u0e21\u0e38\u0e17\u0e23\u0e2a\u0e32\u0e04\u0e23","province_of_onset":"\u0e2a\u0e21\u0e38\u0e17\u0e23\u0e2a\u0e32\u0e04\u0e23","district_of_onset":"\u0e40\u0e21\u0e37\u0e2d\u0e07","risk":"Cluster \u0e2a\u0e21\u0e38\u0e17\u0e23\u0e2a\u0e32\u0e04\u0e23"},{"No.":13321,"announce_date":"1\/24\/2021","notification_date":1611360000000,"sex":"\u0e2b\u0e0d\u0e34\u0e07","age":31.0,"nationality":"Burma","province_of_isolation":"\u0e2a\u0e21\u0e38\u0e17\u0e23\u0e2a\u0e32\u0e04\u0e23","province_of_onset":"\u0e2a\u0e21\u0e38\u0e17\u0e23\u0e2a\u0e32\u0e04\u0e23","district_of_onset":"\u0e40\u0e21\u0e37\u0e2d\u0e07","risk":"Cluster \u0e2a\u0e21\u0e38\u0e17\u0e23\u0e2a\u0e32\u0e04\u0e23"},{"No.":13322,"announce_date":"1\/24\/2021","notification_date":1611360000000,"sex":"\u0e2b\u0e0d\u0e34\u0e07","age":21.0,"nationality":"Burma","province_of_isolation":"\u0e2a\u0e21\u0e38\u0e17\u0e23\u0e2a\u0e32\u0e04\u0e23","province_of_onset":"\u0e2a\u0e21\u0e38\u0e17\u0e23\u0e2a\u0e32\u0e04\u0e23","district_of_onset":"\u0e40\u0e21\u0e37\u0e2d\u0e07","risk":"Cluster \u0e2a\u0e21\u0e38\u0e17\u0e23\u0e2a\u0e32\u0e04\u0e23"},{"No.":13323,"announce_date":"1\/24\/2021","notification_date":1611360000000,"sex":"\u0e2b\u0e0d\u0e34\u0e07","age":34.0,"nationality":"Burma","province_of_isolation":"\u0e2a\u0e21\u0e38\u0e17\u0e23\u0e2a\u0e32\u0e04\u0e23","province_of_onset":"\u0e2a\u0e21\u0e38\u0e17\u0e23\u0e2a\u0e32\u0e04\u0e23","district_of_onset":"\u0e40\u0e21\u0e37\u0e2d\u0e07","risk":"Cluster \u0e2a\u0e21\u0e38\u0e17\u0e23\u0e2a\u0e32\u0e04\u0e23"},{"No.":13324,"announce_date":"1\/24\/2021","notification_date":1611360000000,"sex":"\u0e0a\u0e32\u0e22","age":19.0,"nationality":"Burma","province_of_isolation":"\u0e2a\u0e21\u0e38\u0e17\u0e23\u0e2a\u0e32\u0e04\u0e23","province_of_onset":"\u0e2a\u0e21\u0e38\u0e17\u0e23\u0e2a\u0e32\u0e04\u0e23","district_of_onset":"\u0e40\u0e21\u0e37\u0e2d\u0e07","risk":"Cluster \u0e2a\u0e21\u0e38\u0e17\u0e23\u0e2a\u0e32\u0e04\u0e23"},{"No.":13325,"announce_date":"1\/24\/2021","notification_date":1611360000000,"sex":"\u0e0a\u0e32\u0e22","age":25.0,"nationality":"Burma","province_of_isolation":"\u0e2a\u0e21\u0e38\u0e17\u0e23\u0e2a\u0e32\u0e04\u0e23","province_of_onset":"\u0e2a\u0e21\u0e38\u0e17\u0e23\u0e2a\u0e32\u0e04\u0e23","district_of_onset":"\u0e40\u0e21\u0e37\u0e2d\u0e07","risk":"Cluster \u0e2a\u0e21\u0e38\u0e17\u0e23\u0e2a\u0e32\u0e04\u0e23"},{"No.":13326,"announce_date":"1\/24\/2021","notification_date":1611360000000,"sex":null,"age":38.0,"nationality":"Burma","province_of_isolation":"\u0e2a\u0e21\u0e38\u0e17\u0e23\u0e2a\u0e32\u0e04\u0e23","province_of_onset":"\u0e2a\u0e21\u0e38\u0e17\u0e23\u0e2a\u0e32\u0e04\u0e23","district_of_onset":"\u0e40\u0e21\u0e37\u0e2d\u0e07","risk":"Cluster \u0e2a\u0e21\u0e38\u0e17\u0e23\u0e2a\u0e32\u0e04\u0e23"},{"No.":13327,"announce_date":"1\/24\/2021","notification_date":1611360000000,"sex":"\u0e0a\u0e32\u0e22","age":24.0,"nationality":"Burma","province_of_isolation":"\u0e2a\u0e21\u0e38\u0e17\u0e23\u0e2a\u0e32\u0e04\u0e23","province_of_onset":"\u0e2a\u0e21\u0e38\u0e17\u0e23\u0e2a\u0e32\u0e04\u0e23","district_of_onset":"\u0e40\u0e21\u0e37\u0e2d\u0e07","risk":"Cluster \u0e2a\u0e21\u0e38\u0e17\u0e23\u0e2a\u0e32\u0e04\u0e23"},{"No.":13328,"announce_date":"1\/24\/2021","notification_date":1611360000000,"sex":"\u0e0a\u0e32\u0e22","age":58.0,"nationality":"Thailand","province_of_isolation":"\u0e2a\u0e21\u0e38\u0e17\u0e23\u0e2a\u0e32\u0e04\u0e23","province_of_onset":"\u0e2a\u0e21\u0e38\u0e17\u0e23\u0e2a\u0e32\u0e04\u0e23","district_of_onset":"\u0e40\u0e21\u0e37\u0e2d\u0e07","risk":"Cluster \u0e2a\u0e21\u0e38\u0e17\u0e23\u0e2a\u0e32\u0e04\u0e23"},{"No.":13329,"announce_date":"1\/24\/2021","notification_date":1611360000000,"sex":"\u0e0a\u0e32\u0e22","age":37.0,"nationality":"Thailand","province_of_isolation":"\u0e2a\u0e21\u0e38\u0e17\u0e23\u0e2a\u0e32\u0e04\u0e23","province_of_onset":"\u0e2a\u0e21\u0e38\u0e17\u0e23\u0e2a\u0e32\u0e04\u0e23","district_of_onset":"\u0e40\u0e21\u0e37\u0e2d\u0e07","risk":"Cluster \u0e2a\u0e21\u0e38\u0e17\u0e23\u0e2a\u0e32\u0e04\u0e23"},{"No.":13330,"announce_date":"1\/24\/2021","notification_date":1611360000000,"sex":"\u0e2b\u0e0d\u0e34\u0e07","age":44.0,"nationality":"Thailand","province_of_isolation":"\u0e2a\u0e21\u0e38\u0e17\u0e23\u0e2a\u0e32\u0e04\u0e23","province_of_onset":"\u0e2a\u0e21\u0e38\u0e17\u0e23\u0e2a\u0e32\u0e04\u0e23","district_of_onset":"\u0e40\u0e21\u0e37\u0e2d\u0e07","risk":"Cluster \u0e2a\u0e21\u0e38\u0e17\u0e23\u0e2a\u0e32\u0e04\u0e23"},{"No.":13331,"announce_date":"1\/24\/2021","notification_date":1611360000000,"sex":"\u0e2b\u0e0d\u0e34\u0e07","age":39.0,"nationality":"Thailand","province_of_isolation":"\u0e2a\u0e21\u0e38\u0e17\u0e23\u0e2a\u0e32\u0e04\u0e23","province_of_onset":"\u0e2a\u0e21\u0e38\u0e17\u0e23\u0e2a\u0e32\u0e04\u0e23","district_of_onset":"\u0e40\u0e21\u0e37\u0e2d\u0e07","risk":"Cluster \u0e2a\u0e21\u0e38\u0e17\u0e23\u0e2a\u0e32\u0e04\u0e23"},{"No.":13332,"announce_date":"1\/24\/2021","notification_date":1611360000000,"sex":"\u0e2b\u0e0d\u0e34\u0e07","age":52.0,"nationality":"Thailand","province_of_isolation":"\u0e2a\u0e21\u0e38\u0e17\u0e23\u0e2a\u0e32\u0e04\u0e23","province_of_onset":"\u0e2a\u0e21\u0e38\u0e17\u0e23\u0e2a\u0e32\u0e04\u0e23","district_of_onset":"\u0e40\u0e21\u0e37\u0e2d\u0e07","risk":"Cluster \u0e2a\u0e21\u0e38\u0e17\u0e23\u0e2a\u0e32\u0e04\u0e23"},{"No.":13333,"announce_date":"1\/24\/2021","notification_date":1611360000000,"sex":"\u0e0a\u0e32\u0e22","age":19.0,"nationality":"Thailand","province_of_isolation":"\u0e2a\u0e21\u0e38\u0e17\u0e23\u0e2a\u0e32\u0e04\u0e23","province_of_onset":"\u0e2a\u0e21\u0e38\u0e17\u0e23\u0e2a\u0e32\u0e04\u0e23","district_of_onset":"\u0e40\u0e21\u0e37\u0e2d\u0e07","risk":"Cluster \u0e2a\u0e21\u0e38\u0e17\u0e23\u0e2a\u0e32\u0e04\u0e23"},{"No.":13334,"announce_date":"1\/24\/2021","notification_date":1611360000000,"sex":"\u0e0a\u0e32\u0e22","age":44.0,"nationality":"Thailand","province_of_isolation":"\u0e2a\u0e21\u0e38\u0e17\u0e23\u0e2a\u0e32\u0e04\u0e23","province_of_onset":"\u0e2a\u0e21\u0e38\u0e17\u0e23\u0e2a\u0e32\u0e04\u0e23","district_of_onset":"\u0e40\u0e21\u0e37\u0e2d\u0e07","risk":"Cluster \u0e2a\u0e21\u0e38\u0e17\u0e23\u0e2a\u0e32\u0e04\u0e23"},{"No.":13335,"announce_date":"1\/24\/2021","notification_date":1611360000000,"sex":"\u0e2b\u0e0d\u0e34\u0e07","age":45.0,"nationality":"Thailand","province_of_isolation":"\u0e2a\u0e21\u0e38\u0e17\u0e23\u0e2a\u0e32\u0e04\u0e23","province_of_onset":"\u0e2a\u0e21\u0e38\u0e17\u0e23\u0e2a\u0e32\u0e04\u0e23","district_of_onset":"\u0e40\u0e21\u0e37\u0e2d\u0e07","risk":"Cluster \u0e2a\u0e21\u0e38\u0e17\u0e23\u0e2a\u0e32\u0e04\u0e23"},{"No.":13336,"announce_date":"1\/24\/2021","notification_date":1611360000000,"sex":"\u0e2b\u0e0d\u0e34\u0e07","age":50.0,"nationality":"Thailand","province_of_isolation":"\u0e2a\u0e21\u0e38\u0e17\u0e23\u0e2a\u0e32\u0e04\u0e23","province_of_onset":"\u0e2a\u0e21\u0e38\u0e17\u0e23\u0e2a\u0e32\u0e04\u0e23","district_of_onset":"\u0e40\u0e21\u0e37\u0e2d\u0e07","risk":"Cluster \u0e2a\u0e21\u0e38\u0e17\u0e23\u0e2a\u0e32\u0e04\u0e23"},{"No.":13337,"announce_date":"1\/24\/2021","notification_date":1611360000000,"sex":"\u0e2b\u0e0d\u0e34\u0e07","age":38.0,"nationality":"Thailand","province_of_isolation":"\u0e2a\u0e21\u0e38\u0e17\u0e23\u0e2a\u0e32\u0e04\u0e23","province_of_onset":"\u0e2a\u0e21\u0e38\u0e17\u0e23\u0e2a\u0e32\u0e04\u0e23","district_of_onset":"\u0e40\u0e21\u0e37\u0e2d\u0e07","risk":"Cluster \u0e2a\u0e21\u0e38\u0e17\u0e23\u0e2a\u0e32\u0e04\u0e23"},{"No.":13338,"announce_date":"1\/24\/2021","notification_date":1611360000000,"sex":"\u0e2b\u0e0d\u0e34\u0e07","age":41.0,"nationality":"Thailand","province_of_isolation":"\u0e2a\u0e21\u0e38\u0e17\u0e23\u0e2a\u0e32\u0e04\u0e23","province_of_onset":"\u0e2a\u0e21\u0e38\u0e17\u0e23\u0e2a\u0e32\u0e04\u0e23","district_of_onset":"\u0e40\u0e21\u0e37\u0e2d\u0e07","risk":"Cluster \u0e2a\u0e21\u0e38\u0e17\u0e23\u0e2a\u0e32\u0e04\u0e23"},{"No.":13339,"announce_date":"1\/24\/2021","notification_date":1611360000000,"sex":"\u0e2b\u0e0d\u0e34\u0e07","age":73.0,"nationality":"Thailand","province_of_isolation":"\u0e2a\u0e21\u0e38\u0e17\u0e23\u0e2a\u0e32\u0e04\u0e23","province_of_onset":"\u0e2a\u0e21\u0e38\u0e17\u0e23\u0e2a\u0e32\u0e04\u0e23","district_of_onset":"\u0e40\u0e21\u0e37\u0e2d\u0e07","risk":"Cluster \u0e2a\u0e21\u0e38\u0e17\u0e23\u0e2a\u0e32\u0e04\u0e23"},{"No.":13340,"announce_date":"1\/24\/2021","notification_date":1611360000000,"sex":"\u0e2b\u0e0d\u0e34\u0e07","age":27.0,"nationality":"Thailand","province_of_isolation":"\u0e2a\u0e21\u0e38\u0e17\u0e23\u0e2a\u0e32\u0e04\u0e23","province_of_onset":"\u0e2a\u0e21\u0e38\u0e17\u0e23\u0e2a\u0e32\u0e04\u0e23","district_of_onset":"\u0e40\u0e21\u0e37\u0e2d\u0e07","risk":"Cluster \u0e2a\u0e21\u0e38\u0e17\u0e23\u0e2a\u0e32\u0e04\u0e23"},{"No.":13341,"announce_date":"1\/24\/2021","notification_date":1611360000000,"sex":"\u0e0a\u0e32\u0e22","age":27.0,"nationality":"Burma","province_of_isolation":"\u0e2a\u0e21\u0e38\u0e17\u0e23\u0e2a\u0e32\u0e04\u0e23","province_of_onset":"\u0e2a\u0e21\u0e38\u0e17\u0e23\u0e2a\u0e32\u0e04\u0e23","district_of_onset":"\u0e40\u0e21\u0e37\u0e2d\u0e07","risk":"Cluster \u0e2a\u0e21\u0e38\u0e17\u0e23\u0e2a\u0e32\u0e04\u0e23"},{"No.":13342,"announce_date":"1\/24\/2021","notification_date":1611360000000,"sex":"\u0e2b\u0e0d\u0e34\u0e07","age":33.0,"nationality":"Burma","province_of_isolation":"\u0e2a\u0e21\u0e38\u0e17\u0e23\u0e2a\u0e32\u0e04\u0e23","province_of_onset":"\u0e2a\u0e21\u0e38\u0e17\u0e23\u0e2a\u0e32\u0e04\u0e23","district_of_onset":"\u0e40\u0e21\u0e37\u0e2d\u0e07","risk":"Cluster \u0e2a\u0e21\u0e38\u0e17\u0e23\u0e2a\u0e32\u0e04\u0e23"},{"No.":13343,"announce_date":"1\/24\/2021","notification_date":1611360000000,"sex":"\u0e0a\u0e32\u0e22","age":35.0,"nationality":"Burma","province_of_isolation":"\u0e2a\u0e21\u0e38\u0e17\u0e23\u0e2a\u0e32\u0e04\u0e23","province_of_onset":"\u0e2a\u0e21\u0e38\u0e17\u0e23\u0e2a\u0e32\u0e04\u0e23","district_of_onset":"\u0e40\u0e21\u0e37\u0e2d\u0e07","risk":"Cluster \u0e2a\u0e21\u0e38\u0e17\u0e23\u0e2a\u0e32\u0e04\u0e23"},{"No.":13344,"announce_date":"1\/24\/2021","notification_date":1611360000000,"sex":"\u0e2b\u0e0d\u0e34\u0e07","age":26.0,"nationality":"Burma","province_of_isolation":"\u0e2a\u0e21\u0e38\u0e17\u0e23\u0e2a\u0e32\u0e04\u0e23","province_of_onset":"\u0e2a\u0e21\u0e38\u0e17\u0e23\u0e2a\u0e32\u0e04\u0e23","district_of_onset":"\u0e40\u0e21\u0e37\u0e2d\u0e07","risk":"Cluster \u0e2a\u0e21\u0e38\u0e17\u0e23\u0e2a\u0e32\u0e04\u0e23"},{"No.":13345,"announce_date":"1\/24\/2021","notification_date":1611360000000,"sex":"\u0e0a\u0e32\u0e22","age":30.0,"nationality":"Burma","province_of_isolation":"\u0e2a\u0e21\u0e38\u0e17\u0e23\u0e2a\u0e32\u0e04\u0e23","province_of_onset":"\u0e2a\u0e21\u0e38\u0e17\u0e23\u0e2a\u0e32\u0e04\u0e23","district_of_onset":"\u0e40\u0e21\u0e37\u0e2d\u0e07","risk":"Cluster \u0e2a\u0e21\u0e38\u0e17\u0e23\u0e2a\u0e32\u0e04\u0e23"},{"No.":13346,"announce_date":"1\/24\/2021","notification_date":1611360000000,"sex":"\u0e2b\u0e0d\u0e34\u0e07","age":34.0,"nationality":"Burma","province_of_isolation":"\u0e2a\u0e21\u0e38\u0e17\u0e23\u0e2a\u0e32\u0e04\u0e23","province_of_onset":"\u0e2a\u0e21\u0e38\u0e17\u0e23\u0e2a\u0e32\u0e04\u0e23","district_of_onset":"\u0e40\u0e21\u0e37\u0e2d\u0e07","risk":"Cluster \u0e2a\u0e21\u0e38\u0e17\u0e23\u0e2a\u0e32\u0e04\u0e23"},{"No.":13347,"announce_date":"1\/24\/2021","notification_date":1611360000000,"sex":"\u0e2b\u0e0d\u0e34\u0e07","age":22.0,"nationality":"Burma","province_of_isolation":"\u0e2a\u0e21\u0e38\u0e17\u0e23\u0e2a\u0e32\u0e04\u0e23","province_of_onset":"\u0e2a\u0e21\u0e38\u0e17\u0e23\u0e2a\u0e32\u0e04\u0e23","district_of_onset":"\u0e40\u0e21\u0e37\u0e2d\u0e07","risk":"Cluster \u0e2a\u0e21\u0e38\u0e17\u0e23\u0e2a\u0e32\u0e04\u0e23"},{"No.":13348,"announce_date":"1\/24\/2021","notification_date":1611360000000,"sex":"\u0e0a\u0e32\u0e22","age":32.0,"nationality":"Burma","province_of_isolation":"\u0e2a\u0e21\u0e38\u0e17\u0e23\u0e2a\u0e32\u0e04\u0e23","province_of_onset":"\u0e2a\u0e21\u0e38\u0e17\u0e23\u0e2a\u0e32\u0e04\u0e23","district_of_onset":"\u0e40\u0e21\u0e37\u0e2d\u0e07","risk":"Cluster \u0e2a\u0e21\u0e38\u0e17\u0e23\u0e2a\u0e32\u0e04\u0e23"},{"No.":13349,"announce_date":"1\/24\/2021","notification_date":1611360000000,"sex":"\u0e0a\u0e32\u0e22","age":27.0,"nationality":"Burma","province_of_isolation":"\u0e2a\u0e21\u0e38\u0e17\u0e23\u0e2a\u0e32\u0e04\u0e23","province_of_onset":"\u0e2a\u0e21\u0e38\u0e17\u0e23\u0e2a\u0e32\u0e04\u0e23","district_of_onset":"\u0e40\u0e21\u0e37\u0e2d\u0e07","risk":"Cluster \u0e2a\u0e21\u0e38\u0e17\u0e23\u0e2a\u0e32\u0e04\u0e23"},{"No.":13350,"announce_date":"1\/24\/2021","notification_date":1611360000000,"sex":"\u0e0a\u0e32\u0e22","age":37.0,"nationality":"Burma","province_of_isolation":"\u0e2a\u0e21\u0e38\u0e17\u0e23\u0e2a\u0e32\u0e04\u0e23","province_of_onset":"\u0e2a\u0e21\u0e38\u0e17\u0e23\u0e2a\u0e32\u0e04\u0e23","district_of_onset":"\u0e40\u0e21\u0e37\u0e2d\u0e07","risk":"Cluster \u0e2a\u0e21\u0e38\u0e17\u0e23\u0e2a\u0e32\u0e04\u0e23"},{"No.":13351,"announce_date":"1\/24\/2021","notification_date":1611360000000,"sex":"\u0e2b\u0e0d\u0e34\u0e07","age":13.0,"nationality":"Thailand","province_of_isolation":"\u0e2a\u0e21\u0e38\u0e17\u0e23\u0e2a\u0e32\u0e04\u0e23","province_of_onset":"\u0e2a\u0e21\u0e38\u0e17\u0e23\u0e2a\u0e32\u0e04\u0e23","district_of_onset":"\u0e40\u0e21\u0e37\u0e2d\u0e07","risk":"Cluster \u0e2a\u0e21\u0e38\u0e17\u0e23\u0e2a\u0e32\u0e04\u0e23"},{"No.":13352,"announce_date":"1\/24\/2021","notification_date":1611360000000,"sex":"\u0e2b\u0e0d\u0e34\u0e07","age":6.0,"nationality":"Thailand","province_of_isolation":"\u0e2a\u0e21\u0e38\u0e17\u0e23\u0e2a\u0e32\u0e04\u0e23","province_of_onset":"\u0e2a\u0e21\u0e38\u0e17\u0e23\u0e2a\u0e32\u0e04\u0e23","district_of_onset":"\u0e40\u0e21\u0e37\u0e2d\u0e07","risk":"Cluster \u0e2a\u0e21\u0e38\u0e17\u0e23\u0e2a\u0e32\u0e04\u0e23"},{"No.":13353,"announce_date":"1\/24\/2021","notification_date":1611360000000,"sex":"\u0e2b\u0e0d\u0e34\u0e07","age":25.0,"nationality":"Thailand","province_of_isolation":"\u0e2a\u0e21\u0e38\u0e17\u0e23\u0e2a\u0e32\u0e04\u0e23","province_of_onset":"\u0e2a\u0e21\u0e38\u0e17\u0e23\u0e2a\u0e32\u0e04\u0e23","district_of_onset":"\u0e40\u0e21\u0e37\u0e2d\u0e07","risk":"Cluster \u0e2a\u0e21\u0e38\u0e17\u0e23\u0e2a\u0e32\u0e04\u0e23"},{"No.":13354,"announce_date":"1\/24\/2021","notification_date":1611360000000,"sex":"\u0e2b\u0e0d\u0e34\u0e07","age":447.0,"nationality":"Thailand","province_of_isolation":"\u0e2a\u0e21\u0e38\u0e17\u0e23\u0e2a\u0e32\u0e04\u0e23","province_of_onset":"\u0e2a\u0e21\u0e38\u0e17\u0e23\u0e2a\u0e32\u0e04\u0e23","district_of_onset":"\u0e40\u0e21\u0e37\u0e2d\u0e07","risk":"Cluster \u0e2a\u0e21\u0e38\u0e17\u0e23\u0e2a\u0e32\u0e04\u0e23"},{"No.":13355,"announce_date":"1\/24\/2021","notification_date":1611360000000,"sex":"\u0e2b\u0e0d\u0e34\u0e07","age":48.0,"nationality":"Thailand","province_of_isolation":"\u0e2a\u0e21\u0e38\u0e17\u0e23\u0e2a\u0e32\u0e04\u0e23","province_of_onset":"\u0e2a\u0e21\u0e38\u0e17\u0e23\u0e2a\u0e32\u0e04\u0e23","district_of_onset":"\u0e40\u0e21\u0e37\u0e2d\u0e07","risk":"Cluster \u0e2a\u0e21\u0e38\u0e17\u0e23\u0e2a\u0e32\u0e04\u0e23"},{"No.":13356,"announce_date":"1\/24\/2021","notification_date":1611360000000,"sex":"\u0e2b\u0e0d\u0e34\u0e07","age":37.0,"nationality":"Thailand","province_of_isolation":"\u0e2a\u0e21\u0e38\u0e17\u0e23\u0e2a\u0e32\u0e04\u0e23","province_of_onset":"\u0e2a\u0e21\u0e38\u0e17\u0e23\u0e2a\u0e32\u0e04\u0e23","district_of_onset":"\u0e40\u0e21\u0e37\u0e2d\u0e07","risk":"Cluster \u0e2a\u0e21\u0e38\u0e17\u0e23\u0e2a\u0e32\u0e04\u0e23"},{"No.":13357,"announce_date":"1\/24\/2021","notification_date":1611360000000,"sex":"\u0e2b\u0e0d\u0e34\u0e07","age":40.0,"nationality":"Thailand","province_of_isolation":"\u0e2a\u0e21\u0e38\u0e17\u0e23\u0e2a\u0e32\u0e04\u0e23","province_of_onset":"\u0e2a\u0e21\u0e38\u0e17\u0e23\u0e2a\u0e32\u0e04\u0e23","district_of_onset":"\u0e40\u0e21\u0e37\u0e2d\u0e07","risk":"Cluster \u0e2a\u0e21\u0e38\u0e17\u0e23\u0e2a\u0e32\u0e04\u0e23"},{"No.":13358,"announce_date":"1\/24\/2021","notification_date":1611360000000,"sex":"\u0e2b\u0e0d\u0e34\u0e07","age":50.0,"nationality":"Thailand","province_of_isolation":"\u0e2a\u0e21\u0e38\u0e17\u0e23\u0e2a\u0e32\u0e04\u0e23","province_of_onset":"\u0e2a\u0e21\u0e38\u0e17\u0e23\u0e2a\u0e32\u0e04\u0e23","district_of_onset":"\u0e40\u0e21\u0e37\u0e2d\u0e07","risk":"Cluster \u0e2a\u0e21\u0e38\u0e17\u0e23\u0e2a\u0e32\u0e04\u0e23"},{"No.":13359,"announce_date":"1\/24\/2021","notification_date":1611360000000,"sex":"\u0e2b\u0e0d\u0e34\u0e07","age":44.0,"nationality":"Thailand","province_of_isolation":"\u0e2a\u0e21\u0e38\u0e17\u0e23\u0e2a\u0e32\u0e04\u0e23","province_of_onset":"\u0e2a\u0e21\u0e38\u0e17\u0e23\u0e2a\u0e32\u0e04\u0e23","district_of_onset":"\u0e40\u0e21\u0e37\u0e2d\u0e07","risk":"Cluster \u0e2a\u0e21\u0e38\u0e17\u0e23\u0e2a\u0e32\u0e04\u0e23"},{"No.":13360,"announce_date":"1\/24\/2021","notification_date":1611360000000,"sex":"\u0e2b\u0e0d\u0e34\u0e07","age":53.0,"nationality":"Thailand","province_of_isolation":"\u0e2a\u0e21\u0e38\u0e17\u0e23\u0e2a\u0e32\u0e04\u0e23","province_of_onset":"\u0e2a\u0e21\u0e38\u0e17\u0e23\u0e2a\u0e32\u0e04\u0e23","district_of_onset":"\u0e40\u0e21\u0e37\u0e2d\u0e07","risk":"Cluster \u0e2a\u0e21\u0e38\u0e17\u0e23\u0e2a\u0e32\u0e04\u0e23"},{"No.":13361,"announce_date":"1\/24\/2021","notification_date":1611360000000,"sex":"\u0e2b\u0e0d\u0e34\u0e07","age":33.0,"nationality":"Thailand","province_of_isolation":"\u0e2a\u0e21\u0e38\u0e17\u0e23\u0e2a\u0e32\u0e04\u0e23","province_of_onset":"\u0e2a\u0e21\u0e38\u0e17\u0e23\u0e2a\u0e32\u0e04\u0e23","district_of_onset":"\u0e40\u0e21\u0e37\u0e2d\u0e07","risk":"Cluster \u0e2a\u0e21\u0e38\u0e17\u0e23\u0e2a\u0e32\u0e04\u0e23"},{"No.":13362,"announce_date":"1\/24\/2021","notification_date":1611360000000,"sex":"\u0e2b\u0e0d\u0e34\u0e07","age":46.0,"nationality":"Thailand","province_of_isolation":"\u0e2a\u0e21\u0e38\u0e17\u0e23\u0e2a\u0e32\u0e04\u0e23","province_of_onset":"\u0e2a\u0e21\u0e38\u0e17\u0e23\u0e2a\u0e32\u0e04\u0e23","district_of_onset":"\u0e40\u0e21\u0e37\u0e2d\u0e07","risk":"Cluster \u0e2a\u0e21\u0e38\u0e17\u0e23\u0e2a\u0e32\u0e04\u0e23"},{"No.":13363,"announce_date":"1\/24\/2021","notification_date":1611360000000,"sex":"\u0e2b\u0e0d\u0e34\u0e07","age":30.0,"nationality":"Thailand","province_of_isolation":"\u0e2a\u0e21\u0e38\u0e17\u0e23\u0e2a\u0e32\u0e04\u0e23","province_of_onset":"\u0e2a\u0e21\u0e38\u0e17\u0e23\u0e2a\u0e32\u0e04\u0e23","district_of_onset":"\u0e40\u0e21\u0e37\u0e2d\u0e07","risk":"Cluster \u0e2a\u0e21\u0e38\u0e17\u0e23\u0e2a\u0e32\u0e04\u0e23"},{"No.":13364,"announce_date":"1\/24\/2021","notification_date":1611360000000,"sex":"\u0e0a\u0e32\u0e22","age":53.0,"nationality":"Thailand","province_of_isolation":"\u0e2a\u0e21\u0e38\u0e17\u0e23\u0e2a\u0e32\u0e04\u0e23","province_of_onset":"\u0e2a\u0e21\u0e38\u0e17\u0e23\u0e2a\u0e32\u0e04\u0e23","district_of_onset":"\u0e40\u0e21\u0e37\u0e2d\u0e07","risk":"Cluster \u0e2a\u0e21\u0e38\u0e17\u0e23\u0e2a\u0e32\u0e04\u0e23"},{"No.":13365,"announce_date":"1\/24\/2021","notification_date":1611360000000,"sex":"\u0e2b\u0e0d\u0e34\u0e07","age":45.0,"nationality":"Thailand","province_of_isolation":"\u0e2a\u0e21\u0e38\u0e17\u0e23\u0e2a\u0e32\u0e04\u0e23","province_of_onset":"\u0e2a\u0e21\u0e38\u0e17\u0e23\u0e2a\u0e32\u0e04\u0e23","district_of_onset":"\u0e40\u0e21\u0e37\u0e2d\u0e07","risk":"Cluster \u0e2a\u0e21\u0e38\u0e17\u0e23\u0e2a\u0e32\u0e04\u0e23"},{"No.":13366,"announce_date":"1\/24\/2021","notification_date":1611360000000,"sex":"\u0e2b\u0e0d\u0e34\u0e07","age":52.0,"nationality":"Thailand","province_of_isolation":"\u0e2a\u0e21\u0e38\u0e17\u0e23\u0e2a\u0e32\u0e04\u0e23","province_of_onset":"\u0e2a\u0e21\u0e38\u0e17\u0e23\u0e2a\u0e32\u0e04\u0e23","district_of_onset":"\u0e40\u0e21\u0e37\u0e2d\u0e07","risk":"Cluster \u0e2a\u0e21\u0e38\u0e17\u0e23\u0e2a\u0e32\u0e04\u0e23"},{"No.":13367,"announce_date":"1\/24\/2021","notification_date":1611360000000,"sex":"\u0e2b\u0e0d\u0e34\u0e07","age":52.0,"nationality":"Thailand","province_of_isolation":"\u0e2a\u0e21\u0e38\u0e17\u0e23\u0e2a\u0e32\u0e04\u0e23","province_of_onset":"\u0e2a\u0e21\u0e38\u0e17\u0e23\u0e2a\u0e32\u0e04\u0e23","district_of_onset":"\u0e40\u0e21\u0e37\u0e2d\u0e07","risk":"Cluster \u0e2a\u0e21\u0e38\u0e17\u0e23\u0e2a\u0e32\u0e04\u0e23"},{"No.":13368,"announce_date":"1\/24\/2021","notification_date":1611360000000,"sex":"\u0e2b\u0e0d\u0e34\u0e07","age":42.0,"nationality":"Thailand","province_of_isolation":"\u0e2a\u0e21\u0e38\u0e17\u0e23\u0e2a\u0e32\u0e04\u0e23","province_of_onset":"\u0e2a\u0e21\u0e38\u0e17\u0e23\u0e2a\u0e32\u0e04\u0e23","district_of_onset":"\u0e40\u0e21\u0e37\u0e2d\u0e07","risk":"Cluster \u0e2a\u0e21\u0e38\u0e17\u0e23\u0e2a\u0e32\u0e04\u0e23"},{"No.":13369,"announce_date":"1\/24\/2021","notification_date":1611360000000,"sex":"\u0e2b\u0e0d\u0e34\u0e07","age":44.0,"nationality":"Thailand","province_of_isolation":"\u0e2a\u0e21\u0e38\u0e17\u0e23\u0e2a\u0e32\u0e04\u0e23","province_of_onset":"\u0e2a\u0e21\u0e38\u0e17\u0e23\u0e2a\u0e32\u0e04\u0e23","district_of_onset":"\u0e40\u0e21\u0e37\u0e2d\u0e07","risk":"Cluster \u0e2a\u0e21\u0e38\u0e17\u0e23\u0e2a\u0e32\u0e04\u0e23"},{"No.":13370,"announce_date":"1\/24\/2021","notification_date":1611360000000,"sex":"\u0e2b\u0e0d\u0e34\u0e07","age":44.0,"nationality":"Thailand","province_of_isolation":"\u0e2a\u0e21\u0e38\u0e17\u0e23\u0e2a\u0e32\u0e04\u0e23","province_of_onset":"\u0e2a\u0e21\u0e38\u0e17\u0e23\u0e2a\u0e32\u0e04\u0e23","district_of_onset":"\u0e40\u0e21\u0e37\u0e2d\u0e07","risk":"Cluster \u0e2a\u0e21\u0e38\u0e17\u0e23\u0e2a\u0e32\u0e04\u0e23"},{"No.":13371,"announce_date":"1\/24\/2021","notification_date":1611360000000,"sex":"\u0e2b\u0e0d\u0e34\u0e07","age":24.0,"nationality":"Thailand","province_of_isolation":"\u0e2a\u0e21\u0e38\u0e17\u0e23\u0e2a\u0e32\u0e04\u0e23","province_of_onset":"\u0e2a\u0e21\u0e38\u0e17\u0e23\u0e2a\u0e32\u0e04\u0e23","district_of_onset":"\u0e40\u0e21\u0e37\u0e2d\u0e07","risk":"Cluster \u0e2a\u0e21\u0e38\u0e17\u0e23\u0e2a\u0e32\u0e04\u0e23"},{"No.":13372,"announce_date":"1\/24\/2021","notification_date":1611360000000,"sex":"\u0e2b\u0e0d\u0e34\u0e07","age":45.0,"nationality":"Thailand","province_of_isolation":"\u0e2a\u0e21\u0e38\u0e17\u0e23\u0e2a\u0e32\u0e04\u0e23","province_of_onset":"\u0e2a\u0e21\u0e38\u0e17\u0e23\u0e2a\u0e32\u0e04\u0e23","district_of_onset":"\u0e40\u0e21\u0e37\u0e2d\u0e07","risk":"Cluster \u0e2a\u0e21\u0e38\u0e17\u0e23\u0e2a\u0e32\u0e04\u0e23"},{"No.":13373,"announce_date":"1\/24\/2021","notification_date":1611360000000,"sex":"\u0e2b\u0e0d\u0e34\u0e07","age":36.0,"nationality":"Thailand","province_of_isolation":"\u0e2a\u0e21\u0e38\u0e17\u0e23\u0e2a\u0e32\u0e04\u0e23","province_of_onset":"\u0e2a\u0e21\u0e38\u0e17\u0e23\u0e2a\u0e32\u0e04\u0e23","district_of_onset":"\u0e40\u0e21\u0e37\u0e2d\u0e07","risk":"Cluster \u0e2a\u0e21\u0e38\u0e17\u0e23\u0e2a\u0e32\u0e04\u0e23"},{"No.":13374,"announce_date":"1\/24\/2021","notification_date":1611360000000,"sex":"\u0e2b\u0e0d\u0e34\u0e07","age":51.0,"nationality":"Thailand","province_of_isolation":"\u0e2a\u0e21\u0e38\u0e17\u0e23\u0e2a\u0e32\u0e04\u0e23","province_of_onset":"\u0e2a\u0e21\u0e38\u0e17\u0e23\u0e2a\u0e32\u0e04\u0e23","district_of_onset":"\u0e40\u0e21\u0e37\u0e2d\u0e07","risk":"Cluster \u0e2a\u0e21\u0e38\u0e17\u0e23\u0e2a\u0e32\u0e04\u0e23"},{"No.":13375,"announce_date":"1\/24\/2021","notification_date":1611360000000,"sex":"\u0e2b\u0e0d\u0e34\u0e07","age":40.0,"nationality":"Thailand","province_of_isolation":"\u0e2a\u0e21\u0e38\u0e17\u0e23\u0e2a\u0e32\u0e04\u0e23","province_of_onset":"\u0e2a\u0e21\u0e38\u0e17\u0e23\u0e2a\u0e32\u0e04\u0e23","district_of_onset":"\u0e40\u0e21\u0e37\u0e2d\u0e07","risk":"Cluster \u0e2a\u0e21\u0e38\u0e17\u0e23\u0e2a\u0e32\u0e04\u0e23"},{"No.":13376,"announce_date":"1\/24\/2021","notification_date":1611360000000,"sex":"\u0e2b\u0e0d\u0e34\u0e07","age":57.0,"nationality":"Thailand","province_of_isolation":"\u0e2a\u0e21\u0e38\u0e17\u0e23\u0e2a\u0e32\u0e04\u0e23","province_of_onset":"\u0e2a\u0e21\u0e38\u0e17\u0e23\u0e2a\u0e32\u0e04\u0e23","district_of_onset":"\u0e40\u0e21\u0e37\u0e2d\u0e07","risk":"Cluster \u0e2a\u0e21\u0e38\u0e17\u0e23\u0e2a\u0e32\u0e04\u0e23"},{"No.":13377,"announce_date":"1\/24\/2021","notification_date":1611360000000,"sex":"\u0e2b\u0e0d\u0e34\u0e07","age":57.0,"nationality":"Thailand","province_of_isolation":"\u0e2a\u0e21\u0e38\u0e17\u0e23\u0e2a\u0e32\u0e04\u0e23","province_of_onset":"\u0e2a\u0e21\u0e38\u0e17\u0e23\u0e2a\u0e32\u0e04\u0e23","district_of_onset":"\u0e40\u0e21\u0e37\u0e2d\u0e07","risk":"Cluster \u0e2a\u0e21\u0e38\u0e17\u0e23\u0e2a\u0e32\u0e04\u0e23"},{"No.":13378,"announce_date":"1\/24\/2021","notification_date":1611360000000,"sex":"\u0e2b\u0e0d\u0e34\u0e07","age":26.0,"nationality":"Thailand","province_of_isolation":"\u0e2a\u0e21\u0e38\u0e17\u0e23\u0e2a\u0e32\u0e04\u0e23","province_of_onset":"\u0e2a\u0e21\u0e38\u0e17\u0e23\u0e2a\u0e32\u0e04\u0e23","district_of_onset":"\u0e40\u0e21\u0e37\u0e2d\u0e07","risk":"Cluster \u0e2a\u0e21\u0e38\u0e17\u0e23\u0e2a\u0e32\u0e04\u0e23"},{"No.":13379,"announce_date":"1\/24\/2021","notification_date":1611360000000,"sex":"\u0e0a\u0e32\u0e22","age":25.0,"nationality":"Thailand","province_of_isolation":"\u0e01\u0e23\u0e38\u0e07\u0e40\u0e17\u0e1e\u0e21\u0e2b\u0e32\u0e19\u0e04\u0e23","province_of_onset":"\u0e01\u0e23\u0e38\u0e07\u0e40\u0e17\u0e1e\u0e21\u0e2b\u0e32\u0e19\u0e04\u0e23","district_of_onset":"\u0e18\u0e19\u0e1a\u0e38\u0e23\u0e35","risk":"\u0e2a\u0e31\u0e21\u0e1c\u0e31\u0e2a\u0e43\u0e01\u0e25\u0e49\u0e0a\u0e34\u0e14\u0e01\u0e31\u0e1a\u0e1c\u0e39\u0e49\u0e1b\u0e48\u0e27\u0e22\u0e22\u0e37\u0e19\u0e22\u0e31\u0e19\u0e23\u0e32\u0e22\u0e01\u0e48\u0e2d\u0e19\u0e2b\u0e19\u0e49\u0e32\u0e19\u0e35\u0e49"},{"No.":13380,"announce_date":"1\/24\/2021","notification_date":1611360000000,"sex":"\u0e0a\u0e32\u0e22","age":24.0,"nationality":"Thailand","province_of_isolation":"\u0e01\u0e23\u0e38\u0e07\u0e40\u0e17\u0e1e\u0e21\u0e2b\u0e32\u0e19\u0e04\u0e23","province_of_onset":"\u0e01\u0e23\u0e38\u0e07\u0e40\u0e17\u0e1e\u0e21\u0e2b\u0e32\u0e19\u0e04\u0e23","district_of_onset":"\u0e08\u0e2d\u0e21\u0e17\u0e2d\u0e07","risk":"\u0e2a\u0e31\u0e21\u0e1c\u0e31\u0e2a\u0e43\u0e01\u0e25\u0e49\u0e0a\u0e34\u0e14\u0e01\u0e31\u0e1a\u0e1c\u0e39\u0e49\u0e1b\u0e48\u0e27\u0e22\u0e22\u0e37\u0e19\u0e22\u0e31\u0e19\u0e23\u0e32\u0e22\u0e01\u0e48\u0e2d\u0e19\u0e2b\u0e19\u0e49\u0e32\u0e19\u0e35\u0e49"},{"No.":13381,"announce_date":"1\/24\/2021","notification_date":1611360000000,"sex":"\u0e0a\u0e32\u0e22","age":23.0,"nationality":"Thailand","province_of_isolation":"\u0e01\u0e23\u0e38\u0e07\u0e40\u0e17\u0e1e\u0e21\u0e2b\u0e32\u0e19\u0e04\u0e23","province_of_onset":"\u0e01\u0e23\u0e38\u0e07\u0e40\u0e17\u0e1e\u0e21\u0e2b\u0e32\u0e19\u0e04\u0e23","district_of_onset":"\u0e2b\u0e49\u0e27\u0e22\u0e02\u0e27\u0e32\u0e07","risk":"\u0e2a\u0e31\u0e21\u0e1c\u0e31\u0e2a\u0e43\u0e01\u0e25\u0e49\u0e0a\u0e34\u0e14\u0e01\u0e31\u0e1a\u0e1c\u0e39\u0e49\u0e1b\u0e48\u0e27\u0e22\u0e22\u0e37\u0e19\u0e22\u0e31\u0e19\u0e23\u0e32\u0e22\u0e01\u0e48\u0e2d\u0e19\u0e2b\u0e19\u0e49\u0e32\u0e19\u0e35\u0e49"},{"No.":13382,"announce_date":"1\/24\/2021","notification_date":1611360000000,"sex":"\u0e0a\u0e32\u0e22","age":38.0,"nationality":"Thailand","province_of_isolation":"\u0e01\u0e23\u0e38\u0e07\u0e40\u0e17\u0e1e\u0e21\u0e2b\u0e32\u0e19\u0e04\u0e23","province_of_onset":"\u0e01\u0e23\u0e38\u0e07\u0e40\u0e17\u0e1e\u0e21\u0e2b\u0e32\u0e19\u0e04\u0e23","district_of_onset":"\u0e1a\u0e32\u0e07\u0e04\u0e2d\u0e41\u0e2b\u0e25\u0e21","risk":"\u0e2a\u0e31\u0e21\u0e1c\u0e31\u0e2a\u0e43\u0e01\u0e25\u0e49\u0e0a\u0e34\u0e14\u0e01\u0e31\u0e1a\u0e1c\u0e39\u0e49\u0e1b\u0e48\u0e27\u0e22\u0e22\u0e37\u0e19\u0e22\u0e31\u0e19\u0e23\u0e32\u0e22\u0e01\u0e48\u0e2d\u0e19\u0e2b\u0e19\u0e49\u0e32\u0e19\u0e35\u0e49"},{"No.":13383,"announce_date":"1\/24\/2021","notification_date":1611360000000,"sex":"\u0e0a\u0e32\u0e22","age":43.0,"nationality":"Thailand","province_of_isolation":"\u0e01\u0e23\u0e38\u0e07\u0e40\u0e17\u0e1e\u0e21\u0e2b\u0e32\u0e19\u0e04\u0e23","province_of_onset":"\u0e01\u0e23\u0e38\u0e07\u0e40\u0e17\u0e1e\u0e21\u0e2b\u0e32\u0e19\u0e04\u0e23","district_of_onset":"\u0e2b\u0e49\u0e27\u0e22\u0e02\u0e27\u0e32\u0e07","risk":"\u0e2a\u0e31\u0e21\u0e1c\u0e31\u0e2a\u0e43\u0e01\u0e25\u0e49\u0e0a\u0e34\u0e14\u0e01\u0e31\u0e1a\u0e1c\u0e39\u0e49\u0e1b\u0e48\u0e27\u0e22\u0e22\u0e37\u0e19\u0e22\u0e31\u0e19\u0e23\u0e32\u0e22\u0e01\u0e48\u0e2d\u0e19\u0e2b\u0e19\u0e49\u0e32\u0e19\u0e35\u0e49"},{"No.":13384,"announce_date":"1\/24\/2021","notification_date":1611360000000,"sex":"\u0e2b\u0e0d\u0e34\u0e07","age":28.0,"nationality":"Thailand","province_of_isolation":"\u0e01\u0e23\u0e38\u0e07\u0e40\u0e17\u0e1e\u0e21\u0e2b\u0e32\u0e19\u0e04\u0e23","province_of_onset":"\u0e01\u0e23\u0e38\u0e07\u0e40\u0e17\u0e1e\u0e21\u0e2b\u0e32\u0e19\u0e04\u0e23","district_of_onset":"\u0e04\u0e25\u0e2d\u0e07\u0e40\u0e15\u0e22","risk":"\u0e44\u0e1b\u0e2a\u0e16\u0e32\u0e19\u0e17\u0e35\u0e48\u0e0a\u0e38\u0e21\u0e0a\u0e19 \u0e40\u0e0a\u0e48\u0e19 \u0e15\u0e25\u0e32\u0e14\u0e19\u0e31\u0e14 \u0e2a\u0e16\u0e32\u0e19\u0e17\u0e35\u0e48\u0e17\u0e48\u0e2d\u0e07\u0e40\u0e17\u0e35\u0e48\u0e22\u0e27"},{"No.":13385,"announce_date":"1\/24\/2021","notification_date":1611360000000,"sex":"\u0e0a\u0e32\u0e22","age":30.0,"nationality":"Thailand","province_of_isolation":"\u0e01\u0e23\u0e38\u0e07\u0e40\u0e17\u0e1e\u0e21\u0e2b\u0e32\u0e19\u0e04\u0e23","province_of_onset":"\u0e01\u0e23\u0e38\u0e07\u0e40\u0e17\u0e1e\u0e21\u0e2b\u0e32\u0e19\u0e04\u0e23","district_of_onset":"\u0e04\u0e25\u0e2d\u0e07\u0e40\u0e15\u0e22","risk":"\u0e2a\u0e31\u0e21\u0e1c\u0e31\u0e2a\u0e43\u0e01\u0e25\u0e49\u0e0a\u0e34\u0e14\u0e01\u0e31\u0e1a\u0e1c\u0e39\u0e49\u0e1b\u0e48\u0e27\u0e22\u0e22\u0e37\u0e19\u0e22\u0e31\u0e19\u0e23\u0e32\u0e22\u0e01\u0e48\u0e2d\u0e19\u0e2b\u0e19\u0e49\u0e32\u0e19\u0e35\u0e49"},{"No.":13386,"announce_date":"1\/24\/2021","notification_date":1611360000000,"sex":"\u0e0a\u0e32\u0e22","age":29.0,"nationality":"Thailand","province_of_isolation":"\u0e01\u0e23\u0e38\u0e07\u0e40\u0e17\u0e1e\u0e21\u0e2b\u0e32\u0e19\u0e04\u0e23","province_of_onset":"\u0e01\u0e23\u0e38\u0e07\u0e40\u0e17\u0e1e\u0e21\u0e2b\u0e32\u0e19\u0e04\u0e23","district_of_onset":"\u0e1a\u0e32\u0e07\u0e23\u0e31\u0e01","risk":"\u0e23\u0e30\u0e1a\u0e38\u0e44\u0e21\u0e48\u0e44\u0e14\u0e49"},{"No.":13387,"announce_date":"1\/24\/2021","notification_date":1611360000000,"sex":"\u0e0a\u0e32\u0e22","age":42.0,"nationality":"Thailand","province_of_isolation":"\u0e01\u0e23\u0e38\u0e07\u0e40\u0e17\u0e1e\u0e21\u0e2b\u0e32\u0e19\u0e04\u0e23","province_of_onset":"\u0e01\u0e23\u0e38\u0e07\u0e40\u0e17\u0e1e\u0e21\u0e2b\u0e32\u0e19\u0e04\u0e23","district_of_onset":"\u0e23\u0e32\u0e0a\u0e40\u0e17\u0e27\u0e35","risk":"\u0e2a\u0e31\u0e21\u0e1c\u0e31\u0e2a\u0e43\u0e01\u0e25\u0e49\u0e0a\u0e34\u0e14\u0e01\u0e31\u0e1a\u0e1c\u0e39\u0e49\u0e1b\u0e48\u0e27\u0e22\u0e22\u0e37\u0e19\u0e22\u0e31\u0e19\u0e23\u0e32\u0e22\u0e01\u0e48\u0e2d\u0e19\u0e2b\u0e19\u0e49\u0e32\u0e19\u0e35\u0e49"},{"No.":13388,"announce_date":"1\/24\/2021","notification_date":1611360000000,"sex":"\u0e0a\u0e32\u0e22","age":33.0,"nationality":"Thailand","province_of_isolation":"\u0e01\u0e23\u0e38\u0e07\u0e40\u0e17\u0e1e\u0e21\u0e2b\u0e32\u0e19\u0e04\u0e23","province_of_onset":"\u0e01\u0e23\u0e38\u0e07\u0e40\u0e17\u0e1e\u0e21\u0e2b\u0e32\u0e19\u0e04\u0e23","district_of_onset":"\u0e1a\u0e32\u0e07\u0e41\u0e04","risk":"\u0e2a\u0e31\u0e21\u0e1c\u0e31\u0e2a\u0e43\u0e01\u0e25\u0e49\u0e0a\u0e34\u0e14\u0e01\u0e31\u0e1a\u0e1c\u0e39\u0e49\u0e1b\u0e48\u0e27\u0e22\u0e22\u0e37\u0e19\u0e22\u0e31\u0e19\u0e23\u0e32\u0e22\u0e01\u0e48\u0e2d\u0e19\u0e2b\u0e19\u0e49\u0e32\u0e19\u0e35\u0e49"},{"No.":13389,"announce_date":"1\/24\/2021","notification_date":1611360000000,"sex":"\u0e0a\u0e32\u0e22","age":36.0,"nationality":"Thailand","province_of_isolation":"\u0e01\u0e23\u0e38\u0e07\u0e40\u0e17\u0e1e\u0e21\u0e2b\u0e32\u0e19\u0e04\u0e23","province_of_onset":"\u0e01\u0e23\u0e38\u0e07\u0e40\u0e17\u0e1e\u0e21\u0e2b\u0e32\u0e19\u0e04\u0e23","district_of_onset":"\u0e1a\u0e32\u0e07\u0e2b\u0e27\u0e49\u0e32","risk":"\u0e2a\u0e31\u0e21\u0e1c\u0e31\u0e2a\u0e43\u0e01\u0e25\u0e49\u0e0a\u0e34\u0e14\u0e01\u0e31\u0e1a\u0e1c\u0e39\u0e49\u0e1b\u0e48\u0e27\u0e22\u0e22\u0e37\u0e19\u0e22\u0e31\u0e19\u0e23\u0e32\u0e22\u0e01\u0e48\u0e2d\u0e19\u0e2b\u0e19\u0e49\u0e32\u0e19\u0e35\u0e49"},{"No.":13390,"announce_date":"1\/24\/2021","notification_date":1611360000000,"sex":"\u0e0a\u0e32\u0e22","age":26.0,"nationality":"Thailand","province_of_isolation":"\u0e01\u0e23\u0e38\u0e07\u0e40\u0e17\u0e1e\u0e21\u0e2b\u0e32\u0e19\u0e04\u0e23","province_of_onset":"\u0e01\u0e23\u0e38\u0e07\u0e40\u0e17\u0e1e\u0e21\u0e2b\u0e32\u0e19\u0e04\u0e23","district_of_onset":"\u0e22\u0e32\u0e19\u0e19\u0e32\u0e27\u0e32","risk":"\u0e2a\u0e31\u0e21\u0e1c\u0e31\u0e2a\u0e43\u0e01\u0e25\u0e49\u0e0a\u0e34\u0e14\u0e01\u0e31\u0e1a\u0e1c\u0e39\u0e49\u0e1b\u0e48\u0e27\u0e22\u0e22\u0e37\u0e19\u0e22\u0e31\u0e19\u0e23\u0e32\u0e22\u0e01\u0e48\u0e2d\u0e19\u0e2b\u0e19\u0e49\u0e32\u0e19\u0e35\u0e49"},{"No.":13391,"announce_date":"1\/24\/2021","notification_date":1611360000000,"sex":"\u0e0a\u0e32\u0e22","age":38.0,"nationality":"Thailand","province_of_isolation":"\u0e01\u0e23\u0e38\u0e07\u0e40\u0e17\u0e1e\u0e21\u0e2b\u0e32\u0e19\u0e04\u0e23","province_of_onset":"\u0e01\u0e23\u0e38\u0e07\u0e40\u0e17\u0e1e\u0e21\u0e2b\u0e32\u0e19\u0e04\u0e23","district_of_onset":"\u0e2a\u0e32\u0e18\u0e23","risk":"\u0e2a\u0e31\u0e21\u0e1c\u0e31\u0e2a\u0e43\u0e01\u0e25\u0e49\u0e0a\u0e34\u0e14\u0e01\u0e31\u0e1a\u0e1c\u0e39\u0e49\u0e1b\u0e48\u0e27\u0e22\u0e22\u0e37\u0e19\u0e22\u0e31\u0e19\u0e23\u0e32\u0e22\u0e01\u0e48\u0e2d\u0e19\u0e2b\u0e19\u0e49\u0e32\u0e19\u0e35\u0e49"},{"No.":13392,"announce_date":"1\/24\/2021","notification_date":1611360000000,"sex":"\u0e2b\u0e0d\u0e34\u0e07","age":31.0,"nationality":"Thailand","province_of_isolation":"\u0e01\u0e23\u0e38\u0e07\u0e40\u0e17\u0e1e\u0e21\u0e2b\u0e32\u0e19\u0e04\u0e23","province_of_onset":"\u0e19\u0e19\u0e17\u0e1a\u0e38\u0e23\u0e35","district_of_onset":"\u0e1a\u0e32\u0e07\u0e01\u0e23\u0e30\u0e2a\u0e2d","risk":"\u0e2a\u0e31\u0e21\u0e1c\u0e31\u0e2a\u0e43\u0e01\u0e25\u0e49\u0e0a\u0e34\u0e14\u0e01\u0e31\u0e1a\u0e1c\u0e39\u0e49\u0e1b\u0e48\u0e27\u0e22\u0e22\u0e37\u0e19\u0e22\u0e31\u0e19\u0e23\u0e32\u0e22\u0e01\u0e48\u0e2d\u0e19\u0e2b\u0e19\u0e49\u0e32\u0e19\u0e35\u0e49"},{"No.":13393,"announce_date":"1\/24\/2021","notification_date":1611360000000,"sex":"\u0e0a\u0e32\u0e22","age":34.0,"nationality":"Thailand","province_of_isolation":"\u0e01\u0e23\u0e38\u0e07\u0e40\u0e17\u0e1e\u0e21\u0e2b\u0e32\u0e19\u0e04\u0e23","province_of_onset":"\u0e01\u0e23\u0e38\u0e07\u0e40\u0e17\u0e1e\u0e21\u0e2b\u0e32\u0e19\u0e04\u0e23","district_of_onset":"\u0e23\u0e32\u0e0a\u0e40\u0e17\u0e27\u0e35","risk":"\u0e2a\u0e31\u0e21\u0e1c\u0e31\u0e2a\u0e43\u0e01\u0e25\u0e49\u0e0a\u0e34\u0e14\u0e01\u0e31\u0e1a\u0e1c\u0e39\u0e49\u0e1b\u0e48\u0e27\u0e22\u0e22\u0e37\u0e19\u0e22\u0e31\u0e19\u0e23\u0e32\u0e22\u0e01\u0e48\u0e2d\u0e19\u0e2b\u0e19\u0e49\u0e32\u0e19\u0e35\u0e49"},{"No.":13394,"announce_date":"1\/24\/2021","notification_date":1611360000000,"sex":"\u0e0a\u0e32\u0e22","age":41.0,"nationality":"Burma","province_of_isolation":"\u0e01\u0e23\u0e38\u0e07\u0e40\u0e17\u0e1e\u0e21\u0e2b\u0e32\u0e19\u0e04\u0e23","province_of_onset":"\u0e01\u0e23\u0e38\u0e07\u0e40\u0e17\u0e1e\u0e21\u0e2b\u0e32\u0e19\u0e04\u0e23","district_of_onset":null,"risk":"Cluster \u0e42\u0e23\u0e07\u0e07\u0e32\u0e19 Big Star"},{"No.":13395,"announce_date":"1\/24\/2021","notification_date":1611360000000,"sex":"\u0e0a\u0e32\u0e22","age":35.0,"nationality":"France","province_of_isolation":"\u0e01\u0e23\u0e38\u0e07\u0e40\u0e17\u0e1e\u0e21\u0e2b\u0e32\u0e19\u0e04\u0e23","province_of_onset":"\u0e01\u0e23\u0e38\u0e07\u0e40\u0e17\u0e1e\u0e21\u0e2b\u0e32\u0e19\u0e04\u0e23","district_of_onset":"\u0e1a\u0e32\u0e07\u0e19\u0e32","risk":"\u0e1c\u0e39\u0e49\u0e17\u0e35\u0e48\u0e40\u0e14\u0e34\u0e19\u0e17\u0e32\u0e07\u0e21\u0e32\u0e08\u0e32\u0e01\u0e15\u0e48\u0e32\u0e07\u0e1b\u0e23\u0e30\u0e40\u0e17\u0e28 \u0e41\u0e25\u0e30\u0e40\u0e02\u0e49\u0e32 ASQ\/ALQ"},{"No.":13396,"announce_date":"1\/24\/2021","notification_date":1611360000000,"sex":"\u0e2b\u0e0d\u0e34\u0e07","age":29.0,"nationality":"France","province_of_isolation":"\u0e01\u0e23\u0e38\u0e07\u0e40\u0e17\u0e1e\u0e21\u0e2b\u0e32\u0e19\u0e04\u0e23","province_of_onset":"\u0e01\u0e23\u0e38\u0e07\u0e40\u0e17\u0e1e\u0e21\u0e2b\u0e32\u0e19\u0e04\u0e23","district_of_onset":"\u0e1a\u0e32\u0e07\u0e19\u0e32","risk":"\u0e1c\u0e39\u0e49\u0e17\u0e35\u0e48\u0e40\u0e14\u0e34\u0e19\u0e17\u0e32\u0e07\u0e21\u0e32\u0e08\u0e32\u0e01\u0e15\u0e48\u0e32\u0e07\u0e1b\u0e23\u0e30\u0e40\u0e17\u0e28 \u0e41\u0e25\u0e30\u0e40\u0e02\u0e49\u0e32 ASQ\/ALQ"},{"No.":13397,"announce_date":"1\/24\/2021","notification_date":1611360000000,"sex":"\u0e0a\u0e32\u0e22","age":22.0,"nationality":"Thailand","province_of_isolation":"\u0e01\u0e23\u0e38\u0e07\u0e40\u0e17\u0e1e\u0e21\u0e2b\u0e32\u0e19\u0e04\u0e23","province_of_onset":"\u0e01\u0e23\u0e38\u0e07\u0e40\u0e17\u0e1e\u0e21\u0e2b\u0e32\u0e19\u0e04\u0e23","district_of_onset":null,"risk":"\u0e2d\u0e22\u0e39\u0e48\u0e23\u0e30\u0e2b\u0e27\u0e48\u0e32\u0e07\u0e01\u0e32\u0e23\u0e2a\u0e2d\u0e1a\u0e2a\u0e27\u0e19"},{"No.":13398,"announce_date":"1\/24\/2021","notification_date":1611360000000,"sex":"\u0e2b\u0e0d\u0e34\u0e07","age":28.0,"nationality":"Thailand","province_of_isolation":"\u0e01\u0e23\u0e38\u0e07\u0e40\u0e17\u0e1e\u0e21\u0e2b\u0e32\u0e19\u0e04\u0e23","province_of_onset":"\u0e01\u0e23\u0e38\u0e07\u0e40\u0e17\u0e1e\u0e21\u0e2b\u0e32\u0e19\u0e04\u0e23","district_of_onset":"\u0e1a\u0e32\u0e07\u0e40\u0e02\u0e19","risk":"\u0e2a\u0e31\u0e21\u0e1c\u0e31\u0e2a\u0e43\u0e01\u0e25\u0e49\u0e0a\u0e34\u0e14\u0e01\u0e31\u0e1a\u0e1c\u0e39\u0e49\u0e1b\u0e48\u0e27\u0e22\u0e22\u0e37\u0e19\u0e22\u0e31\u0e19\u0e23\u0e32\u0e22\u0e01\u0e48\u0e2d\u0e19\u0e2b\u0e19\u0e49\u0e32\u0e19\u0e35\u0e49"},{"No.":13399,"announce_date":"1\/24\/2021","notification_date":1611360000000,"sex":"\u0e2b\u0e0d\u0e34\u0e07","age":28.0,"nationality":"Thailand","province_of_isolation":"\u0e01\u0e23\u0e38\u0e07\u0e40\u0e17\u0e1e\u0e21\u0e2b\u0e32\u0e19\u0e04\u0e23","province_of_onset":"\u0e01\u0e23\u0e38\u0e07\u0e40\u0e17\u0e1e\u0e21\u0e2b\u0e32\u0e19\u0e04\u0e23","district_of_onset":"\u0e1a\u0e32\u0e07\u0e40\u0e02\u0e19","risk":"\u0e2a\u0e31\u0e21\u0e1c\u0e31\u0e2a\u0e43\u0e01\u0e25\u0e49\u0e0a\u0e34\u0e14\u0e01\u0e31\u0e1a\u0e1c\u0e39\u0e49\u0e1b\u0e48\u0e27\u0e22\u0e22\u0e37\u0e19\u0e22\u0e31\u0e19\u0e23\u0e32\u0e22\u0e01\u0e48\u0e2d\u0e19\u0e2b\u0e19\u0e49\u0e32\u0e19\u0e35\u0e49"},{"No.":13400,"announce_date":"1\/24\/2021","notification_date":1611360000000,"sex":"\u0e2b\u0e0d\u0e34\u0e07","age":27.0,"nationality":"Thailand","province_of_isolation":"\u0e01\u0e23\u0e38\u0e07\u0e40\u0e17\u0e1e\u0e21\u0e2b\u0e32\u0e19\u0e04\u0e23","province_of_onset":"\u0e01\u0e23\u0e38\u0e07\u0e40\u0e17\u0e1e\u0e21\u0e2b\u0e32\u0e19\u0e04\u0e23","district_of_onset":"\u0e1a\u0e32\u0e07\u0e1a\u0e2d\u0e19","risk":"Cluster \u0e42\u0e23\u0e07\u0e07\u0e32\u0e19 Big Star"},{"No.":13401,"announce_date":"1\/24\/2021","notification_date":1611360000000,"sex":"\u0e0a\u0e32\u0e22","age":29.0,"nationality":"Thailand","province_of_isolation":"\u0e01\u0e23\u0e38\u0e07\u0e40\u0e17\u0e1e\u0e21\u0e2b\u0e32\u0e19\u0e04\u0e23","province_of_onset":"\u0e01\u0e23\u0e38\u0e07\u0e40\u0e17\u0e1e\u0e21\u0e2b\u0e32\u0e19\u0e04\u0e23","district_of_onset":"\u0e27\u0e31\u0e12\u0e19\u0e32","risk":"State Quarantine"},{"No.":13402,"announce_date":"1\/24\/2021","notification_date":1611360000000,"sex":"\u0e0a\u0e32\u0e22","age":24.0,"nationality":"Thailand","province_of_isolation":"\u0e01\u0e23\u0e38\u0e07\u0e40\u0e17\u0e1e\u0e21\u0e2b\u0e32\u0e19\u0e04\u0e23","province_of_onset":"\u0e01\u0e23\u0e38\u0e07\u0e40\u0e17\u0e1e\u0e21\u0e2b\u0e32\u0e19\u0e04\u0e23","district_of_onset":"\u0e1a\u0e32\u0e07\u0e40\u0e02\u0e19","risk":"\u0e2a\u0e31\u0e21\u0e1c\u0e31\u0e2a\u0e43\u0e01\u0e25\u0e49\u0e0a\u0e34\u0e14\u0e01\u0e31\u0e1a\u0e1c\u0e39\u0e49\u0e1b\u0e48\u0e27\u0e22\u0e22\u0e37\u0e19\u0e22\u0e31\u0e19\u0e23\u0e32\u0e22\u0e01\u0e48\u0e2d\u0e19\u0e2b\u0e19\u0e49\u0e32\u0e19\u0e35\u0e49"},{"No.":13403,"announce_date":"1\/24\/2021","notification_date":1611360000000,"sex":"\u0e2b\u0e0d\u0e34\u0e07","age":29.0,"nationality":"Thailand","province_of_isolation":"\u0e01\u0e23\u0e38\u0e07\u0e40\u0e17\u0e1e\u0e21\u0e2b\u0e32\u0e19\u0e04\u0e23","province_of_onset":"\u0e0a\u0e25\u0e1a\u0e38\u0e23\u0e35","district_of_onset":"\u0e1a\u0e32\u0e07\u0e25\u0e30\u0e21\u0e38\u0e07","risk":"\u0e1c\u0e39\u0e49\u0e17\u0e35\u0e48\u0e40\u0e14\u0e34\u0e19\u0e17\u0e32\u0e07\u0e21\u0e32\u0e08\u0e32\u0e01\u0e15\u0e48\u0e32\u0e07\u0e1b\u0e23\u0e30\u0e40\u0e17\u0e28 \u0e41\u0e25\u0e30\u0e40\u0e02\u0e49\u0e32 ASQ\/ALQ"},{"No.":13404,"announce_date":"1\/24\/2021","notification_date":1611360000000,"sex":"\u0e0a\u0e32\u0e22","age":30.0,"nationality":"Thailand","province_of_isolation":"\u0e19\u0e19\u0e17\u0e1a\u0e38\u0e23\u0e35","province_of_onset":"\u0e19\u0e19\u0e17\u0e1a\u0e38\u0e23\u0e35","district_of_onset":"\u0e40\u0e21\u0e37\u0e2d\u0e07 ","risk":"\u0e2d\u0e32\u0e0a\u0e35\u0e1e\u0e40\u0e2a\u0e35\u0e48\u0e22\u0e07 \u0e40\u0e0a\u0e48\u0e19 \u0e17\u0e33\u0e07\u0e32\u0e19\u0e43\u0e19\u0e2a\u0e16\u0e32\u0e19\u0e17\u0e35\u0e48\u0e41\u0e2d\u0e2d\u0e31\u0e14 \u0e2b\u0e23\u0e37\u0e2d\u0e17\u0e33\u0e07\u0e32\u0e19\u0e43\u0e01\u0e25\u0e49\u0e0a\u0e34\u0e14\u0e2a\u0e31\u0e21\u0e1c\u0e31\u0e2a\u0e0a\u0e32\u0e27\u0e15\u0e48\u0e32\u0e07\u0e0a\u0e32\u0e15\u0e34 \u0e40\u0e1b\u0e47\u0e19\u0e15\u0e49\u0e19"},{"No.":13405,"announce_date":"1\/24\/2021","notification_date":1611360000000,"sex":"\u0e2b\u0e0d\u0e34\u0e07","age":44.0,"nationality":"Thailand","province_of_isolation":"\u0e2a\u0e21\u0e38\u0e17\u0e23\u0e2a\u0e07\u0e04\u0e23\u0e32\u0e21","province_of_onset":"\u0e2a\u0e21\u0e38\u0e17\u0e23\u0e2a\u0e07\u0e04\u0e23\u0e32\u0e21","district_of_onset":"\u0e40\u0e21\u0e37\u0e2d\u0e07","risk":"\u0e2a\u0e31\u0e21\u0e1c\u0e31\u0e2a\u0e43\u0e01\u0e25\u0e49\u0e0a\u0e34\u0e14\u0e01\u0e31\u0e1a\u0e1c\u0e39\u0e49\u0e1b\u0e48\u0e27\u0e22\u0e22\u0e37\u0e19\u0e22\u0e31\u0e19\u0e23\u0e32\u0e22\u0e01\u0e48\u0e2d\u0e19\u0e2b\u0e19\u0e49\u0e32\u0e19\u0e35\u0e49"},{"No.":13406,"announce_date":"1\/24\/2021","notification_date":1611360000000,"sex":"\u0e2b\u0e0d\u0e34\u0e07","age":58.0,"nationality":"Thailand","province_of_isolation":"\u0e2a\u0e21\u0e38\u0e17\u0e23\u0e2a\u0e07\u0e04\u0e23\u0e32\u0e21","province_of_onset":"\u0e2a\u0e21\u0e38\u0e17\u0e23\u0e2a\u0e07\u0e04\u0e23\u0e32\u0e21","district_of_onset":"\u0e2d\u0e31\u0e21\u0e1e\u0e27\u0e32","risk":"\u0e2a\u0e31\u0e21\u0e1c\u0e31\u0e2a\u0e43\u0e01\u0e25\u0e49\u0e0a\u0e34\u0e14\u0e01\u0e31\u0e1a\u0e1c\u0e39\u0e49\u0e1b\u0e48\u0e27\u0e22\u0e22\u0e37\u0e19\u0e22\u0e31\u0e19\u0e23\u0e32\u0e22\u0e01\u0e48\u0e2d\u0e19\u0e2b\u0e19\u0e49\u0e32\u0e19\u0e35\u0e49"},{"No.":13407,"announce_date":"1\/24\/2021","notification_date":1611360000000,"sex":"\u0e0a\u0e32\u0e22","age":36.0,"nationality":"Thailand","province_of_isolation":"\u0e2a\u0e21\u0e38\u0e17\u0e23\u0e2a\u0e07\u0e04\u0e23\u0e32\u0e21","province_of_onset":"\u0e2a\u0e21\u0e38\u0e17\u0e23\u0e2a\u0e07\u0e04\u0e23\u0e32\u0e21","district_of_onset":"\u0e40\u0e21\u0e37\u0e2d\u0e07","risk":"\u0e2a\u0e31\u0e21\u0e1c\u0e31\u0e2a\u0e43\u0e01\u0e25\u0e49\u0e0a\u0e34\u0e14\u0e01\u0e31\u0e1a\u0e1c\u0e39\u0e49\u0e1b\u0e48\u0e27\u0e22\u0e22\u0e37\u0e19\u0e22\u0e31\u0e19\u0e23\u0e32\u0e22\u0e01\u0e48\u0e2d\u0e19\u0e2b\u0e19\u0e49\u0e32\u0e19\u0e35\u0e49"},{"No.":13408,"announce_date":"1\/24\/2021","notification_date":1611360000000,"sex":"\u0e2b\u0e0d\u0e34\u0e07","age":52.0,"nationality":"Thailand","province_of_isolation":"\u0e2a\u0e21\u0e38\u0e17\u0e23\u0e2a\u0e07\u0e04\u0e23\u0e32\u0e21","province_of_onset":"\u0e2a\u0e21\u0e38\u0e17\u0e23\u0e2a\u0e07\u0e04\u0e23\u0e32\u0e21","district_of_onset":"\u0e40\u0e21\u0e37\u0e2d\u0e07","risk":"\u0e2a\u0e31\u0e21\u0e1c\u0e31\u0e2a\u0e43\u0e01\u0e25\u0e49\u0e0a\u0e34\u0e14\u0e01\u0e31\u0e1a\u0e1c\u0e39\u0e49\u0e1b\u0e48\u0e27\u0e22\u0e22\u0e37\u0e19\u0e22\u0e31\u0e19\u0e23\u0e32\u0e22\u0e01\u0e48\u0e2d\u0e19\u0e2b\u0e19\u0e49\u0e32\u0e19\u0e35\u0e49"},{"No.":13409,"announce_date":"1\/24\/2021","notification_date":1611360000000,"sex":"\u0e2b\u0e0d\u0e34\u0e07","age":53.0,"nationality":"Thailand","province_of_isolation":"\u0e2a\u0e21\u0e38\u0e17\u0e23\u0e2a\u0e07\u0e04\u0e23\u0e32\u0e21","province_of_onset":"\u0e2a\u0e21\u0e38\u0e17\u0e23\u0e2a\u0e07\u0e04\u0e23\u0e32\u0e21","district_of_onset":"\u0e40\u0e21\u0e37\u0e2d\u0e07","risk":"\u0e2a\u0e31\u0e21\u0e1c\u0e31\u0e2a\u0e43\u0e01\u0e25\u0e49\u0e0a\u0e34\u0e14\u0e01\u0e31\u0e1a\u0e1c\u0e39\u0e49\u0e1b\u0e48\u0e27\u0e22\u0e22\u0e37\u0e19\u0e22\u0e31\u0e19\u0e23\u0e32\u0e22\u0e01\u0e48\u0e2d\u0e19\u0e2b\u0e19\u0e49\u0e32\u0e19\u0e35\u0e49"},{"No.":13410,"announce_date":"1\/24\/2021","notification_date":1611360000000,"sex":"\u0e0a\u0e32\u0e22","age":23.0,"nationality":"Thailand","province_of_isolation":"\u0e2a\u0e21\u0e38\u0e17\u0e23\u0e2a\u0e07\u0e04\u0e23\u0e32\u0e21","province_of_onset":"\u0e2a\u0e21\u0e38\u0e17\u0e23\u0e2a\u0e07\u0e04\u0e23\u0e32\u0e21","district_of_onset":"\u0e40\u0e21\u0e37\u0e2d\u0e07","risk":"\u0e2a\u0e31\u0e21\u0e1c\u0e31\u0e2a\u0e43\u0e01\u0e25\u0e49\u0e0a\u0e34\u0e14\u0e01\u0e31\u0e1a\u0e1c\u0e39\u0e49\u0e1b\u0e48\u0e27\u0e22\u0e22\u0e37\u0e19\u0e22\u0e31\u0e19\u0e23\u0e32\u0e22\u0e01\u0e48\u0e2d\u0e19\u0e2b\u0e19\u0e49\u0e32\u0e19\u0e35\u0e49"},{"No.":13411,"announce_date":"1\/24\/2021","notification_date":1611360000000,"sex":"\u0e2b\u0e0d\u0e34\u0e07","age":38.0,"nationality":"Thailand","province_of_isolation":"\u0e2a\u0e21\u0e38\u0e17\u0e23\u0e2a\u0e07\u0e04\u0e23\u0e32\u0e21","province_of_onset":"\u0e2a\u0e21\u0e38\u0e17\u0e23\u0e2a\u0e07\u0e04\u0e23\u0e32\u0e21","district_of_onset":"\u0e2d\u0e31\u0e21\u0e1e\u0e27\u0e32","risk":"\u0e2a\u0e31\u0e21\u0e1c\u0e31\u0e2a\u0e43\u0e01\u0e25\u0e49\u0e0a\u0e34\u0e14\u0e01\u0e31\u0e1a\u0e1c\u0e39\u0e49\u0e1b\u0e48\u0e27\u0e22\u0e22\u0e37\u0e19\u0e22\u0e31\u0e19\u0e23\u0e32\u0e22\u0e01\u0e48\u0e2d\u0e19\u0e2b\u0e19\u0e49\u0e32\u0e19\u0e35\u0e49"},{"No.":13412,"announce_date":"1\/24\/2021","notification_date":1611360000000,"sex":"\u0e2b\u0e0d\u0e34\u0e07","age":43.0,"nationality":"Thailand","province_of_isolation":"\u0e23\u0e32\u0e0a\u0e1a\u0e38\u0e23\u0e35","province_of_onset":"\u0e23\u0e32\u0e0a\u0e1a\u0e38\u0e23\u0e35","district_of_onset":" ","risk":"\u0e2d\u0e22\u0e39\u0e48\u0e23\u0e30\u0e2b\u0e27\u0e48\u0e32\u0e07\u0e01\u0e32\u0e23\u0e2a\u0e2d\u0e1a\u0e2a\u0e27\u0e19"},{"No.":13413,"announce_date":"1\/24\/2021","notification_date":1611360000000,"sex":"\u0e2b\u0e0d\u0e34\u0e07","age":55.0,"nationality":"Thailand","province_of_isolation":"\u0e22\u0e30\u0e25\u0e32","province_of_onset":"\u0e22\u0e30\u0e25\u0e32","district_of_onset":"\u0e40\u0e1a\u0e15\u0e07","risk":"State Quarantine"},{"No.":13414,"announce_date":"1\/24\/2021","notification_date":1611360000000,"sex":"\u0e0a\u0e32\u0e22","age":26.0,"nationality":"Burma","province_of_isolation":"\u0e19\u0e23\u0e32\u0e18\u0e34\u0e27\u0e32\u0e2a","province_of_onset":"\u0e19\u0e23\u0e32\u0e18\u0e34\u0e27\u0e32\u0e2a","district_of_onset":"\u0e41\u0e27\u0e49\u0e07","risk":"\u0e2d\u0e22\u0e39\u0e48\u0e23\u0e30\u0e2b\u0e27\u0e48\u0e32\u0e07\u0e01\u0e32\u0e23\u0e2a\u0e2d\u0e1a\u0e2a\u0e27\u0e19"},{"No.":13415,"announce_date":"1\/24\/2021","notification_date":1611360000000,"sex":null,"age":null,"nationality":null,"province_of_isolation":"\u0e2a\u0e21\u0e38\u0e17\u0e23\u0e2a\u0e32\u0e04\u0e23","province_of_onset":"\u0e2a\u0e21\u0e38\u0e17\u0e23\u0e2a\u0e32\u0e04\u0e23","district_of_onset":null,"risk":"Cluster \u0e2a\u0e21\u0e38\u0e17\u0e23\u0e2a\u0e32\u0e04\u0e23"},{"No.":13416,"announce_date":"1\/24\/2021","notification_date":1611360000000,"sex":null,"age":null,"nationality":null,"province_of_isolation":"\u0e2a\u0e21\u0e38\u0e17\u0e23\u0e2a\u0e32\u0e04\u0e23","province_of_onset":"\u0e2a\u0e21\u0e38\u0e17\u0e23\u0e2a\u0e32\u0e04\u0e23","district_of_onset":null,"risk":"Cluster \u0e2a\u0e21\u0e38\u0e17\u0e23\u0e2a\u0e32\u0e04\u0e23"},{"No.":13417,"announce_date":"1\/24\/2021","notification_date":1611360000000,"sex":null,"age":null,"nationality":null,"province_of_isolation":"\u0e2a\u0e21\u0e38\u0e17\u0e23\u0e2a\u0e32\u0e04\u0e23","province_of_onset":"\u0e2a\u0e21\u0e38\u0e17\u0e23\u0e2a\u0e32\u0e04\u0e23","district_of_onset":null,"risk":"Cluster \u0e2a\u0e21\u0e38\u0e17\u0e23\u0e2a\u0e32\u0e04\u0e23"},{"No.":13418,"announce_date":"1\/24\/2021","notification_date":1611360000000,"sex":null,"age":null,"nationality":null,"province_of_isolation":"\u0e2a\u0e21\u0e38\u0e17\u0e23\u0e2a\u0e32\u0e04\u0e23","province_of_onset":"\u0e2a\u0e21\u0e38\u0e17\u0e23\u0e2a\u0e32\u0e04\u0e23","district_of_onset":null,"risk":"Cluster \u0e2a\u0e21\u0e38\u0e17\u0e23\u0e2a\u0e32\u0e04\u0e23"},{"No.":13419,"announce_date":"1\/24\/2021","notification_date":1611360000000,"sex":null,"age":null,"nationality":null,"province_of_isolation":"\u0e2a\u0e21\u0e38\u0e17\u0e23\u0e2a\u0e32\u0e04\u0e23","province_of_onset":"\u0e2a\u0e21\u0e38\u0e17\u0e23\u0e2a\u0e32\u0e04\u0e23","district_of_onset":null,"risk":"Cluster \u0e2a\u0e21\u0e38\u0e17\u0e23\u0e2a\u0e32\u0e04\u0e23"},{"No.":13420,"announce_date":"1\/24\/2021","notification_date":1611360000000,"sex":null,"age":null,"nationality":null,"province_of_isolation":"\u0e2a\u0e21\u0e38\u0e17\u0e23\u0e2a\u0e32\u0e04\u0e23","province_of_onset":"\u0e2a\u0e21\u0e38\u0e17\u0e23\u0e2a\u0e32\u0e04\u0e23","district_of_onset":null,"risk":"Cluster \u0e2a\u0e21\u0e38\u0e17\u0e23\u0e2a\u0e32\u0e04\u0e23"},{"No.":13421,"announce_date":"1\/24\/2021","notification_date":1611360000000,"sex":null,"age":null,"nationality":null,"province_of_isolation":"\u0e2a\u0e21\u0e38\u0e17\u0e23\u0e2a\u0e32\u0e04\u0e23","province_of_onset":"\u0e2a\u0e21\u0e38\u0e17\u0e23\u0e2a\u0e32\u0e04\u0e23","district_of_onset":null,"risk":"Cluster \u0e2a\u0e21\u0e38\u0e17\u0e23\u0e2a\u0e32\u0e04\u0e23"},{"No.":13422,"announce_date":"1\/24\/2021","notification_date":1611360000000,"sex":null,"age":null,"nationality":null,"province_of_isolation":"\u0e2a\u0e21\u0e38\u0e17\u0e23\u0e2a\u0e32\u0e04\u0e23","province_of_onset":"\u0e2a\u0e21\u0e38\u0e17\u0e23\u0e2a\u0e32\u0e04\u0e23","district_of_onset":null,"risk":"Cluster \u0e2a\u0e21\u0e38\u0e17\u0e23\u0e2a\u0e32\u0e04\u0e23"},{"No.":13423,"announce_date":"1\/24\/2021","notification_date":1611360000000,"sex":null,"age":null,"nationality":null,"province_of_isolation":"\u0e2a\u0e21\u0e38\u0e17\u0e23\u0e2a\u0e32\u0e04\u0e23","province_of_onset":"\u0e2a\u0e21\u0e38\u0e17\u0e23\u0e2a\u0e32\u0e04\u0e23","district_of_onset":null,"risk":"Cluster \u0e2a\u0e21\u0e38\u0e17\u0e23\u0e2a\u0e32\u0e04\u0e23"},{"No.":13424,"announce_date":"1\/24\/2021","notification_date":1611360000000,"sex":null,"age":null,"nationality":null,"province_of_isolation":"\u0e2a\u0e21\u0e38\u0e17\u0e23\u0e2a\u0e32\u0e04\u0e23","province_of_onset":"\u0e2a\u0e21\u0e38\u0e17\u0e23\u0e2a\u0e32\u0e04\u0e23","district_of_onset":null,"risk":"Cluster \u0e2a\u0e21\u0e38\u0e17\u0e23\u0e2a\u0e32\u0e04\u0e23"},{"No.":13425,"announce_date":"1\/24\/2021","notification_date":1611360000000,"sex":null,"age":null,"nationality":null,"province_of_isolation":"\u0e2a\u0e21\u0e38\u0e17\u0e23\u0e2a\u0e32\u0e04\u0e23","province_of_onset":"\u0e2a\u0e21\u0e38\u0e17\u0e23\u0e2a\u0e32\u0e04\u0e23","district_of_onset":null,"risk":"Cluster \u0e2a\u0e21\u0e38\u0e17\u0e23\u0e2a\u0e32\u0e04\u0e23"},{"No.":13426,"announce_date":"1\/24\/2021","notification_date":1611360000000,"sex":null,"age":null,"nationality":null,"province_of_isolation":"\u0e2a\u0e21\u0e38\u0e17\u0e23\u0e2a\u0e32\u0e04\u0e23","province_of_onset":"\u0e2a\u0e21\u0e38\u0e17\u0e23\u0e2a\u0e32\u0e04\u0e23","district_of_onset":null,"risk":"Cluster \u0e2a\u0e21\u0e38\u0e17\u0e23\u0e2a\u0e32\u0e04\u0e23"},{"No.":13427,"announce_date":"1\/24\/2021","notification_date":1611360000000,"sex":null,"age":null,"nationality":null,"province_of_isolation":"\u0e2a\u0e21\u0e38\u0e17\u0e23\u0e2a\u0e32\u0e04\u0e23","province_of_onset":"\u0e2a\u0e21\u0e38\u0e17\u0e23\u0e2a\u0e32\u0e04\u0e23","district_of_onset":null,"risk":"Cluster \u0e2a\u0e21\u0e38\u0e17\u0e23\u0e2a\u0e32\u0e04\u0e23"},{"No.":13428,"announce_date":"1\/24\/2021","notification_date":1611360000000,"sex":null,"age":null,"nationality":null,"province_of_isolation":"\u0e2a\u0e21\u0e38\u0e17\u0e23\u0e2a\u0e32\u0e04\u0e23","province_of_onset":"\u0e2a\u0e21\u0e38\u0e17\u0e23\u0e2a\u0e32\u0e04\u0e23","district_of_onset":null,"risk":"Cluster \u0e2a\u0e21\u0e38\u0e17\u0e23\u0e2a\u0e32\u0e04\u0e23"},{"No.":13429,"announce_date":"1\/24\/2021","notification_date":1611360000000,"sex":null,"age":null,"nationality":null,"province_of_isolation":"\u0e2a\u0e21\u0e38\u0e17\u0e23\u0e2a\u0e32\u0e04\u0e23","province_of_onset":"\u0e2a\u0e21\u0e38\u0e17\u0e23\u0e2a\u0e32\u0e04\u0e23","district_of_onset":null,"risk":"Cluster \u0e2a\u0e21\u0e38\u0e17\u0e23\u0e2a\u0e32\u0e04\u0e23"},{"No.":13430,"announce_date":"1\/24\/2021","notification_date":1611360000000,"sex":null,"age":null,"nationality":null,"province_of_isolation":"\u0e2a\u0e21\u0e38\u0e17\u0e23\u0e2a\u0e32\u0e04\u0e23","province_of_onset":"\u0e2a\u0e21\u0e38\u0e17\u0e23\u0e2a\u0e32\u0e04\u0e23","district_of_onset":null,"risk":"Cluster \u0e2a\u0e21\u0e38\u0e17\u0e23\u0e2a\u0e32\u0e04\u0e23"},{"No.":13431,"announce_date":"1\/24\/2021","notification_date":1611360000000,"sex":null,"age":null,"nationality":null,"province_of_isolation":"\u0e2a\u0e21\u0e38\u0e17\u0e23\u0e2a\u0e32\u0e04\u0e23","province_of_onset":"\u0e2a\u0e21\u0e38\u0e17\u0e23\u0e2a\u0e32\u0e04\u0e23","district_of_onset":null,"risk":"Cluster \u0e2a\u0e21\u0e38\u0e17\u0e23\u0e2a\u0e32\u0e04\u0e23"},{"No.":13432,"announce_date":"1\/24\/2021","notification_date":1611360000000,"sex":null,"age":null,"nationality":null,"province_of_isolation":"\u0e2a\u0e21\u0e38\u0e17\u0e23\u0e2a\u0e32\u0e04\u0e23","province_of_onset":"\u0e2a\u0e21\u0e38\u0e17\u0e23\u0e2a\u0e32\u0e04\u0e23","district_of_onset":null,"risk":"Cluster \u0e2a\u0e21\u0e38\u0e17\u0e23\u0e2a\u0e32\u0e04\u0e23"},{"No.":13433,"announce_date":"1\/24\/2021","notification_date":1611360000000,"sex":null,"age":null,"nationality":null,"province_of_isolation":"\u0e2a\u0e21\u0e38\u0e17\u0e23\u0e2a\u0e32\u0e04\u0e23","province_of_onset":"\u0e2a\u0e21\u0e38\u0e17\u0e23\u0e2a\u0e32\u0e04\u0e23","district_of_onset":null,"risk":"Cluster \u0e2a\u0e21\u0e38\u0e17\u0e23\u0e2a\u0e32\u0e04\u0e23"},{"No.":13434,"announce_date":"1\/24\/2021","notification_date":1611360000000,"sex":null,"age":null,"nationality":null,"province_of_isolation":"\u0e2a\u0e21\u0e38\u0e17\u0e23\u0e2a\u0e32\u0e04\u0e23","province_of_onset":"\u0e2a\u0e21\u0e38\u0e17\u0e23\u0e2a\u0e32\u0e04\u0e23","district_of_onset":null,"risk":"Cluster \u0e2a\u0e21\u0e38\u0e17\u0e23\u0e2a\u0e32\u0e04\u0e23"},{"No.":13435,"announce_date":"1\/24\/2021","notification_date":1611360000000,"sex":null,"age":null,"nationality":null,"province_of_isolation":"\u0e2a\u0e21\u0e38\u0e17\u0e23\u0e2a\u0e32\u0e04\u0e23","province_of_onset":"\u0e2a\u0e21\u0e38\u0e17\u0e23\u0e2a\u0e32\u0e04\u0e23","district_of_onset":null,"risk":"Cluster \u0e2a\u0e21\u0e38\u0e17\u0e23\u0e2a\u0e32\u0e04\u0e23"},{"No.":13436,"announce_date":"1\/24\/2021","notification_date":1611360000000,"sex":null,"age":null,"nationality":null,"province_of_isolation":"\u0e2a\u0e21\u0e38\u0e17\u0e23\u0e2a\u0e32\u0e04\u0e23","province_of_onset":"\u0e2a\u0e21\u0e38\u0e17\u0e23\u0e2a\u0e32\u0e04\u0e23","district_of_onset":null,"risk":"Cluster \u0e2a\u0e21\u0e38\u0e17\u0e23\u0e2a\u0e32\u0e04\u0e23"},{"No.":13437,"announce_date":"1\/24\/2021","notification_date":1611360000000,"sex":null,"age":null,"nationality":null,"province_of_isolation":"\u0e2a\u0e21\u0e38\u0e17\u0e23\u0e2a\u0e32\u0e04\u0e23","province_of_onset":"\u0e2a\u0e21\u0e38\u0e17\u0e23\u0e2a\u0e32\u0e04\u0e23","district_of_onset":null,"risk":"Cluster \u0e2a\u0e21\u0e38\u0e17\u0e23\u0e2a\u0e32\u0e04\u0e23"},{"No.":13438,"announce_date":"1\/24\/2021","notification_date":1611360000000,"sex":null,"age":null,"nationality":null,"province_of_isolation":"\u0e2a\u0e21\u0e38\u0e17\u0e23\u0e2a\u0e32\u0e04\u0e23","province_of_onset":"\u0e2a\u0e21\u0e38\u0e17\u0e23\u0e2a\u0e32\u0e04\u0e23","district_of_onset":null,"risk":"Cluster \u0e2a\u0e21\u0e38\u0e17\u0e23\u0e2a\u0e32\u0e04\u0e23"},{"No.":13439,"announce_date":"1\/24\/2021","notification_date":1611360000000,"sex":null,"age":null,"nationality":null,"province_of_isolation":"\u0e2a\u0e21\u0e38\u0e17\u0e23\u0e2a\u0e32\u0e04\u0e23","province_of_onset":"\u0e2a\u0e21\u0e38\u0e17\u0e23\u0e2a\u0e32\u0e04\u0e23","district_of_onset":null,"risk":"Cluster \u0e2a\u0e21\u0e38\u0e17\u0e23\u0e2a\u0e32\u0e04\u0e23"},{"No.":13440,"announce_date":"1\/24\/2021","notification_date":1611360000000,"sex":null,"age":null,"nationality":null,"province_of_isolation":"\u0e2a\u0e21\u0e38\u0e17\u0e23\u0e2a\u0e32\u0e04\u0e23","province_of_onset":"\u0e2a\u0e21\u0e38\u0e17\u0e23\u0e2a\u0e32\u0e04\u0e23","district_of_onset":null,"risk":"Cluster \u0e2a\u0e21\u0e38\u0e17\u0e23\u0e2a\u0e32\u0e04\u0e23"},{"No.":13441,"announce_date":"1\/24\/2021","notification_date":1611360000000,"sex":null,"age":null,"nationality":null,"province_of_isolation":"\u0e2a\u0e21\u0e38\u0e17\u0e23\u0e2a\u0e32\u0e04\u0e23","province_of_onset":"\u0e2a\u0e21\u0e38\u0e17\u0e23\u0e2a\u0e32\u0e04\u0e23","district_of_onset":null,"risk":"Cluster \u0e2a\u0e21\u0e38\u0e17\u0e23\u0e2a\u0e32\u0e04\u0e23"},{"No.":13442,"announce_date":"1\/24\/2021","notification_date":1611360000000,"sex":null,"age":null,"nationality":null,"province_of_isolation":"\u0e2a\u0e21\u0e38\u0e17\u0e23\u0e2a\u0e32\u0e04\u0e23","province_of_onset":"\u0e2a\u0e21\u0e38\u0e17\u0e23\u0e2a\u0e32\u0e04\u0e23","district_of_onset":null,"risk":"Cluster \u0e2a\u0e21\u0e38\u0e17\u0e23\u0e2a\u0e32\u0e04\u0e23"},{"No.":13443,"announce_date":"1\/24\/2021","notification_date":1611360000000,"sex":null,"age":null,"nationality":null,"province_of_isolation":"\u0e2a\u0e21\u0e38\u0e17\u0e23\u0e2a\u0e32\u0e04\u0e23","province_of_onset":"\u0e2a\u0e21\u0e38\u0e17\u0e23\u0e2a\u0e32\u0e04\u0e23","district_of_onset":null,"risk":"Cluster \u0e2a\u0e21\u0e38\u0e17\u0e23\u0e2a\u0e32\u0e04\u0e23"},{"No.":13444,"announce_date":"1\/24\/2021","notification_date":1611360000000,"sex":null,"age":null,"nationality":null,"province_of_isolation":"\u0e2a\u0e21\u0e38\u0e17\u0e23\u0e2a\u0e32\u0e04\u0e23","province_of_onset":"\u0e2a\u0e21\u0e38\u0e17\u0e23\u0e2a\u0e32\u0e04\u0e23","district_of_onset":null,"risk":"Cluster \u0e2a\u0e21\u0e38\u0e17\u0e23\u0e2a\u0e32\u0e04\u0e23"},{"No.":13445,"announce_date":"1\/24\/2021","notification_date":1611360000000,"sex":null,"age":null,"nationality":null,"province_of_isolation":"\u0e2a\u0e21\u0e38\u0e17\u0e23\u0e2a\u0e32\u0e04\u0e23","province_of_onset":"\u0e2a\u0e21\u0e38\u0e17\u0e23\u0e2a\u0e32\u0e04\u0e23","district_of_onset":null,"risk":"Cluster \u0e2a\u0e21\u0e38\u0e17\u0e23\u0e2a\u0e32\u0e04\u0e23"},{"No.":13446,"announce_date":"1\/24\/2021","notification_date":1611360000000,"sex":null,"age":null,"nationality":null,"province_of_isolation":"\u0e2a\u0e21\u0e38\u0e17\u0e23\u0e2a\u0e32\u0e04\u0e23","province_of_onset":"\u0e2a\u0e21\u0e38\u0e17\u0e23\u0e2a\u0e32\u0e04\u0e23","district_of_onset":null,"risk":"Cluster \u0e2a\u0e21\u0e38\u0e17\u0e23\u0e2a\u0e32\u0e04\u0e23"},{"No.":13447,"announce_date":"1\/24\/2021","notification_date":1611360000000,"sex":null,"age":null,"nationality":null,"province_of_isolation":"\u0e2a\u0e21\u0e38\u0e17\u0e23\u0e2a\u0e32\u0e04\u0e23","province_of_onset":"\u0e2a\u0e21\u0e38\u0e17\u0e23\u0e2a\u0e32\u0e04\u0e23","district_of_onset":null,"risk":"Cluster \u0e2a\u0e21\u0e38\u0e17\u0e23\u0e2a\u0e32\u0e04\u0e23"},{"No.":13448,"announce_date":"1\/24\/2021","notification_date":1611360000000,"sex":null,"age":null,"nationality":null,"province_of_isolation":"\u0e2a\u0e21\u0e38\u0e17\u0e23\u0e2a\u0e32\u0e04\u0e23","province_of_onset":"\u0e2a\u0e21\u0e38\u0e17\u0e23\u0e2a\u0e32\u0e04\u0e23","district_of_onset":null,"risk":"Cluster \u0e2a\u0e21\u0e38\u0e17\u0e23\u0e2a\u0e32\u0e04\u0e23"},{"No.":13449,"announce_date":"1\/24\/2021","notification_date":1611360000000,"sex":null,"age":null,"nationality":null,"province_of_isolation":"\u0e2a\u0e21\u0e38\u0e17\u0e23\u0e2a\u0e32\u0e04\u0e23","province_of_onset":"\u0e2a\u0e21\u0e38\u0e17\u0e23\u0e2a\u0e32\u0e04\u0e23","district_of_onset":null,"risk":"Cluster \u0e2a\u0e21\u0e38\u0e17\u0e23\u0e2a\u0e32\u0e04\u0e23"},{"No.":13450,"announce_date":"1\/24\/2021","notification_date":1611360000000,"sex":null,"age":null,"nationality":null,"province_of_isolation":"\u0e2a\u0e21\u0e38\u0e17\u0e23\u0e2a\u0e32\u0e04\u0e23","province_of_onset":"\u0e2a\u0e21\u0e38\u0e17\u0e23\u0e2a\u0e32\u0e04\u0e23","district_of_onset":null,"risk":"Cluster \u0e2a\u0e21\u0e38\u0e17\u0e23\u0e2a\u0e32\u0e04\u0e23"},{"No.":13451,"announce_date":"1\/24\/2021","notification_date":1611360000000,"sex":null,"age":null,"nationality":null,"province_of_isolation":"\u0e2a\u0e21\u0e38\u0e17\u0e23\u0e2a\u0e32\u0e04\u0e23","province_of_onset":"\u0e2a\u0e21\u0e38\u0e17\u0e23\u0e2a\u0e32\u0e04\u0e23","district_of_onset":null,"risk":"Cluster \u0e2a\u0e21\u0e38\u0e17\u0e23\u0e2a\u0e32\u0e04\u0e23"},{"No.":13452,"announce_date":"1\/24\/2021","notification_date":1611360000000,"sex":null,"age":null,"nationality":null,"province_of_isolation":"\u0e2a\u0e21\u0e38\u0e17\u0e23\u0e2a\u0e32\u0e04\u0e23","province_of_onset":"\u0e2a\u0e21\u0e38\u0e17\u0e23\u0e2a\u0e32\u0e04\u0e23","district_of_onset":null,"risk":"Cluster \u0e2a\u0e21\u0e38\u0e17\u0e23\u0e2a\u0e32\u0e04\u0e23"},{"No.":13453,"announce_date":"1\/24\/2021","notification_date":1611360000000,"sex":null,"age":null,"nationality":null,"province_of_isolation":"\u0e2a\u0e21\u0e38\u0e17\u0e23\u0e2a\u0e32\u0e04\u0e23","province_of_onset":"\u0e2a\u0e21\u0e38\u0e17\u0e23\u0e2a\u0e32\u0e04\u0e23","district_of_onset":null,"risk":"Cluster \u0e2a\u0e21\u0e38\u0e17\u0e23\u0e2a\u0e32\u0e04\u0e23"},{"No.":13454,"announce_date":"1\/24\/2021","notification_date":1611360000000,"sex":null,"age":null,"nationality":null,"province_of_isolation":"\u0e2a\u0e21\u0e38\u0e17\u0e23\u0e2a\u0e32\u0e04\u0e23","province_of_onset":"\u0e2a\u0e21\u0e38\u0e17\u0e23\u0e2a\u0e32\u0e04\u0e23","district_of_onset":null,"risk":"Cluster \u0e2a\u0e21\u0e38\u0e17\u0e23\u0e2a\u0e32\u0e04\u0e23"},{"No.":13455,"announce_date":"1\/24\/2021","notification_date":1611360000000,"sex":null,"age":null,"nationality":null,"province_of_isolation":"\u0e2a\u0e21\u0e38\u0e17\u0e23\u0e2a\u0e32\u0e04\u0e23","province_of_onset":"\u0e2a\u0e21\u0e38\u0e17\u0e23\u0e2a\u0e32\u0e04\u0e23","district_of_onset":null,"risk":"Cluster \u0e2a\u0e21\u0e38\u0e17\u0e23\u0e2a\u0e32\u0e04\u0e23"},{"No.":13456,"announce_date":"1\/24\/2021","notification_date":1611360000000,"sex":null,"age":null,"nationality":null,"province_of_isolation":"\u0e2a\u0e21\u0e38\u0e17\u0e23\u0e2a\u0e32\u0e04\u0e23","province_of_onset":"\u0e2a\u0e21\u0e38\u0e17\u0e23\u0e2a\u0e32\u0e04\u0e23","district_of_onset":null,"risk":"Cluster \u0e2a\u0e21\u0e38\u0e17\u0e23\u0e2a\u0e32\u0e04\u0e23"},{"No.":13457,"announce_date":"1\/24\/2021","notification_date":1611360000000,"sex":null,"age":null,"nationality":null,"province_of_isolation":"\u0e2a\u0e21\u0e38\u0e17\u0e23\u0e2a\u0e32\u0e04\u0e23","province_of_onset":"\u0e2a\u0e21\u0e38\u0e17\u0e23\u0e2a\u0e32\u0e04\u0e23","district_of_onset":null,"risk":"Cluster \u0e2a\u0e21\u0e38\u0e17\u0e23\u0e2a\u0e32\u0e04\u0e23"},{"No.":13458,"announce_date":"1\/24\/2021","notification_date":1611360000000,"sex":null,"age":null,"nationality":null,"province_of_isolation":"\u0e2a\u0e21\u0e38\u0e17\u0e23\u0e2a\u0e32\u0e04\u0e23","province_of_onset":"\u0e2a\u0e21\u0e38\u0e17\u0e23\u0e2a\u0e32\u0e04\u0e23","district_of_onset":null,"risk":"Cluster \u0e2a\u0e21\u0e38\u0e17\u0e23\u0e2a\u0e32\u0e04\u0e23"},{"No.":13459,"announce_date":"1\/24\/2021","notification_date":1611360000000,"sex":null,"age":null,"nationality":null,"province_of_isolation":"\u0e2a\u0e21\u0e38\u0e17\u0e23\u0e2a\u0e32\u0e04\u0e23","province_of_onset":"\u0e2a\u0e21\u0e38\u0e17\u0e23\u0e2a\u0e32\u0e04\u0e23","district_of_onset":null,"risk":"Cluster \u0e2a\u0e21\u0e38\u0e17\u0e23\u0e2a\u0e32\u0e04\u0e23"},{"No.":13460,"announce_date":"1\/24\/2021","notification_date":1611360000000,"sex":null,"age":null,"nationality":null,"province_of_isolation":"\u0e2a\u0e21\u0e38\u0e17\u0e23\u0e2a\u0e32\u0e04\u0e23","province_of_onset":"\u0e2a\u0e21\u0e38\u0e17\u0e23\u0e2a\u0e32\u0e04\u0e23","district_of_onset":null,"risk":"Cluster \u0e2a\u0e21\u0e38\u0e17\u0e23\u0e2a\u0e32\u0e04\u0e23"},{"No.":13461,"announce_date":"1\/24\/2021","notification_date":1611360000000,"sex":null,"age":null,"nationality":null,"province_of_isolation":"\u0e2a\u0e21\u0e38\u0e17\u0e23\u0e2a\u0e32\u0e04\u0e23","province_of_onset":"\u0e2a\u0e21\u0e38\u0e17\u0e23\u0e2a\u0e32\u0e04\u0e23","district_of_onset":null,"risk":"Cluster \u0e2a\u0e21\u0e38\u0e17\u0e23\u0e2a\u0e32\u0e04\u0e23"},{"No.":13462,"announce_date":"1\/24\/2021","notification_date":1611360000000,"sex":null,"age":null,"nationality":null,"province_of_isolation":"\u0e2a\u0e21\u0e38\u0e17\u0e23\u0e2a\u0e32\u0e04\u0e23","province_of_onset":"\u0e2a\u0e21\u0e38\u0e17\u0e23\u0e2a\u0e32\u0e04\u0e23","district_of_onset":null,"risk":"Cluster \u0e2a\u0e21\u0e38\u0e17\u0e23\u0e2a\u0e32\u0e04\u0e23"},{"No.":13463,"announce_date":"1\/24\/2021","notification_date":1611360000000,"sex":null,"age":null,"nationality":null,"province_of_isolation":"\u0e2a\u0e21\u0e38\u0e17\u0e23\u0e2a\u0e32\u0e04\u0e23","province_of_onset":"\u0e2a\u0e21\u0e38\u0e17\u0e23\u0e2a\u0e32\u0e04\u0e23","district_of_onset":null,"risk":"Cluster \u0e2a\u0e21\u0e38\u0e17\u0e23\u0e2a\u0e32\u0e04\u0e23"},{"No.":13464,"announce_date":"1\/24\/2021","notification_date":1611360000000,"sex":null,"age":null,"nationality":null,"province_of_isolation":"\u0e2a\u0e21\u0e38\u0e17\u0e23\u0e2a\u0e32\u0e04\u0e23","province_of_onset":"\u0e2a\u0e21\u0e38\u0e17\u0e23\u0e2a\u0e32\u0e04\u0e23","district_of_onset":null,"risk":"Cluster \u0e2a\u0e21\u0e38\u0e17\u0e23\u0e2a\u0e32\u0e04\u0e23"},{"No.":13465,"announce_date":"1\/24\/2021","notification_date":1611360000000,"sex":null,"age":null,"nationality":null,"province_of_isolation":"\u0e2a\u0e21\u0e38\u0e17\u0e23\u0e2a\u0e32\u0e04\u0e23","province_of_onset":"\u0e2a\u0e21\u0e38\u0e17\u0e23\u0e2a\u0e32\u0e04\u0e23","district_of_onset":null,"risk":"Cluster \u0e2a\u0e21\u0e38\u0e17\u0e23\u0e2a\u0e32\u0e04\u0e23"},{"No.":13466,"announce_date":"1\/24\/2021","notification_date":1611360000000,"sex":null,"age":null,"nationality":null,"province_of_isolation":"\u0e2a\u0e21\u0e38\u0e17\u0e23\u0e2a\u0e32\u0e04\u0e23","province_of_onset":"\u0e2a\u0e21\u0e38\u0e17\u0e23\u0e2a\u0e32\u0e04\u0e23","district_of_onset":null,"risk":"Cluster \u0e2a\u0e21\u0e38\u0e17\u0e23\u0e2a\u0e32\u0e04\u0e23"},{"No.":13467,"announce_date":"1\/24\/2021","notification_date":1611360000000,"sex":null,"age":null,"nationality":null,"province_of_isolation":"\u0e2a\u0e21\u0e38\u0e17\u0e23\u0e2a\u0e32\u0e04\u0e23","province_of_onset":"\u0e2a\u0e21\u0e38\u0e17\u0e23\u0e2a\u0e32\u0e04\u0e23","district_of_onset":null,"risk":"Cluster \u0e2a\u0e21\u0e38\u0e17\u0e23\u0e2a\u0e32\u0e04\u0e23"},{"No.":13468,"announce_date":"1\/24\/2021","notification_date":1611360000000,"sex":null,"age":null,"nationality":null,"province_of_isolation":"\u0e2a\u0e21\u0e38\u0e17\u0e23\u0e2a\u0e32\u0e04\u0e23","province_of_onset":"\u0e2a\u0e21\u0e38\u0e17\u0e23\u0e2a\u0e32\u0e04\u0e23","district_of_onset":null,"risk":"Cluster \u0e2a\u0e21\u0e38\u0e17\u0e23\u0e2a\u0e32\u0e04\u0e23"},{"No.":13469,"announce_date":"1\/24\/2021","notification_date":1611360000000,"sex":null,"age":null,"nationality":null,"province_of_isolation":"\u0e2a\u0e21\u0e38\u0e17\u0e23\u0e2a\u0e32\u0e04\u0e23","province_of_onset":"\u0e2a\u0e21\u0e38\u0e17\u0e23\u0e2a\u0e32\u0e04\u0e23","district_of_onset":null,"risk":"Cluster \u0e2a\u0e21\u0e38\u0e17\u0e23\u0e2a\u0e32\u0e04\u0e23"},{"No.":13470,"announce_date":"1\/24\/2021","notification_date":1611360000000,"sex":null,"age":null,"nationality":null,"province_of_isolation":"\u0e2a\u0e21\u0e38\u0e17\u0e23\u0e2a\u0e32\u0e04\u0e23","province_of_onset":"\u0e2a\u0e21\u0e38\u0e17\u0e23\u0e2a\u0e32\u0e04\u0e23","district_of_onset":null,"risk":"Cluster \u0e2a\u0e21\u0e38\u0e17\u0e23\u0e2a\u0e32\u0e04\u0e23"},{"No.":13471,"announce_date":"1\/24\/2021","notification_date":1611360000000,"sex":null,"age":null,"nationality":null,"province_of_isolation":"\u0e2a\u0e21\u0e38\u0e17\u0e23\u0e2a\u0e32\u0e04\u0e23","province_of_onset":"\u0e2a\u0e21\u0e38\u0e17\u0e23\u0e2a\u0e32\u0e04\u0e23","district_of_onset":null,"risk":"Cluster \u0e2a\u0e21\u0e38\u0e17\u0e23\u0e2a\u0e32\u0e04\u0e23"},{"No.":13472,"announce_date":"1\/24\/2021","notification_date":1611360000000,"sex":null,"age":null,"nationality":null,"province_of_isolation":"\u0e2a\u0e21\u0e38\u0e17\u0e23\u0e2a\u0e32\u0e04\u0e23","province_of_onset":"\u0e2a\u0e21\u0e38\u0e17\u0e23\u0e2a\u0e32\u0e04\u0e23","district_of_onset":null,"risk":"Cluster \u0e2a\u0e21\u0e38\u0e17\u0e23\u0e2a\u0e32\u0e04\u0e23"},{"No.":13473,"announce_date":"1\/24\/2021","notification_date":1611360000000,"sex":null,"age":null,"nationality":null,"province_of_isolation":"\u0e2a\u0e21\u0e38\u0e17\u0e23\u0e2a\u0e32\u0e04\u0e23","province_of_onset":"\u0e2a\u0e21\u0e38\u0e17\u0e23\u0e2a\u0e32\u0e04\u0e23","district_of_onset":null,"risk":"Cluster \u0e2a\u0e21\u0e38\u0e17\u0e23\u0e2a\u0e32\u0e04\u0e23"},{"No.":13474,"announce_date":"1\/24\/2021","notification_date":1611360000000,"sex":null,"age":null,"nationality":null,"province_of_isolation":"\u0e2a\u0e21\u0e38\u0e17\u0e23\u0e2a\u0e32\u0e04\u0e23","province_of_onset":"\u0e2a\u0e21\u0e38\u0e17\u0e23\u0e2a\u0e32\u0e04\u0e23","district_of_onset":null,"risk":"Cluster \u0e2a\u0e21\u0e38\u0e17\u0e23\u0e2a\u0e32\u0e04\u0e23"},{"No.":13475,"announce_date":"1\/24\/2021","notification_date":1611360000000,"sex":null,"age":null,"nationality":null,"province_of_isolation":"\u0e2a\u0e21\u0e38\u0e17\u0e23\u0e2a\u0e32\u0e04\u0e23","province_of_onset":"\u0e2a\u0e21\u0e38\u0e17\u0e23\u0e2a\u0e32\u0e04\u0e23","district_of_onset":null,"risk":"Cluster \u0e2a\u0e21\u0e38\u0e17\u0e23\u0e2a\u0e32\u0e04\u0e23"},{"No.":13476,"announce_date":"1\/24\/2021","notification_date":1611360000000,"sex":null,"age":null,"nationality":null,"province_of_isolation":"\u0e2a\u0e21\u0e38\u0e17\u0e23\u0e2a\u0e32\u0e04\u0e23","province_of_onset":"\u0e2a\u0e21\u0e38\u0e17\u0e23\u0e2a\u0e32\u0e04\u0e23","district_of_onset":null,"risk":"Cluster \u0e2a\u0e21\u0e38\u0e17\u0e23\u0e2a\u0e32\u0e04\u0e23"},{"No.":13477,"announce_date":"1\/24\/2021","notification_date":1611360000000,"sex":null,"age":null,"nationality":null,"province_of_isolation":"\u0e2a\u0e21\u0e38\u0e17\u0e23\u0e2a\u0e32\u0e04\u0e23","province_of_onset":"\u0e2a\u0e21\u0e38\u0e17\u0e23\u0e2a\u0e32\u0e04\u0e23","district_of_onset":null,"risk":"Cluster \u0e2a\u0e21\u0e38\u0e17\u0e23\u0e2a\u0e32\u0e04\u0e23"},{"No.":13478,"announce_date":"1\/24\/2021","notification_date":1611360000000,"sex":null,"age":null,"nationality":null,"province_of_isolation":"\u0e2a\u0e21\u0e38\u0e17\u0e23\u0e2a\u0e32\u0e04\u0e23","province_of_onset":"\u0e2a\u0e21\u0e38\u0e17\u0e23\u0e2a\u0e32\u0e04\u0e23","district_of_onset":null,"risk":"Cluster \u0e2a\u0e21\u0e38\u0e17\u0e23\u0e2a\u0e32\u0e04\u0e23"},{"No.":13479,"announce_date":"1\/24\/2021","notification_date":1611360000000,"sex":null,"age":null,"nationality":null,"province_of_isolation":"\u0e2a\u0e21\u0e38\u0e17\u0e23\u0e2a\u0e32\u0e04\u0e23","province_of_onset":"\u0e2a\u0e21\u0e38\u0e17\u0e23\u0e2a\u0e32\u0e04\u0e23","district_of_onset":null,"risk":"Cluster \u0e2a\u0e21\u0e38\u0e17\u0e23\u0e2a\u0e32\u0e04\u0e23"},{"No.":13480,"announce_date":"1\/24\/2021","notification_date":1611360000000,"sex":null,"age":null,"nationality":null,"province_of_isolation":"\u0e2a\u0e21\u0e38\u0e17\u0e23\u0e2a\u0e32\u0e04\u0e23","province_of_onset":"\u0e2a\u0e21\u0e38\u0e17\u0e23\u0e2a\u0e32\u0e04\u0e23","district_of_onset":null,"risk":"Cluster \u0e2a\u0e21\u0e38\u0e17\u0e23\u0e2a\u0e32\u0e04\u0e23"},{"No.":13481,"announce_date":"1\/24\/2021","notification_date":1611360000000,"sex":null,"age":null,"nationality":null,"province_of_isolation":"\u0e2a\u0e21\u0e38\u0e17\u0e23\u0e2a\u0e32\u0e04\u0e23","province_of_onset":"\u0e2a\u0e21\u0e38\u0e17\u0e23\u0e2a\u0e32\u0e04\u0e23","district_of_onset":null,"risk":"Cluster \u0e2a\u0e21\u0e38\u0e17\u0e23\u0e2a\u0e32\u0e04\u0e23"},{"No.":13482,"announce_date":"1\/24\/2021","notification_date":1611360000000,"sex":null,"age":null,"nationality":null,"province_of_isolation":"\u0e2a\u0e21\u0e38\u0e17\u0e23\u0e2a\u0e32\u0e04\u0e23","province_of_onset":"\u0e2a\u0e21\u0e38\u0e17\u0e23\u0e2a\u0e32\u0e04\u0e23","district_of_onset":null,"risk":"Cluster \u0e2a\u0e21\u0e38\u0e17\u0e23\u0e2a\u0e32\u0e04\u0e23"},{"No.":13483,"announce_date":"1\/24\/2021","notification_date":1611360000000,"sex":null,"age":null,"nationality":null,"province_of_isolation":"\u0e2a\u0e21\u0e38\u0e17\u0e23\u0e2a\u0e32\u0e04\u0e23","province_of_onset":"\u0e2a\u0e21\u0e38\u0e17\u0e23\u0e2a\u0e32\u0e04\u0e23","district_of_onset":null,"risk":"Cluster \u0e2a\u0e21\u0e38\u0e17\u0e23\u0e2a\u0e32\u0e04\u0e23"},{"No.":13484,"announce_date":"1\/24\/2021","notification_date":1611360000000,"sex":null,"age":null,"nationality":null,"province_of_isolation":"\u0e2a\u0e21\u0e38\u0e17\u0e23\u0e2a\u0e32\u0e04\u0e23","province_of_onset":"\u0e2a\u0e21\u0e38\u0e17\u0e23\u0e2a\u0e32\u0e04\u0e23","district_of_onset":null,"risk":"Cluster \u0e2a\u0e21\u0e38\u0e17\u0e23\u0e2a\u0e32\u0e04\u0e23"},{"No.":13485,"announce_date":"1\/24\/2021","notification_date":1611360000000,"sex":null,"age":null,"nationality":null,"province_of_isolation":"\u0e2a\u0e21\u0e38\u0e17\u0e23\u0e2a\u0e32\u0e04\u0e23","province_of_onset":"\u0e2a\u0e21\u0e38\u0e17\u0e23\u0e2a\u0e32\u0e04\u0e23","district_of_onset":null,"risk":"Cluster \u0e2a\u0e21\u0e38\u0e17\u0e23\u0e2a\u0e32\u0e04\u0e23"},{"No.":13486,"announce_date":"1\/24\/2021","notification_date":1611360000000,"sex":null,"age":null,"nationality":null,"province_of_isolation":"\u0e2a\u0e21\u0e38\u0e17\u0e23\u0e2a\u0e32\u0e04\u0e23","province_of_onset":"\u0e2a\u0e21\u0e38\u0e17\u0e23\u0e2a\u0e32\u0e04\u0e23","district_of_onset":null,"risk":"Cluster \u0e2a\u0e21\u0e38\u0e17\u0e23\u0e2a\u0e32\u0e04\u0e23"},{"No.":13487,"announce_date":"1\/24\/2021","notification_date":1611360000000,"sex":"\u0e2b\u0e0d\u0e34\u0e07","age":22.0,"nationality":"Thailand","province_of_isolation":"\u0e0a\u0e25\u0e1a\u0e38\u0e23\u0e35","province_of_onset":"\u0e0a\u0e25\u0e1a\u0e38\u0e23\u0e35","district_of_onset":"\u0e1a\u0e32\u0e07\u0e25\u0e30\u0e21\u0e38\u0e07","risk":"State Quarantine"},{"No.":13488,"announce_date":"1\/24\/2021","notification_date":1611360000000,"sex":"\u0e2b\u0e0d\u0e34\u0e07","age":16.0,"nationality":"Thailand","province_of_isolation":"\u0e23\u0e30\u0e22\u0e2d\u0e07","province_of_onset":"\u0e23\u0e30\u0e22\u0e2d\u0e07","district_of_onset":"\u0e1b\u0e32\u0e01\u0e19\u0e49\u0e33","risk":"\u0e23\u0e30\u0e1a\u0e38\u0e44\u0e21\u0e48\u0e44\u0e14\u0e49"},{"No.":13489,"announce_date":"1\/24\/2021","notification_date":1611360000000,"sex":"\u0e2b\u0e0d\u0e34\u0e07","age":5.0,"nationality":"Thailand","province_of_isolation":"\u0e2a\u0e21\u0e38\u0e17\u0e23\u0e1b\u0e23\u0e32\u0e01\u0e32\u0e23","province_of_onset":"\u0e01\u0e23\u0e38\u0e07\u0e40\u0e17\u0e1e\u0e21\u0e2b\u0e32\u0e19\u0e04\u0e23","district_of_onset":"\u0e25\u0e32\u0e14\u0e1e\u0e23\u0e49\u0e32\u0e27","risk":"\u0e2a\u0e31\u0e21\u0e1c\u0e31\u0e2a\u0e43\u0e01\u0e25\u0e49\u0e0a\u0e34\u0e14\u0e01\u0e31\u0e1a\u0e1c\u0e39\u0e49\u0e1b\u0e48\u0e27\u0e22\u0e22\u0e37\u0e19\u0e22\u0e31\u0e19\u0e23\u0e32\u0e22\u0e01\u0e48\u0e2d\u0e19\u0e2b\u0e19\u0e49\u0e32\u0e19\u0e35\u0e49"},{"No.":13490,"announce_date":"1\/24\/2021","notification_date":1611360000000,"sex":"\u0e0a\u0e32\u0e22","age":26.0,"nationality":"Thailand","province_of_isolation":"\u0e2a\u0e21\u0e38\u0e17\u0e23\u0e1b\u0e23\u0e32\u0e01\u0e32\u0e23","province_of_onset":"\u0e01\u0e23\u0e38\u0e07\u0e40\u0e17\u0e1e\u0e21\u0e2b\u0e32\u0e19\u0e04\u0e23","district_of_onset":"\u0e14\u0e34\u0e19\u0e41\u0e14\u0e07","risk":"\u0e44\u0e1b\u0e2a\u0e16\u0e32\u0e19\u0e17\u0e35\u0e48\u0e0a\u0e38\u0e21\u0e0a\u0e19 \u0e40\u0e0a\u0e48\u0e19 \u0e15\u0e25\u0e32\u0e14\u0e19\u0e31\u0e14 \u0e2a\u0e16\u0e32\u0e19\u0e17\u0e35\u0e48\u0e17\u0e48\u0e2d\u0e07\u0e40\u0e17\u0e35\u0e48\u0e22\u0e27"},{"No.":13491,"announce_date":"1\/24\/2021","notification_date":1611360000000,"sex":"\u0e2b\u0e0d\u0e34\u0e07","age":51.0,"nationality":"Thailand","province_of_isolation":"\u0e2a\u0e21\u0e38\u0e17\u0e23\u0e1b\u0e23\u0e32\u0e01\u0e32\u0e23","province_of_onset":"\u0e01\u0e23\u0e38\u0e07\u0e40\u0e17\u0e1e\u0e21\u0e2b\u0e32\u0e19\u0e04\u0e23","district_of_onset":"\u0e25\u0e32\u0e14\u0e1e\u0e23\u0e49\u0e32\u0e27","risk":"\u0e2d\u0e37\u0e48\u0e19\u0e46"},{"No.":13492,"announce_date":"1\/24\/2021","notification_date":1611360000000,"sex":"\u0e0a\u0e32\u0e22","age":44.0,"nationality":"Thailand","province_of_isolation":"\u0e2a\u0e21\u0e38\u0e17\u0e23\u0e1b\u0e23\u0e32\u0e01\u0e32\u0e23","province_of_onset":"\u0e01\u0e23\u0e38\u0e07\u0e40\u0e17\u0e1e\u0e21\u0e2b\u0e32\u0e19\u0e04\u0e23","district_of_onset":"\u0e08\u0e31\u0e01\u0e23\u0e27\u0e23\u0e23\u0e14\u0e34","risk":"\u0e2a\u0e31\u0e21\u0e1c\u0e31\u0e2a\u0e43\u0e01\u0e25\u0e49\u0e0a\u0e34\u0e14\u0e01\u0e31\u0e1a\u0e1c\u0e39\u0e49\u0e1b\u0e48\u0e27\u0e22\u0e22\u0e37\u0e19\u0e22\u0e31\u0e19\u0e23\u0e32\u0e22\u0e01\u0e48\u0e2d\u0e19\u0e2b\u0e19\u0e49\u0e32\u0e19\u0e35\u0e49"},{"No.":13493,"announce_date":"1\/24\/2021","notification_date":1611360000000,"sex":"\u0e2b\u0e0d\u0e34\u0e07","age":33.0,"nationality":"Thailand","province_of_isolation":"\u0e2a\u0e21\u0e38\u0e17\u0e23\u0e1b\u0e23\u0e32\u0e01\u0e32\u0e23","province_of_onset":"\u0e2a\u0e21\u0e38\u0e17\u0e23\u0e2a\u0e32\u0e04\u0e23","district_of_onset":"\u0e40\u0e21\u0e37\u0e2d\u0e07\u0e2a\u0e21\u0e38\u0e17\u0e23\u0e2a\u0e32\u0e04\u0e23","risk":"\u0e2a\u0e31\u0e21\u0e1c\u0e31\u0e2a\u0e43\u0e01\u0e25\u0e49\u0e0a\u0e34\u0e14\u0e01\u0e31\u0e1a\u0e1c\u0e39\u0e49\u0e1b\u0e48\u0e27\u0e22\u0e22\u0e37\u0e19\u0e22\u0e31\u0e19\u0e23\u0e32\u0e22\u0e01\u0e48\u0e2d\u0e19\u0e2b\u0e19\u0e49\u0e32\u0e19\u0e35\u0e49"},{"No.":13494,"announce_date":"1\/24\/2021","notification_date":1611360000000,"sex":"\u0e2b\u0e0d\u0e34\u0e07","age":41.0,"nationality":"Thailand","province_of_isolation":"\u0e2a\u0e21\u0e38\u0e17\u0e23\u0e1b\u0e23\u0e32\u0e01\u0e32\u0e23","province_of_onset":"\u0e01\u0e23\u0e38\u0e07\u0e40\u0e17\u0e1e\u0e21\u0e2b\u0e32\u0e19\u0e04\u0e23","district_of_onset":"\u0e04\u0e25\u0e2d\u0e07\u0e01\u0e38\u0e48\u0e21","risk":"\u0e2a\u0e31\u0e21\u0e1c\u0e31\u0e2a\u0e43\u0e01\u0e25\u0e49\u0e0a\u0e34\u0e14\u0e01\u0e31\u0e1a\u0e1c\u0e39\u0e49\u0e1b\u0e48\u0e27\u0e22\u0e22\u0e37\u0e19\u0e22\u0e31\u0e19\u0e23\u0e32\u0e22\u0e01\u0e48\u0e2d\u0e19\u0e2b\u0e19\u0e49\u0e32\u0e19\u0e35\u0e49"},{"No.":13495,"announce_date":"1\/24\/2021","notification_date":1611360000000,"sex":"\u0e2b\u0e0d\u0e34\u0e07","age":33.0,"nationality":"Thailand","province_of_isolation":"\u0e2a\u0e21\u0e38\u0e17\u0e23\u0e1b\u0e23\u0e32\u0e01\u0e32\u0e23","province_of_onset":"\u0e01\u0e23\u0e38\u0e07\u0e40\u0e17\u0e1e\u0e21\u0e2b\u0e32\u0e19\u0e04\u0e23","district_of_onset":"\u0e1a\u0e32\u0e07\u0e01\u0e30\u0e1b\u0e34","risk":"\u0e2a\u0e31\u0e21\u0e1c\u0e31\u0e2a\u0e43\u0e01\u0e25\u0e49\u0e0a\u0e34\u0e14\u0e01\u0e31\u0e1a\u0e1c\u0e39\u0e49\u0e1b\u0e48\u0e27\u0e22\u0e22\u0e37\u0e19\u0e22\u0e31\u0e19\u0e23\u0e32\u0e22\u0e01\u0e48\u0e2d\u0e19\u0e2b\u0e19\u0e49\u0e32\u0e19\u0e35\u0e49"},{"No.":13496,"announce_date":"1\/24\/2021","notification_date":1611360000000,"sex":"\u0e2b\u0e0d\u0e34\u0e07","age":49.0,"nationality":"Thailand","province_of_isolation":"\u0e2a\u0e21\u0e38\u0e17\u0e23\u0e1b\u0e23\u0e32\u0e01\u0e32\u0e23","province_of_onset":"\u0e01\u0e23\u0e38\u0e07\u0e40\u0e17\u0e1e\u0e21\u0e2b\u0e32\u0e19\u0e04\u0e23","district_of_onset":"\u0e1a\u0e32\u0e07\u0e0b\u0e37\u0e48\u0e2d","risk":"\u0e23\u0e30\u0e1a\u0e38\u0e44\u0e21\u0e48\u0e44\u0e14\u0e49"},{"No.":13497,"announce_date":"1\/24\/2021","notification_date":1611360000000,"sex":"\u0e0a\u0e32\u0e22","age":31.0,"nationality":"Thailand","province_of_isolation":"\u0e2a\u0e21\u0e38\u0e17\u0e23\u0e1b\u0e23\u0e32\u0e01\u0e32\u0e23","province_of_onset":"\u0e01\u0e23\u0e38\u0e07\u0e40\u0e17\u0e1e\u0e21\u0e2b\u0e32\u0e19\u0e04\u0e23","district_of_onset":"\u0e25\u0e32\u0e14\u0e1e\u0e23\u0e49\u0e32\u0e27","risk":"\u0e2a\u0e31\u0e21\u0e1c\u0e31\u0e2a\u0e43\u0e01\u0e25\u0e49\u0e0a\u0e34\u0e14\u0e01\u0e31\u0e1a\u0e1c\u0e39\u0e49\u0e1b\u0e48\u0e27\u0e22\u0e22\u0e37\u0e19\u0e22\u0e31\u0e19\u0e23\u0e32\u0e22\u0e01\u0e48\u0e2d\u0e19\u0e2b\u0e19\u0e49\u0e32\u0e19\u0e35\u0e49"},{"No.":13498,"announce_date":"1\/24\/2021","notification_date":1611360000000,"sex":"\u0e0a\u0e32\u0e22","age":45.0,"nationality":"Thailand","province_of_isolation":"\u0e2a\u0e21\u0e38\u0e17\u0e23\u0e1b\u0e23\u0e32\u0e01\u0e32\u0e23","province_of_onset":"\u0e01\u0e23\u0e38\u0e07\u0e40\u0e17\u0e1e\u0e21\u0e2b\u0e32\u0e19\u0e04\u0e23","district_of_onset":"\u0e14\u0e34\u0e19\u0e41\u0e14\u0e07","risk":"\u0e2a\u0e31\u0e21\u0e1c\u0e31\u0e2a\u0e43\u0e01\u0e25\u0e49\u0e0a\u0e34\u0e14\u0e01\u0e31\u0e1a\u0e1c\u0e39\u0e49\u0e1b\u0e48\u0e27\u0e22\u0e22\u0e37\u0e19\u0e22\u0e31\u0e19\u0e23\u0e32\u0e22\u0e01\u0e48\u0e2d\u0e19\u0e2b\u0e19\u0e49\u0e32\u0e19\u0e35\u0e49"},{"No.":13499,"announce_date":"1\/24\/2021","notification_date":1611360000000,"sex":"\u0e2b\u0e0d\u0e34\u0e07","age":29.0,"nationality":"Thailand","province_of_isolation":"\u0e2a\u0e21\u0e38\u0e17\u0e23\u0e1b\u0e23\u0e32\u0e01\u0e32\u0e23","province_of_onset":"\u0e01\u0e23\u0e38\u0e07\u0e40\u0e17\u0e1e\u0e21\u0e2b\u0e32\u0e19\u0e04\u0e23","district_of_onset":"\u0e04\u0e31\u0e19\u0e19\u0e32\u0e22\u0e32\u0e27","risk":"\u0e44\u0e1b\u0e2a\u0e16\u0e32\u0e19\u0e17\u0e35\u0e48\u0e0a\u0e38\u0e21\u0e0a\u0e19 \u0e40\u0e0a\u0e48\u0e19 \u0e15\u0e25\u0e32\u0e14\u0e19\u0e31\u0e14 \u0e2a\u0e16\u0e32\u0e19\u0e17\u0e35\u0e48\u0e17\u0e48\u0e2d\u0e07\u0e40\u0e17\u0e35\u0e48\u0e22\u0e27"},{"No.":13500,"announce_date":"1\/24\/2021","notification_date":1611360000000,"sex":"\u0e2b\u0e0d\u0e34\u0e07","age":44.0,"nationality":"Thailand","province_of_isolation":"\u0e2a\u0e21\u0e38\u0e17\u0e23\u0e1b\u0e23\u0e32\u0e01\u0e32\u0e23","province_of_onset":"\u0e01\u0e23\u0e38\u0e07\u0e40\u0e17\u0e1e\u0e21\u0e2b\u0e32\u0e19\u0e04\u0e23","district_of_onset":"\u0e2a\u0e32\u0e21\u0e40\u0e2a\u0e19\u0e19\u0e2d\u0e01","risk":"\u0e2a\u0e31\u0e21\u0e1c\u0e31\u0e2a\u0e43\u0e01\u0e25\u0e49\u0e0a\u0e34\u0e14\u0e01\u0e31\u0e1a\u0e1c\u0e39\u0e49\u0e1b\u0e48\u0e27\u0e22\u0e22\u0e37\u0e19\u0e22\u0e31\u0e19\u0e23\u0e32\u0e22\u0e01\u0e48\u0e2d\u0e19\u0e2b\u0e19\u0e49\u0e32\u0e19\u0e35\u0e49"}]